etID  | Proto-Indo-European | Proto-Balkan-Indo-European | Archaic Proto-Albanian | Classical Proto-Albanian | Middle Proto-Albanian I | Middle Proto-Albanian II | Late Proto-Albanian I | Late Proto-Albanian II | Late Proto-Albanian III | Proto-Tosk-SGheg | Proto-Tosk | Old North Tosk | Output {GOLD}
0      | ... | ... | ... | ... | ... | ... | ... | ... | ... | *#ˌaɾɡˈɔva# | *#ˌaɾɡˈɔva# | *#ˌaɾɡˈɔvə# | *#aɾɡˈɔvə# {GOLD: #aɾɡˈɔvə#}
1      | ... | ... | ... | ... | ... | ... | ... | ... | ... | *#ˌaɾɡˈɔva# | *#ˌaɾɡˈɔva# | *#ˌaɾɡˈɔvə# | *#aɾɡˈɔvə# {GOLD: #aɾɡˈɔvə#}
2      | ... | ... | ... | ... | ... | ... | ... | ... | ... | *#ˌaɾkˈita# | *#ˌaɾkˈita# | *#ˌaɾkˈitə# | *#aɾcˈitə# {GOLD: #aɾcˈitə#}
3      | ... | ... | ... | ... | ... | ... | ... | ... | ... | *#ˌaɾdɛnˈit͡sa# | *#ˌaɾdɛnˈit͡sa# | *#ˌaɾdɛnˈit͡sə# | *#aɾdɛnˈit͡sə# {GOLD: #aɾdɛnˈit͡sə#}
4      | ... | ... | ... | ... | ... | ... | ... | *#ˌɑwˈitɪ# | *#ˌɑwˈit# | *#ˌawˈit# | *#ˌavˈit# | *#ˌavˈit# | *#avˈit# {GOLD: #avˈit#}
5      | ... | ... | ... | ... | ... | ... | ... | *#xˌɑrˌɑbˈɪlɪ# | *#xˌɑrˌɑbˈɛːl# | *#xˌaɾˌabˈɛːl# | *#hˌaɾˌabˈɛːl# | *#hˌaɾˌabˈɛl# | *#haɾabˈɛl# {GOLD: #haɾabˈɛl#}
6      | ... | ... | ... | ... | ... | ... | ... | ... | ... | *#xˌabˈit# | *#hˌabˈit# | *#hˌabˈit# | *#habˈit# {GOLD: #habˈit#}
7      | ... | ... | ... | ... | ... | ... | ... | ... | ... | *#xˌitˈat# | *#hˌitˈat# | *#hˌitˈat# | *#hitˈat# {GOLD: #hitˈat#}
8      | ... | ... | ... | ... | ... | ... | ... | *#xˌɒːrˌɑmˈɒwɑ# | *#xˌɒːrˌɔ̃mˈɒwɑ# | *#xˌɔːɾˌɔ̃mˈɔwa# | *#hˌɔːɾˌɔ̃mˈɔva# | *#hˌɔɾˌɔmˈɔvə# | *#hɔɾɔmˈɔvə# {GOLD: #hɔɾmˈɔvə#}
9      | ... | ... | ... | ... | ... | ... | ... | ... | ... | *#xˈɔːɾa# | *#hˈɔːɾa# | *#hˈɔɾə# | *#hˈɔɾə# {GOLD: #hˈɔɾə#}
10     | ... | ... | ... | ... | ... | ... | ... | ... | ... | *#xˌukˈat# | *#hˌukˈat# | *#hˌukˈat# | *#hukˈat# {GOLD: #hukˈat#}
11     | ... | ... | ... | ... | ... | ... | ... | ... | ... | *#jˌaɾˈina# | *#jˌaɾˈina# | *#jˌaɾˈinə# | *#jaɾˈinə# {GOLD: #jaɾˈinə#}
12     | ... | ... | ... | ... | ... | ... | ... | *#jˌɑrˈɔː# | *#jˌɑrˈuo̯# | *#jˌaɾˈuo̯# | *#jˌaɾˈua̯# | *#jˌaɾˈua̯# | *#jaɾˈua̯# {GOLD: #jaɾˈua̯#}
13     | ... | ... | ... | ... | ... | ... | ... | *#ˈæːzə# | *#ˈæːz# | *#ˈɛːz# | *#ˈɛːz# | *#ˈɛz# | *#ˈɛz# {GOLD: #jˈaz#}
14     | ... | ... | ... | ... | ... | ... | ... | ... | ... | *#jˈaɾm# | *#jˈaɾm# | *#jˈaɾm# | *#jˈaɾm# {GOLD: #jˈaɾm#}
15     | ... | ... | ... | ... | ... | ... | ... | ... | ... | *#ˈɛzɾ̩# | *#ˈɛzɾ̩# | *#ˈɛzɾ̩# | *#ˈɛzəɾ# {GOLD: #jˈɛzɛɾ#}
16     | ... | ... | ... | ... | ... | ... | ... | ... | ... | *#jˈuɡ# | *#jˈuɡ# | *#jˈuɡ# | *#jˈuɡ# {GOLD: #jˈuɡ#}
17     | ... | ... | ... | ... | ... | ... | ... | ... | ... | *#jˈud# | *#jˈud# | *#jˈud# | *#jˈud# {GOLD: #jˈud#}
18     | ... | ... | ... | ... | ... | ... | ... | ... | ... | *#jˈiskɾ̩# | *#jˈiskɾ̩# | *#jˈiskɾ̩# | *#jˈiskəɾ# {GOLD: #ˈiskəɾ#}
19     | ... | ... | ... | ... | ... | ... | ... | ... | ... | *#ˈiva# | *#ˈiva# | *#ˈivə# | *#ˈivə# {GOLD: #ˈivə#}
20     | ... | ... | ... | ... | ... | ... | ... | ... | ... | *#ˌɔpkˈita# | *#ˌɔpkˈita# | *#ˌɔpkˈitə# | *#ɔpcˈitə# {GOLD: #ɔkˈitə#}
21     | ... | ... | ... | ... | ... | ... | ... | *#ˌɒɡrˈɒdjɑ# | *#ˌɒɡrˈɒʎɑ# | *#ˌɔɡɾˈɔʎa# | *#ˌɔɡɾˈɔʎa# | *#ˌɔɡɾˈɔjə# | *#ɔɡɾˈɔjə# {GOLD: #ɔɡɾˈajə#}
22     | ... | ... | ... | ... | ... | ... | ... | ... | ... | *#ˌɔtˈava# | *#ˌɔtˈava# | *#ˌɔtˈavə# | *#ɔtˈavə# {GOLD: #ɔtˈavə#}
23     | ... | ... | ... | ... | ... | ... | ... | *#ˌɒrɑndˈɪjɛ# | *#ˌɒrə̃ndˈɪː# | *#ˌɔɾə̃ndˈi# | *#ˌɔɾə̃ndˈi# | *#ˌɔɾəndˈi# | *#ɔɾəndˈi# {GOLD: #ɔɾəndˈi#}
24     | ... | ... | ... | ... | ... | ... | ... | ... | ... | *#ˌɔbɾˈɔk# | *#ˌɔbɾˈɔk# | *#ˌɔbɾˈɔk# | *#ɔbɾˈɔk# {GOLD: #ɔɾˈɔk#}
25     | ... | ... | ... | ... | ... | ... | ... | *#ˌɔpˈɪnkɑ# | *#ˌɔpˈɪ̃ŋɡɑ# | *#ˌɔpˈãŋɡa# | *#ˌɔpˈə̃ŋɡa# | *#ˌɔpˈəŋɡə# | *#ɔpˈəŋɡə# {GOLD: #ɔpˈəŋɡə#}
26     | ... | ... | ... | ... | ... | ... | ... | ... | ... | *#ˌɔbˈɔɾ# | *#ˌɔbˈɔɾ# | *#ˌɔbˈɔɾ# | *#ɔbˈɔɾ# {GOLD: #ɔbˈɔr#}
27     | ... | ... | ... | ... | ... | ... | ... | *#ˌɒblˈɑnkə# | *#ˌɒblˈɑ̃ŋɡ# | *#ˌɔblˈãŋɡ# | *#ˌɔblˈə̃ŋɡ# | *#ˌɔblˈəŋɡ# | *#ɔblˈəŋɡ# {GOLD: #ɔblˈəŋɡ#}
28     | ... | ... | ... | ... | ... | ... | ... | ... | ... | *#ˈɔjiʃtɛ# | *#ˈɔjiʃtɛ# | *#ˈɔjiʃtɛ# | *#ˈɔjiʃtɛ# {GOLD: #ˈɔʃtə#}
29     | ... | ... | ... | ... | ... | ... | ... | ... | ... | *#kˌat͡ʃuɾˈɛl# | *#kˌat͡ʃuɾˈɛl# | *#kˌat͡ʃuɾˈɛl# | *#kat͡ʃuɾˈɛl# {GOLD: #kat͡ʃurˈɛl#}
30     | ... | ... | ... | ... | ... | ... | ... | ... | ... | *#kˌat͡ʃˈul# | *#kˌat͡ʃˈul# | *#kˌat͡ʃˈul# | *#kat͡ʃˈul# {GOLD: #kat͡ʃˈul#}
31     | ... | ... | ... | ... | ... | ... | ... | ... | ... | *#kˌat͡ʃˈuba# | *#kˌat͡ʃˈuba# | *#kˌat͡ʃˈubə# | *#kat͡ʃˈubə# {GOLD: #kat͡ʃˈubə#}
32     | ... | ... | ... | ... | ... | ... | ... | ... | ... | *#kˌat͡ʃˈubl̩# | *#kˌat͡ʃˈubl̩# | *#kˌat͡ʃˈubl̩# | *#kat͡ʃˈubəl# {GOLD: #kat͡ʃˈubəl#}
33     | ... | ... | ... | ... | ... | ... | ... | *#kˌɑʒˈuxə# | *#kˌɑzˈux# | *#kˌazˈux# | *#kˌazˈuh# | *#kˌazˈuh# | *#kazˈuh# {GOLD: #kaʒˈup#}
34     | ... | ... | ... | ... | ... | ... | ... | ... | ... | *#kˌadˈit# | *#kˌadˈit# | *#kˌadˈit# | *#kadˈit# {GOLD: #kadˈit#}
35     | ... | ... | ... | ... | ... | ... | ... | ... | ... | *#kˌastɾavˈɛt͡s# | *#kˌastɾavˈɛt͡s# | *#kˌastɾavˈɛt͡s# | *#kastɾavˈɛt͡s# {GOLD: #kastɾavˈɛt͡s#}
36     | ... | ... | ... | ... | ... | ... | ... | ... | ... | *#kˌasnˈɛt͡s# | *#kˌasnˈɛt͡s# | *#kˌasnˈɛt͡s# | *#kasnˈɛt͡s# {GOLD: #kasnˈɛt͡s#}
37     | ... | ... | ... | ... | ... | ... | ... | ... | ... | *#kˌaznˈɛt͡s# | *#kˌaznˈɛt͡s# | *#kˌaznˈɛt͡s# | *#kaznˈɛt͡s# {GOLD: #kasnˈɛt͡s#}
38     | ... | ... | ... | ... | ... | ... | ... | ... | ... | *#kˌalibˈɔb# | *#kˌalibˈɔb# | *#kˌalibˈɔb# | *#kalibˈɔb# {GOLD: #kalibˈɔb#}
39     | ... | ... | ... | ... | ... | ... | ... | ... | ... | *#kˌɔlˈiba# | *#kˌɔlˈiba# | *#kˌɔlˈibə# | *#kɔlˈibə# {GOLD: #kalˈibə#}
40     | ... | ... | ... | ... | ... | ... | ... | *#kˌɑrˌɑwˈɑʎɑ# | *#kˌɑrˌɑwˈɑːʎɑ# | *#kˌaɾˌawˈaːʎa# | *#kˌaɾˌavˈaːʎa# | *#kˌaɾˌavˈajə# | *#kaɾavˈajə# {GOLD: #kaɾavˈɛlə#}
41     | ... | ... | ... | ... | ... | ... | ... | *#kˌɑrˈɪt͡sɑ# | *#kˌɑrˈɪːt͡sɑ# | *#kˌaɾˈit͡sa# | *#kˌaɾˈit͡sa# | *#kˌaɾˈit͡sə# | *#kaɾˈit͡sə# {GOLD: #kaɾˈit͡sə#}
42     | ... | ... | ... | ... | ... | ... | ... | ... | ... | *#kˌəɾkˈat# | *#kˌəɾkˈat# | *#kˌəɾkˈat# | *#kəɾkˈat# {GOLD: #kaɾkˈat#}
43     | ... | ... | ... | ... | ... | ... | ... | *#kˌɑrˈutɒ# | *#kˌɑrˈut# | *#kˌaɾˈut# | *#kˌaɾˈut# | *#kˌaɾˈut# | *#kaɾˈut# {GOLD: #karˈutə#}
44     | ... | ... | ... | ... | ... | ... | ... | *#kˌɑrˈupə# | *#kˌɑrˈup# | *#kˌaɾˈup# | *#kˌaɾˈup# | *#kˌaɾˈup# | *#kaɾˈup# {GOLD: #karˈup#}
45     | ... | ... | ... | ... | ... | ... | ... | ... | ... | *#kˌapˈit# | *#kˌapˈit# | *#kˌapˈit# | *#kapˈit# {GOLD: #kapˈit#}
46     | ... | ... | ... | ... | ... | ... | ... | *#kˌɑmɛnˈit͡sɑ# | *#kˌɑ̃nːˈiːt͡sɑ# | *#kˌãnːˈiːt͡sa# | *#kˌə̃nˈiːt͡sa# | *#kˌənˈit͡sə# | *#kənˈit͡sə# {GOLD: #kamˈit͡sə#}
47     | ... | ... | ... | ... | ... | ... | ... | ... | ... | *#tkˈat͡ʃ# | *#tkˈat͡ʃ# | *#tkˈat͡ʃ# | *#tkˈat͡ʃ# {GOLD: #kˈat͡ʃ#}
48     | ... | ... | ... | ... | ... | ... | ... | *#krˌit͡ʃˈɑtɪ# | *#krsˈɑt# | *#kɾ̩sˈat# | *#ɡɾ̩sˈat# | *#ɡɾ̩sˈat# | *#ɡəɾsˈat# {GOLD: #kəɾt͡sˈat#}
49     | ... | ... | ... | ... | ... | ... | ... | *#kərt͡ʃˈuːnə# | *#kərsˈũː# | *#kɾ̩sˈũː# | *#ɡɾ̩sˈũː# | *#ɡɾ̩sˈu# | *#ɡəɾsˈu# {GOLD: #kəɾt͡sˈu#}
50     | ... | ... | ... | ... | ... | ... | ... | ... | ... | *#kˌəɾbˈat͡ʃ# | *#kˌəɾbˈat͡ʃ# | *#kˌəɾbˈat͡ʃ# | *#kəɾbˈat͡ʃ# {GOLD: #kəɾbˈat͡ʃ#}
51     | ... | ... | ... | ... | ... | ... | ... | *#kˌɑpˈuʎɑ# | *#kˌɑpˈuːʎɑ# | *#kˌapˈuːʎa# | *#kˌapˈuːʎa# | *#kˌapˈujə# | *#kapˈujə# {GOLD: #kəpˈujə#}
52     | ... | ... | ... | ... | ... | ... | ... | *#kˌɑmˈiʃtɪ# | *#kˌɑ̃mˈiːʃt# | *#kˌãmˈiːʃt# | *#kˌə̃mˈiːʃt# | *#kˌəmˈiʃt# | *#kəmˈiʃt# {GOLD: #kəmˈiʃt#}
53     | ... | ... | ... | ... | ... | ... | ... | ... | ... | *#kˈəlˠk# | *#kˈəlˠk# | *#kˈəlˠk# | *#kˈəlˠk# {GOLD: #kˈəlˠk#}
54     | ... | ... | ... | ... | ... | ... | ... | *#kˈɑntə# | *#kˈɑ̃nd# | *#kˈãnd# | *#kˈə̃nd# | *#kˈənd# | *#kˈənd# {GOLD: #kˈənd#}
55     | ... | ... | ... | ... | ... | ... | ... | *#kˈʊrt͡ʃɪ# | *#kˈɔːʷrs# | *#kˈəɾs# | *#kˈəɾt͡s# | *#kˈəɾt͡s# | *#kˈəɾt͡s# {GOLD: #kˈəɾt͡s#}
56     | ... | ... | ... | ... | ... | ... | ... | ... | ... | *#kˈəɾpa# | *#kˈəɾpa# | *#kˈəɾpə# | *#kˈəɾpə# {GOLD: #kˈəɾpə#}
57     | ... | ... | ... | ... | ... | ... | ... | ... | ... | *#kʎˈut͡ʃ# | *#kʎˈut͡ʃ# | *#cˈut͡ʃ# | *#cˈut͡ʃ# {GOLD: #kˈyt͡ʃ#}
58     | ... | ... | ... | ... | ... | ... | ... | ... | ... | *#kˌɔ̃kˈɔl# | *#kˌɔ̃kˈɔl# | *#kˌɔkˈɔl# | *#kɔkˈɔl# {GOLD: #kɔŋkˈɔl#}
59     | ... | ... | ... | ... | ... | ... | ... | ... | ... | *#kˌɔsˈit# | *#kˌɔsˈit# | *#kˌɔsˈit# | *#kɔsˈit# {GOLD: #kɔsˈit#}
60     | ... | ... | ... | ... | ... | ... | ... | ... | ... | *#kˌɔsˈɔɾ# | *#kˌɔsˈɔɾ# | *#kˌɔsˈɔɾ# | *#kɔsˈɔɾ# {GOLD: #kɔsˈɔɾɛ#}
61     | ... | ... | ... | ... | ... | ... | ... | *#kˌɑlˈɛʃkɑ# | *#kˌɑlˈɛːʃkɑ# | *#kˌalˈɛːʃka# | *#kˌalˈɛːʃka# | *#kˌalˈɛʃkə# | *#kalˈɛʃkə# {GOLD: #kɔlˈɛʃkə#}
62     | ... | ... | ... | ... | ... | ... | ... | ... | ... | *#kˌɔlˈiba# | *#kˌɔlˈiba# | *#kˌɔlˈibə# | *#kɔlˈibə# {GOLD: #kɔlˈibɛ#}
63     | ... | ... | ... | ... | ... | ... | ... | ... | ... | *#kˌɔɾˈit# | *#kˌɔɾˈit# | *#kˌɔɾˈit# | *#kɔɾˈit# {GOLD: #kɔɾˈit#}
64     | ... | ... | ... | ... | ... | ... | ... | ... | ... | *#kˌɔɾˈitɔ# | *#kˌɔɾˈitɔ# | *#kˌɔɾˈitə# | *#kɔɾˈitə# {GOLD: #kɔɾˈitə#}
65     | ... | ... | ... | ... | ... | ... | ... | ... | ... | *#kˌɔɾˈuba# | *#kˌɔɾˈuba# | *#kˌɔɾˈubə# | *#kɔɾˈubə# {GOLD: #kɔɾˈubə#}
66     | ... | ... | ... | ... | ... | ... | ... | ... | ... | *#kˌɔpˈit͡sa# | *#kˌɔpˈit͡sa# | *#kˌɔpˈit͡sə# | *#kɔpˈit͡sə# {GOLD: #kɔpˈit͡sə#}
67     | ... | ... | ... | ... | ... | ... | ... | ... | ... | *#kˌɔpˈil# | *#kˌɔpˈil# | *#kˌɔpˈil# | *#kɔpˈil# {GOLD: #kɔpˈil#}
68     | ... | ... | ... | ... | ... | ... | ... | ... | ... | *#kˌɔvˈat͡ʃ# | *#kˌɔvˈat͡ʃ# | *#kˌɔvˈat͡ʃ# | *#kɔvˈat͡ʃ# {GOLD: #kɔvˈat͡ʃ#}
69     | ... | ... | ... | ... | ... | ... | ... | ... | ... | *#kˈɔl# | *#kˈɔl# | *#kˈɔl# | *#kˈɔl# {GOLD: #kˈɔlˠ#}
70     | ... | ... | ... | ... | ... | ... | ... | ... | ... | *#kˈɔʃ# | *#kˈɔʃ# | *#kˈɔʃ# | *#kˈɔʃ# {GOLD: #kˈɔʃ#}
71     | ... | ... | ... | ... | ... | ... | ... | ... | ... | *#kˈɔst# | *#kˈɔst# | *#kˈɔst# | *#kˈɔst# {GOLD: #kˈɔt͡s#}
72     | ... | ... | ... | ... | ... | ... | ... | ... | ... | *#kˈɔtɛt͡s# | *#kˈɔtɛt͡s# | *#kˈɔtɛt͡s# | *#kˈɔtɛt͡s# {GOLD: #kˈɔt͡sə#}
73     | ... | ... | ... | ... | ... | ... | ... | ... | ... | *#kˈɔzilt͡sa# | *#kˈɔzilt͡sa# | *#kˈɔzilt͡sə# | *#kˈɔzilt͡sə# {GOLD: #kˈɔt͡sə#}
74     | ... | ... | ... | ... | ... | ... | ... | *#kwˈɑʃə# | *#kwˈɑːʃ# | *#kˈɔːʃ# | *#kˈɔːʃ# | *#kˈɔʃ# | *#kˈɔʃ# {GOLD: #kˈɔs#}
75     | ... | ... | ... | ... | ... | ... | ... | ... | ... | *#kˈɔsa# | *#kˈɔsa# | *#kˈɔsə# | *#kˈɔsə# {GOLD: #kˈɔsə#}
76     | ... | ... | ... | ... | ... | ... | ... | ... | ... | *#kˈɔstɾ̩# | *#kˈɔstɾ̩# | *#kˈɔstɾ̩# | *#kˈɔstəɾ# {GOLD: #kˈɔstəɾ#}
77     | ... | ... | ... | ... | ... | ... | ... | ... | ... | *#kˈɔɾa# | *#kˈɔɾa# | *#kˈɔɾə# | *#kˈɔɾə# {GOLD: #kˈɔɾə#}
78     | ... | ... | ... | ... | ... | ... | ... | ... | ... | *#kˈɔɾtsa# | *#kˈɔɾtsa# | *#kˈɔɾtsə# | *#kˈɔɾtsə# {GOLD: #kˈɔɾt͡ʃə#}
79     | ... | ... | ... | ... | ... | ... | ... | *#kˈɔrdɑ# | *#kˈɔːrðɑ# | *#kˈɔːɾða# | *#kˈɔːɾða# | *#kˈɔɾðə# | *#kˈɔɾðə# {GOLD: #kˈɔɾðə#}
80     | ... | ... | ... | ... | ... | ... | ... | ... | ... | *#kˈɔpɾ̩# | *#kˈɔpɾ̩# | *#kˈɔpɾ̩# | *#kˈɔpəɾ# {GOLD: #kˈɔpəɾ#}
81     | ... | ... | ... | ... | ... | ... | ... | ... | ... | *#kˈɔb# | *#kˈɔb# | *#kˈɔb# | *#kˈɔb# {GOLD: #kˈɔb#}
82     | ... | ... | ... | ... | ... | ... | ... | ... | ... | *#kˌalˠpˈit# | *#kˌalˠpˈit# | *#kˌalˠpˈit# | *#kalˠpˈit# {GOLD: #klˠapˈit#}
83     | ... | ... | ... | ... | ... | ... | ... | ... | ... | *#kˈalˠpa# | *#kˈalˠpa# | *#kˈalˠpə# | *#kˈalˠpə# {GOLD: #klˠˈapə#}
84     | ... | ... | ... | ... | ... | ... | ... | ... | ... | *#kˌɔlˠt͡ʃˈit# | *#kˌɔlˠt͡ʃˈit# | *#kˌɔlˠt͡ʃˈit# | *#kɔlˠt͡ʃˈit# {GOLD: #klˠɔt͡ʃˈit#}
85     | ... | ... | ... | ... | ... | ... | ... | ... | ... | *#kˌukˈat# | *#kˌukˈat# | *#kˌukˈat# | *#kukˈat# {GOLD: #kukˈat#}
86     | ... | ... | ... | ... | ... | ... | ... | *#kˌuːʃˈɒwɑ# | *#kˌuːʃˈɒwɑ# | *#kˌuːʃˈɔwa# | *#kˌuːʃˈɔva# | *#kˌuʃˈɔvə# | *#kuʃˈɔvə# {GOLD: #kuʃˈɔvə#}
87     | ... | ... | ... | ... | ... | ... | ... | ... | ... | *#kˌɔlˠˈat͡ʃ# | *#kˌɔlˠˈat͡ʃ# | *#kˌɔlˠˈat͡ʃ# | *#kɔlˠˈat͡ʃ# {GOLD: #kulˈat͡ʃ#}
88     | ... | ... | ... | ... | ... | ... | ... | *#kˌuːpɑlnˈikə# | *#kˌuːpəlnˈik# | *#kˌuːpl̩nˈik# | *#kˌuːpl̩nˈik# | *#kˌupl̩nˈik# | *#kupəlnˈik# {GOLD: #kuplˈik#}
89     | ... | ... | ... | ... | ... | ... | ... | *#kˈukɑ# | *#kˈukɑ# | *#kˈuka# | *#kˈuka# | *#kˈukə# | *#kˈukə# {GOLD: #kˈukə#}
90     | ... | ... | ... | ... | ... | ... | ... | ... | ... | *#kˈut͡ʃɛ̃# | *#kˈut͡ʃɛ̃# | *#kˈut͡ʃɛ# | *#kˈut͡ʃɛ# {GOLD: #kˈut͡ʃ#}
91     | ... | ... | ... | ... | ... | ... | ... | ... | ... | *#kˈutɛ̃# | *#kˈutɛ̃# | *#kˈutɛ# | *#kˈutɛ# {GOLD: #kˈut#}
92     | ... | ... | ... | ... | ... | ... | ... | *#kˈulɑ# | *#kˈuːlɑ# | *#kˈuːlˠa# | *#kˈuːlˠa# | *#kˈulˠə# | *#kˈulˠə# {GOLD: #kˈulə#}
93     | ... | ... | ... | ... | ... | ... | ... | *#kˈʊlbɑ# | *#kˈɔːʷlbɑ# | *#kˈəlba# | *#kˈəlba# | *#kˈəlbə# | *#kˈəlbə# {GOLD: #kˈulbə#}
94     | ... | ... | ... | ... | ... | ... | ... | ... | ... | *#kˈuɾva# | *#kˈuɾva# | *#kˈuɾvə# | *#kˈuɾvə# {GOLD: #kˈuɾvə#}
95     | ... | ... | ... | ... | ... | ... | ... | ... | ... | *#kˈup# | *#kˈup# | *#kˈup# | *#kˈup# {GOLD: #kˈup#}
96     | ... | ... | ... | ... | ... | ... | ... | ... | ... | *#kˈum# | *#kˈum# | *#kˈum# | *#kˈum# {GOLD: #kˈum#}
97     | ... | ... | ... | ... | ... | ... | ... | ... | ... | *#kˈuma# | *#kˈuma# | *#kˈumə# | *#kˈumə# {GOLD: #kˈumə#}
98     | ... | ... | ... | ... | ... | ... | ... | *#krˌɑjˈitɪ# | *#krˌɑjˈit# | *#kɾˌajˈit# | *#kɾˌajˈit# | *#kɾˌajˈit# | *#kɾajˈit# {GOLD: #kɾahˈit#}
99     | ... | ... | ... | ... | ... | ... | ... | *#krˌɑjˈinɑ# | *#krˌɑjˈĩnɑ# | *#kɾˌajˈĩna# | *#kɾˌajˈĩna# | *#kɾˌajˈinə# | *#kɾajˈinə# {GOLD: #kɾahˈinə#}
100    | ... | ... | ... | ... | ... | ... | ... | *#krˈɑjɪ# | *#krˈɑj# | *#kɾˈaj# | *#kɾˈaj# | *#kɾˈaj# | *#kɾˈaj# {GOLD: #kɾˈah#}
101    | ... | ... | ... | ... | ... | ... | ... | ... | ... | *#ɡɾˈiva# | *#ɡɾˈiva# | *#ɡɾˈivə# | *#ɡɾˈivə# {GOLD: #kɾˈifɛ#}
102    | ... | ... | ... | ... | ... | ... | ... | *#ɡˌɑtˈɔːɲɔ# | *#ɡˌɑtˈuõ̯ɲ# | *#ɡˌatˈuõ̯ɲ# | *#ɡˌatˈuã̯ɲ# | *#ɡˌatˈua̯ɲ# | *#ɡatˈua̯j# {GOLD: #ɡatˈua̯j#}
103    | ... | ... | ... | ... | ... | ... | ... | *#ɡˌɑlˈinɑ# | *#ɡˌɑlˈĩnɑ# | *#ɡˌalˈĩna# | *#ɡˌalˈĩna# | *#ɡˌalˈinə# | *#ɡalˈinə# {GOLD: #ɡalˈinə#}
104    | ... | ... | ... | ... | ... | ... | ... | *#ɡˌɑmˈitɪ# | *#ɡˌɑ̃mˈit# | *#ɡˌãmˈit# | *#ɡˌə̃mˈit# | *#ɡˌəmˈit# | *#ɡəmˈit# {GOLD: #ɡamˈit#}
105    | ... | ... | ... | ... | ... | ... | ... | ... | ... | *#ɡˈaj# | *#ɡˈaj# | *#ɡˈaj# | *#ɡˈaj# {GOLD: #ɡˈaj#}
106    | ... | ... | ... | ... | ... | ... | ... | ... | ... | *#ɡˈaʎka# | *#ɡˈaʎka# | *#ɡˈajkə# | *#ɡˈajkə# {GOLD: #ɡˈajɡə#}
107    | ... | ... | ... | ... | ... | ... | ... | *#ɡˈɑlwɑ# | *#ɡˈɑːlwɑ# | *#ɡˈaːlˠva# | *#ɡˈaːlˠva# | *#ɡˈalˠvə# | *#ɡˈalˠvə# {GOLD: #ɡˈalˠvə#}
108    | ... | ... | ... | ... | ... | ... | ... | ... | ... | *#ɡˈaʎa# | *#ɡˈaʎa# | *#ɡˈajə# | *#ɡˈajə# {GOLD: #ɡˈalə#}
109    | ... | ... | ... | ... | ... | ... | ... | *#ɡˈɑrdɑ# | *#ɡˈɑːrðɑ# | *#ɡˈaːɾða# | *#ɡˈaːɾða# | *#ɡˈaɾðə# | *#ɡˈaɾðə# {GOLD: #ɡˈaɾðə#}
110    | ... | ... | ... | ... | ... | ... | ... | *#ɡˌʊltˈitɪ# | *#ɡˌʊltˈit# | *#ɡˌəlˠtˈit# | *#ɡˌəlˠtˈit# | *#ɡˌəlˠtˈit# | *#ɡəlˠtˈit# {GOLD: #ɡəlˠtˈit#}
111    | ... | ... | ... | ... | ... | ... | ... | *#kˌʊlbˈɑzɑ# | *#kˌʊlbˈɑːzɑ# | *#kˌəlbˈaːza# | *#ɡˌəlbˈaːza# | *#ɡˌəlbˈazə# | *#ɡəlbˈazə# {GOLD: #ɡəlbˈazə#}
112    | ... | ... | ... | ... | ... | ... | ... | *#kˌɔːʷrxˈɑtɪ# | *#kˌɔːʷrxˈɑt# | *#kˌəɾxˈat# | *#ɡˌəɾhˈat# | *#ɡˌəɾhˈat# | *#ɡəɾhˈat# {GOLD: #ɡəɾhˈat#}
113    | ... | ... | ... | ... | ... | ... | ... | ... | ... | *#ɡɾˌəkˈiɲa# | *#ɡɾˌəkˈiɲa# | *#ɡɾˌəkˈiɲə# | *#ɡɾəcˈiɲə# {GOLD: #ɡəɾcˈiɲə#}
114    | ... | ... | ... | ... | ... | ... | ... | ... | ... | *#kˌəɾt͡ʃˈaɡ# | *#ɡˌəɾt͡ʃˈaɡ# | *#ɡˌəɾt͡ʃˈaɡ# | *#ɡəɾt͡ʃˈaɡ# {GOLD: #ɡəɾt͡ʃˈak#}
115    | ... | ... | ... | ... | ... | ... | ... | ... | ... | *#ɡˌəɾdˈalˠa# | *#ɡˌəɾdˈalˠa# | *#ɡˌəɾdˈalˠə# | *#ɡəɾdˈalˠə# {GOLD: #ɡəɾdˈalˠə#}
116    | ... | ... | ... | ... | ... | ... | ... | ... | ... | *#ɡˌɔɾdˈɛt͡s# | *#ɡˌɔɾdˈɛt͡s# | *#ɡˌɔɾdˈɛt͡s# | *#ɡɔɾdˈɛt͡s# {GOLD: #ɡəɾdˈɛt͡s#}
117    | ... | ... | ... | ... | ... | ... | ... | ... | ... | *#ɡɾˌadˈɛt͡s# | *#ɡɾˌadˈɛt͡s# | *#ɡɾˌadˈɛt͡s# | *#ɡɾadˈɛt͡s# {GOLD: #ɡəɾdˈɛt͡s#}
118    | ... | ... | ... | ... | ... | ... | ... | ... | ... | *#ɡˌəɾdˈit# | *#ɡˌəɾdˈit# | *#ɡˌəɾdˈit# | *#ɡəɾdˈit# {GOLD: #ɡəɾdˈit#}
119    | ... | ... | ... | ... | ... | ... | ... | *#ɡˌɔːʷrdˈitɪ# | *#ɡˌɔːʷrðˈit# | *#ɡˌəɾðˈit# | *#ɡˌəɾðˈit# | *#ɡˌəɾðˈit# | *#ɡəɾðˈit# {GOLD: #ɡəɾðˈit#}
120    | ... | ... | ... | ... | ... | ... | ... | *#ɡˌɔːʷrdlˈɑt͡ʃɪ# | *#ɡˌɔːʷrðlˈɑːs# | *#ɡˌəɾlˈaːs# | *#ɡˌəɾlˈaːs# | *#ɡˌəɾlˈas# | *#ɡəɾlˈas# {GOLD: #ɡəɾlˈat͡s#}
121    | ... | ... | ... | ... | ... | ... | ... | ... | ... | *#ɡˌəlˈit͡sa# | *#ɡˌəlˈit͡sa# | *#ɡˌəlˈit͡sə# | *#ɡəlˈit͡sə# {GOLD: #ɡəɾlˈit͡sə#}
122    | ... | ... | ... | ... | ... | ... | ... | *#ɡrˌɒmˈɑdɑ# | *#ɡrˌɒ̃mˈɑðɑ# | *#ɡɾˌɔ̃mˈaða# | *#ɡɾˌɔ̃mˈaða# | *#ɡɾˌɔmˈaðə# | *#ɡɾɔmˈaðə# {GOLD: #ɡəɾmˈaðə#}
123    | ... | ... | ... | ... | ... | ... | ... | ... | ... | *#ɡɾˈək# | *#ɡɾˈək# | *#ɡɾˈək# | *#ɡɾˈək# {GOLD: #ɡˈəɾk#}
124    | ... | ... | ... | ... | ... | ... | ... | ... | ... | *#ɡˈəɾt͡ʃ# | *#ɡˈəɾt͡ʃ# | *#ɡˈəɾt͡ʃ# | *#ɡˈəɾt͡ʃ# {GOLD: #ɡˈəɾt͡ʃ#}
125    | ... | ... | ... | ... | ... | ... | ... | ... | ... | *#ɡˈəɾba# | *#ɡˈəɾba# | *#ɡˈəɾbə# | *#ɡˈəɾbə# {GOLD: #ɡˈəɾbə#}
126    | ... | ... | ... | ... | ... | ... | ... | ... | ... | *#kˌɔʒˈux# | *#kˌɔʒˈuh# | *#kˌɔʒˈuh# | *#kɔʒˈuh# {GOLD: #ɡɔʒˈup#}
127    | ... | ... | ... | ... | ... | ... | ... | ... | ... | *#ɡˌɔdˈit# | *#ɡˌɔdˈit# | *#ɡˌɔdˈit# | *#ɡɔdˈit# {GOLD: #ɡɔdˈit#}
128    | ... | ... | ... | ... | ... | ... | ... | ... | ... | *#ɡˌɔstˈit# | *#ɡˌɔstˈit# | *#ɡˌɔstˈit# | *#ɡɔstˈit# {GOLD: #ɡɔstˈit#}
129    | ... | ... | ... | ... | ... | ... | ... | *#ɡˌɔːrɪnˈit͡sɑ# | *#ɡˌɔːrɔ̃ɾ̃ˈiːt͡sɑ# | *#ɡˌɔːɾɔ̃ɾ̃ˈiːt͡sa# | *#ɡˌɔːɾɔ̃ɾˈiːt͡sa# | *#ɡˌɔɾɔɾˈit͡sə# | *#ɡɔɾɔɾˈit͡sə# {GOLD: #ɡɔrˈit͡sə#}
130    | ... | ... | ... | ... | ... | ... | ... | ... | ... | *#ɡˌɔmˈilˠa# | *#ɡˌɔmˈilˠa# | *#ɡˌɔmˈilˠə# | *#ɡɔmˈilˠə# {GOLD: #ɡɔmˈilə#}
131    | ... | ... | ... | ... | ... | ... | ... | ... | ... | *#ɡˌɔ̃bˈɛl# | *#ɡˌɔ̃bˈɛl# | *#ɡˌɔbˈɛl# | *#ɡɔbˈɛl# {GOLD: #ɡɔmbˈɛl#}
132    | ... | ... | ... | ... | ... | ... | ... | *#ɡwˈɒzdɑ# | *#ɡwˈɒːzdɑ# | *#ɡˈɔːzda# | *#ɡˈɔːzda# | *#ɡˈɔzdə# | *#ɡˈɔzdə# {GOLD: #ɡˈɔʒdə#}
133    | ... | ... | ... | ... | ... | ... | ... | *#ɡˌɑlwɪnˈikə# | *#ɡˌɑlwə̃ɾ̃ˈik# | *#ɡˌalˠvə̃ɾ̃ˈik# | *#ɡˌalˠvə̃ɾˈik# | *#ɡˌalˠvəɾˈik# | *#ɡalˠvəɾˈik# {GOLD: #ɡlˠanˈik#}
134    | ... | ... | ... | ... | ... | ... | ... | ... | ... | *#ɡˌalˠvˈina# | *#ɡˌalˠvˈina# | *#ɡˌalˠvˈinə# | *#ɡalˠvˈinə# {GOLD: #ɡlˠavˈinə#}
135    | ... | ... | ... | ... | ... | ... | ... | ... | ... | *#ɡɾˌaʃˈina# | *#ɡɾˌaʃˈina# | *#ɡɾˌaʃˈinə# | *#ɡɾaʃˈinə# {GOLD: #ɡɾaʃˈinə#}
136    | ... | ... | ... | ... | ... | ... | ... | ... | ... | *#ɡɾˌadˈina# | *#ɡɾˌadˈina# | *#ɡɾˌadˈinə# | *#ɡɾadˈinə# {GOLD: #ɡɾadˈinə#}
137    | ... | ... | ... | ... | ... | ... | ... | ... | ... | *#ɡɾˌabˈit# | *#ɡɾˌabˈit# | *#ɡɾˌabˈit# | *#ɡɾabˈit# {GOLD: #ɡɾabˈit#}
138    | ... | ... | ... | ... | ... | ... | ... | ... | ... | *#ɡɾˈada# | *#ɡɾˈada# | *#ɡɾˈadə# | *#ɡɾˈadə# {GOLD: #ɡɾˈadə#}
139    | ... | ... | ... | ... | ... | ... | ... | ... | ... | *#ɡɾˌɛbˈaʃ# | *#ɡɾˌɛbˈaʃ# | *#ɡɾˌɛbˈaʃ# | *#ɡɾɛbˈaʃ# {GOLD: #ɡɾɛbˈaʃ#}
140    | ... | ... | ... | ... | ... | ... | ... | ... | ... | *#ɡˈɔɾʃ# | *#ɡˈɔɾʃ# | *#ɡˈɔɾʃ# | *#ɡˈɔɾʃ# {GOLD: #ɡɾˈɔʃ#}
141    | ... | ... | ... | ... | ... | ... | ... | *#ɡrˈɒzdɪlɪ# | *#ɡrˈɒːzdəl# | *#ɡɾˈɔːzdl̩# | *#ɡɾˈɔːzdl̩# | *#ɡɾˈɔzdl̩# | *#ɡɾˈɔzdəl# {GOLD: #ɡɾˈɔʒəl#}
142    | ... | ... | ... | ... | ... | ... | ... | *#ɡˈʊrʃtɪ# | *#ɡˈɔːʷrʃt# | *#ɡˈəɾʃt# | *#ɡˈəɾʃt# | *#ɡˈəɾʃt# | *#ɡˈəɾʃt# {GOLD: #ɡɾˈuʃt#}
143    | ... | ... | ... | ... | ... | ... | ... | *#lˌɒpˈuʃɪ# | *#lˌɒpˈuːʃ# | *#lˠˌɔpˈuːʃ# | *#lˠˌɔpˈuːʃ# | *#lˠˌɔpˈuʃ# | *#lˠɔpˈuʃ# {GOLD: #lˠapˈuʃ#}
144    | ... | ... | ... | ... | ... | ... | ... | *#lˌɒpˈuʃɑ# | *#lˌɒpˈuːʃɑ# | *#lˠˌɔpˈuːʃa# | *#lˠˌɔpˈuːʃa# | *#lˠˌɔpˈuʃə# | *#lˠɔpˈuʃə# {GOLD: #lˠapˈuʃə#}
145    | ... | ... | ... | ... | ... | ... | ... | *#lˈɒʃkɑ# | *#lˈɒːʃkɑ# | *#lˠˈɔːʃka# | *#lˠˈɔːʃka# | *#lˠˈɔʃkə# | *#lˠˈɔʃkə# {GOLD: #lˠˈaʃkə#}
146    | ... | ... | ... | ... | ... | ... | ... | *#lˈɑzɪt͡sɑ# | *#lˈɑːzət͡sɑ# | *#lˈaːzət͡sa# | *#lˈaːzət͡sa# | *#lˈazət͡sə# | *#lˈazət͡sə# {GOLD: #lˠˈat͡sə#}
147    | ... | ... | ... | ... | ... | ... | ... | *#lˈɔzkɑ# | *#lˈɔːskɑ# | *#lˠˈɔːska# | *#lˠˈɔːska# | *#lˠˈɔskə# | *#lˠˈɔskə# {GOLD: #lˠˈaskə#}
148    | ... | ... | ... | ... | ... | ... | ... | *#ˈɒrzɒrɑ# | *#ˈɒːrzɒrɑ# | *#ˈɔːɾzɔɾa# | *#ˈɔːɾzɔɾa# | *#ˈɔɾzɔɾə# | *#ˈɔɾzɔɾə# {GOLD: #lˠˈazuɾə#}
149    | ... | ... | ... | ... | ... | ... | ... | *#lˈɑnɡɑ# | *#lˈɑ̃ŋɡɑ# | *#lˠˈãŋɡa# | *#lˠˈə̃ŋɡa# | *#lˠˈəŋɡə# | *#lˠˈəŋɡə# {GOLD: #lˠˈəŋɡə#}
150    | ... | ... | ... | ... | ... | ... | ... | ... | ... | *#lˠˌɔmˈit# | *#lˠˌɔmˈit# | *#lˠˌɔmˈit# | *#lˠɔmˈit# {GOLD: #lˠɔmˈit#}
151    | ... | ... | ... | ... | ... | ... | ... | *#lˈɒjɑ# | *#lˈɒjɑ# | *#lˈɔja# | *#lˈɔja# | *#lˈɔjə# | *#lˈɔjə# {GOLD: #lˠˈɔhə#}
152    | ... | ... | ... | ... | ... | ... | ... | ... | ... | *#lˠˈɔska# | *#lˠˈɔska# | *#lˠˈɔskə# | *#lˠˈɔskə# {GOLD: #lˠˈɔskə#}
153    | ... | ... | ... | ... | ... | ... | ... | ... | ... | *#lˠˈuka# | *#lˠˈuka# | *#lˠˈukə# | *#lˠˈukə# {GOLD: #lˠˈukə#}
154    | ... | ... | ... | ... | ... | ... | ... | ... | ... | *#ˌukɾˈaja# | *#ˌukɾˈaja# | *#ˌukɾˈajə# | *#ukɾˈajə# {GOLD: #ukɾˈajə#}
155    | ... | ... | ... | ... | ... | ... | ... | ... | ... | *#ˌudˈɔb# | *#ˌudˈɔb# | *#ˌudˈɔb# | *#udˈɔb# {GOLD: #udˈɔb#}
156    | ... | ... | ... | ... | ... | ... | ... | ... | ... | *#jˌunˈak# | *#jˌunˈak# | *#jˌunˈak# | *#junˈak# {GOLD: #unˈak#}
157    | ... | ... | ... | ... | ... | ... | ... | ... | ... | *#ˌulˈiʃt͡ʃɛ# | *#ˌulˈiʃt͡ʃɛ# | *#ˌulˈiʃt͡ʃɛ# | *#ulˈiʃt͡ʃɛ# {GOLD: #ulˈiʃtə#}
158    | ... | ... | ... | ... | ... | ... | ... | ... | ... | *#ˌuɾˈɔk# | *#ˌuɾˈɔk# | *#ˌuɾˈɔk# | *#uɾˈɔk# {GOLD: #uɾˈɔk#}
159    | ... | ... | ... | ... | ... | ... | ... | ... | ... | *#cˈɛ̃ʒna# | *#cˈɛ̃ʒna# | *#cˈɛʒnə# | *#cˈɛʒnə# {GOLD: #cˈaʒnə#}
160    | ... | ... | ... | ... | ... | ... | ... | ... | ... | *#cɛsˈat# | *#cɛsˈat# | *#cɛsˈat# | *#cɛsˈat# {GOLD: #cɛsˈat#}
161    | ... | ... | ... | ... | ... | ... | ... | *#klˌɛpˈɑdlɑ# | *#klpˈɑðlɑ# | *#kl̩pˈalˠa# | *#ɡl̩pˈalˠa# | *#ɡl̩pˈalˠə# | *#ɡəlpˈalˠə# {GOLD: #cɛpˈalˠə#}
162    | ... | ... | ... | ... | ... | ... | ... | *#klˈɛpə# | *#klˈɛp# | *#kʎˈɛp# | *#kʎˈɛp# | *#cˈɛp# | *#cˈɛp# {GOLD: #cˈɛp#}
163    | ... | ... | ... | ... | ... | ... | ... | ... | ... | *#ɡʎˌavnˈit͡sa# | *#ɡʎˌavnˈit͡sa# | *#ɟˌavnˈit͡sə# | *#ɟavnˈit͡sə# {GOLD: #ɟanˈit͡sə#}
164    | ... | ... | ... | ... | ... | ... | ... | ... | ... | *#ɡʎˌɔ̃bɔt͡ʃˈaɾ# | *#ɡʎˌɔ̃bɔt͡ʃˈaɾ# | *#ɟˌɔbɔt͡ʃˈaɾ# | *#ɟɔbɔt͡ʃˈaɾ# {GOLD: #ɟəmbɔt͡ʃˈaɾ#}
165    | ... | ... | ... | ... | ... | ... | ... | *#ɡlˈɑːnə# | *#ɡlˈɑ̃ː# | *#ɡʎˈãː# | *#ɡʎˈãː# | *#ɟˈa# | *#ɟˈa# {GOLD: #ɟˈəɾ#}
166    | ... | ... | ... | ... | ... | ... | ... | ... | ... | *#ɟˌɛzdˈit# | *#ɟˌɛzdˈit# | *#ɟˌɛzdˈit# | *#ɟɛzdˈit# {GOLD: #ɟɛzdˈit#}
167    | ... | ... | ... | ... | ... | ... | ... | ... | ... | *#ɡʎˌɔ̃bɔt͡ʃˈaɾ# | *#ɡʎˌɔ̃bɔt͡ʃˈaɾ# | *#ɟˌɔbɔt͡ʃˈaɾ# | *#ɟɔbɔt͡ʃˈaɾ# {GOLD: #ɟɔmbɔt͡ʃˈaɾ#}
168    | ... | ... | ... | ... | ... | ... | ... | ... | ... | *#ɡʎˈɔba# | *#ɡʎˈɔba# | *#ɟˈɔbə# | *#ɟˈɔbə# {GOLD: #ɟˈɔbə#}
169    | ... | ... | ... | ... | ... | ... | ... | ... | ... | *#ɲˌuxˈat# | *#ɲˌuhˈat# | *#ɲˌuhˈat# | *#ɲuhˈat# {GOLD: #ɲuhˈat#}
170    | ... | ... | ... | ... | ... | ... | ... | ... | ... | *#t͡ʃˈas# | *#t͡ʃˈas# | *#t͡ʃˈas# | *#t͡ʃˈas# {GOLD: #t͡ʃˈas#}
171    | ... | ... | ... | ... | ... | ... | ... | *#tʃˈɑrɑ# | *#tʃˈɑːrɑ# | *#tʃˈaːɾa# | *#tʃˈaːɾa# | *#tʃˈaɾə# | *#tʃˈaɾə# {GOLD: #t͡ʃˈaɾə#}
172    | ... | ... | ... | ... | ... | ... | ... | ... | ... | *#t͡ʃˈafka# | *#t͡ʃˈafka# | *#t͡ʃˈafkə# | *#t͡ʃˈafkə# {GOLD: #t͡ʃˈafkə#}
173    | ... | ... | ... | ... | ... | ... | ... | ... | ... | *#t͡ʃˈam# | *#t͡ʃˈam# | *#t͡ʃˈam# | *#t͡ʃˈam# {GOLD: #t͡ʃˈam#}
174    | ... | ... | ... | ... | ... | ... | ... | *#t͡ʃˌɛrɛnˈɑwɑ# | *#sərə̃ɾ̃ˈɑwɑ# | *#səɾə̃ɾ̃ˈawa# | *#səɾə̃ɾˈava# | *#səɾəɾˈavə# | *#səɾəɾˈavə# {GOLD: #t͡ʃərˈavə#}
175    | ... | ... | ... | ... | ... | ... | ... | ... | ... | *#t͡ʃˌɛtˈina# | *#t͡ʃˌɛtˈina# | *#t͡ʃˌɛtˈinə# | *#t͡ʃɛtˈinə# {GOLD: #t͡ʃɛtˈinə#}
176    | ... | ... | ... | ... | ... | ... | ... | ... | ... | *#t͡ʃˌɛlˈit# | *#t͡ʃˌɛlˈit# | *#t͡ʃˌɛlˈit# | *#t͡ʃɛlˈit# {GOLD: #t͡ʃɛlˈit#}
177    | ... | ... | ... | ... | ... | ... | ... | ... | ... | *#t͡ʃˌɛlnˈik# | *#t͡ʃˌɛlnˈik# | *#t͡ʃˌɛlnˈik# | *#t͡ʃɛlnˈik# {GOLD: #t͡ʃɛlnˈik#}
178    | ... | ... | ... | ... | ... | ... | ... | ... | ... | *#t͡ʃˈɛta# | *#t͡ʃˈɛta# | *#t͡ʃˈɛtə# | *#t͡ʃˈɛtə# {GOLD: #t͡ʃˈɛtə#}
179    | ... | ... | ... | ... | ... | ... | ... | ... | ... | *#t͡ʃˈɛlˠɔ# | *#t͡ʃˈɛlˠɔ# | *#t͡ʃˈɛlˠə# | *#t͡ʃˈɛlˠə# {GOLD: #t͡ʃˈɛlə#}
180    | ... | ... | ... | ... | ... | ... | ... | *#t͡ʃˈɛːrdɑ# | *#sˈie̯rdɑ# | *#sjˈɛɾda# | *#sjˈɛɾda# | *#sjˈɛɾdə# | *#sjˈɛɾdə# {GOLD: #t͡ʃˈɛɾðə#}
181    | ... | ... | ... | ... | ... | ... | ... | *#t͡ʃˈɪrnə# | *#sˈɪːrː# | *#sˈir# | *#sˈir# | *#sˈir# | *#sˈir# {GOLD: #t͡ʃˈɛr#}
182    | ... | ... | ... | ... | ... | ... | ... | ... | ... | *#t͡ʃˌɔɾnɔvˈɔda# | *#t͡ʃˌɔɾnɔvˈɔda# | *#t͡ʃˌɔɾnɔvˈɔdə# | *#t͡ʃɔɾnɔvˈɔdə# {GOLD: #t͡ʃɔɾɔvˈɔdə#}
183    | ... | ... | ... | ... | ... | ... | ... | ... | ... | *#t͡ʃˌudˈit# | *#t͡ʃˌudˈit# | *#t͡ʃˌudˈit# | *#t͡ʃudˈit# {GOLD: #t͡ʃudˈit#}
184    | ... | ... | ... | ... | ... | ... | ... | ... | ... | *#t͡ʃˈuka# | *#t͡ʃˈuka# | *#t͡ʃˈukə# | *#t͡ʃˈukə# {GOLD: #t͡ʃˈukə#}
185    | ... | ... | ... | ... | ... | ... | ... | ... | ... | *#t͡ʃˈulˠa# | *#t͡ʃˈulˠa# | *#t͡ʃˈulˠə# | *#t͡ʃˈulˠə# {GOLD: #t͡ʃˈulˠə#}
186    | ... | ... | ... | ... | ... | ... | ... | ... | ... | *#t͡ʃˈudɔ# | *#t͡ʃˈudɔ# | *#t͡ʃˈudə# | *#t͡ʃˈudə# {GOLD: #t͡ʃˈudə#}
187    | ... | ... | ... | ... | ... | ... | ... | ... | ... | *#t͡ʃˈuba# | *#t͡ʃˈuba# | *#t͡ʃˈubə# | *#t͡ʃˈubə# {GOLD: #t͡ʃˈubə#}
188    | ... | ... | ... | ... | ... | ... | ... | ... | ... | *#ʃˌatˈɔra# | *#ʃˌatˈɔra# | *#ʃˌatˈɔrə# | *#ʃatˈɔrə# {GOLD: #ʃatˈɔrɛ#}
189    | ... | ... | ... | ... | ... | ... | ... | *#ʃˈɑkɑ# | *#ʃˈɑkɑ# | *#ʃˈaka# | *#ʃˈaka# | *#ʃˈakə# | *#ʃˈakə# {GOLD: #ʃˈakə#}
190    | ... | ... | ... | ... | ... | ... | ... | *#ʃˈɒrɑ# | *#ʃˈɒːrɑ# | *#ʃˈɔːɾa# | *#ʃˈɔːɾa# | *#ʃˈɔɾə# | *#ʃˈɔɾə# {GOLD: #ʃˈaɾə#}
191    | ... | ... | ... | ... | ... | ... | ... | *#ʃˈɒrkɑ# | *#ʃˈɒːrkɑ# | *#ʃˈɔːɾka# | *#ʃˈɔːɾka# | *#ʃˈɔɾkə# | *#ʃˈɔɾkə# {GOLD: #ʃˈaɾkə#}
192    | ... | ... | ... | ... | ... | ... | ... | *#ʃˈɑpə# | *#ʃˈɑp# | *#ʃˈap# | *#ʃˈap# | *#ʃˈap# | *#ʃˈap# {GOLD: #ʃˈap#}
193    | ... | ... | ... | ... | ... | ... | ... | ... | ... | *#ʃt͡ʃˈɛtka# | *#ʃt͡ʃˈɛtka# | *#ʃt͡ʃˈɛtkə# | *#ʃt͡ʃˈɛtkə# {GOLD: #ʃˈɛtkə#}
194    | ... | ... | ... | ... | ... | ... | ... | *#ʃˈɛlɪt͡ʃɑ# | *#ʃˈɛːlsɑ# | *#ʃˈɛːlsa# | *#ʃˈɛːlt͡sa# | *#ʃˈɛlt͡sə# | *#ʃˈɛlt͡sə# {GOLD: #ʃˈɛlt͡sə#}
195    | ... | ... | ... | ... | ... | ... | ... | *#ʃˈenbrə# | *#ʃˈɛ̃mbr# | *#ʃˈɛ̃mbɾ̩# | *#ʃˈɛ̃mbɾ̩# | *#ʃˈɛmbɾ̩# | *#ʃˈɛmbəɾ# {GOLD: #ʃˈɛməɾ#}
196    | ... | ... | ... | ... | ... | ... | ... | *#ʃˌitˈɒwɑ# | *#ʃˌiːtˈɒwɑ# | *#ʃˌiːtˈɔwa# | *#ʃˌiːtˈɔva# | *#ʃˌitˈɔvə# | *#ʃitˈɔvə# {GOLD: #ʃitˈɔvə#}
197    | ... | ... | ... | ... | ... | ... | ... | ... | ... | *#ʃˈipka# | *#ʃˈipka# | *#ʃˈipkə# | *#ʃˈipkə# {GOLD: #ʃˈipkə#}
198    | ... | ... | ... | ... | ... | ... | ... | *#ʃəˈɛːt͡ʃɪ# | *#ʃˈiːe̯s# | *#ʃˈɛs# | *#ʃˈɛs# | *#ʃˈɛs# | *#ʃˈɛs# {GOLD: #ʃˈye̯t͡s#}
199    | ... | ... | ... | ... | ... | ... | ... | *#ʃˈɒpə# | *#ʃˈɒp# | *#ʃˈɔp# | *#ʃˈɔp# | *#ʃˈɔp# | *#ʃˈɔp# {GOLD: #ʃˈɔp#}
200    | ... | ... | ... | ... | ... | ... | ... | *#ʃkəˌɒːrdˈɪt͡sɪ# | *#ʃkˌɒːrðˈɛːt͡s# | *#ʃkˌɔːɾðˈɛːt͡s# | *#ʃkˌɔːɾðˈɛːt͡s# | *#ʃkˌɔɾðˈɛt͡s# | *#ʃkɔɾðˈɛt͡s# {GOLD: #ʃkəɾðˈɛt͡s#}
201    | ... | ... | ... | ... | ... | ... | ... | *#ʃkˌɒːpˈitɪ# | *#ʃkˌɒːpˈit# | *#ʃkˌɔːpˈit# | *#ʃkˌɔːpˈit# | *#ʃkˌɔpˈit# | *#ʃkɔpˈit# {GOLD: #ʃkɔpˈit#}
202    | ... | ... | ... | ... | ... | ... | ... | *#ʃkrˈɑpi# | *#ʃkrˈɑp# | *#ʃkɾˈap# | *#ʃkɾˈap# | *#ʃkɾˈap# | *#ʃkɾˈap# {GOLD: #ʃkɾˈap#}
203    | ... | ... | ... | ... | ... | ... | ... | *#ʃˌuʃˈit͡sɑ# | *#ʃˌuʃˈiːt͡sɑ# | *#ʃˌuʃˈiːt͡sa# | *#ʃˌuʃˈiːt͡sa# | *#ʃˌuʃˈit͡sə# | *#ʃuʃˈit͡sə# {GOLD: #ʃuʃˈit͡sə#}
204    | ... | ... | ... | ... | ... | ... | ... | *#ʃˌupʎˈɑkɑ# | *#ʃˌupʎˈɑkɑ# | *#ʃˌupʎˈaka# | *#ʃˌupʎˈaka# | *#ʃˌupjˈakə# | *#ʃupjˈakə# {GOLD: #ʃuplˈakə#}
205    | ... | ... | ... | ... | ... | ... | ... | *#ʃˈʊlɑ# | *#ʃˈɔːʷlɑ# | *#ʃˈulˠa# | *#ʃˈulˠa# | *#ʃˈulˠə# | *#ʃˈulˠə# {GOLD: #ʃˈulˠə#}
206    | ... | ... | ... | ... | ... | ... | ... | ... | ... | *#ʃˈul# | *#ʃˈul# | *#ʃˈul# | *#ʃˈul# {GOLD: #ʃˈul#}
207    | ... | ... | ... | ... | ... | ... | ... | *#ʃlˈɒtɑ# | *#ʃlˈɒtɑ# | *#ʃkʎˈɔta# | *#ʃkʎˈɔta# | *#ʃcˈɔtə# | *#ʃcˈɔtə# {GOLD: #ʃcˈɔtə#}
208    | ... | ... | ... | ... | ... | ... | ... | *#ʃtˌʊrmˈɛnnɛ# | *#ʃtˌʊrmˈɛ̃nː# | *#ʃtˌəɾmˈɛ̃nː# | *#ʃtˌəɾmˈɛ̃n# | *#ʃtˌəɾmˈɛn# | *#ʃtəɾmˈɛn# {GOLD: #ʃtəɾmˈɛn#}
209    | ... | ... | ... | ... | ... | ... | ... | *#ʃtˌɒpˈɑɲɑ# | *#ʃtˌɒpˈɑ̃ɲɑ# | *#ʃtˌɔpˈãɲa# | *#ʃtˌɔpˈə̃ɲa# | *#ʃtˌɔpˈəɲə# | *#ʃtɔpˈəɲə# {GOLD: #ʃtəpˈajə#}
210    | ... | ... | ... | ... | ... | ... | ... | *#ʃtˌɒpˈɑnd͡ʒɑ# | *#ʃtˌɒpˈɑ̃zɑ# | *#ʃtˌɔpˈãza# | *#ʃtˌɔpˈə̃za# | *#ʃtˌɔpˈəzə# | *#ʃtɔpˈəzə# {GOLD: #ʃtəpˈəzə#}
211    | ... | ... | ... | ... | ... | ... | ... | *#ʃtˌɒpˈɑːnə# | *#ʃtˌɒpˈɑ̃ː# | *#ʃtˌɔpˈãː# | *#ʃtˌɔpˈãː# | *#ʃtˌɔpˈa# | *#ʃtɔpˈa# {GOLD: #ʃtəpˈəɾ#}
212    | ... | ... | ... | ... | ... | ... | ... | *#ʃtˌɒpɑnˈɛʃɑ# | *#ʃtˌɒpə̃ɾ̃ˈɛːʃɑ# | *#ʃtˌɔpə̃ɾ̃ˈɛːʃa# | *#ʃtˌɔpə̃ɾˈɛːʃa# | *#ʃtˌɔpəɾˈɛʃə# | *#ʃtɔpəɾˈɛʃə# {GOLD: #ʃtəpɾˈɛʃə#}
213    | ... | ... | ... | ... | ... | ... | ... | *#ʃtˈunjɑ# | *#ʃtˈũɲɑ# | *#ʃtˈũɲa# | *#ʃtˈũɲa# | *#ʃtˈuɲə# | *#ʃtˈuɲə# {GOLD: #ʃtˈuɲə#}
214    | ... | ... | ... | ... | ... | ... | ... | *#ʃtrˈɑʒɑ# | *#ʃtrˈɑːzɑ# | *#ʃtɾˈaːza# | *#ʃtɾˈaːza# | *#ʃtɾˈazə# | *#ʃtɾˈazə# {GOLD: #ʃtɾˈazə#}
215    | ... | ... | ... | ... | ... | ... | ... | *#ʃˌɑɡˈitɪ# | *#ʃˌɑɟˈit# | *#ʃˌaɟˈit# | *#ʃˌaɟˈit# | *#ʃˌaɟˈit# | *#ʃaɟˈit# {GOLD: #ʒaɡˈit#}
216    | ... | ... | ... | ... | ... | ... | ... | ... | ... | *#ʒˈɛɡ# | *#ʒˈɛɡ# | *#ʒˈɛɡ# | *#ʒˈɛɡ# {GOLD: #ʒˈɛɡ#}
217    | ... | ... | ... | ... | ... | ... | ... | ... | ... | *#ʒˌɔ̃bˈina# | *#ʒˌɔ̃bˈina# | *#ʒˌɔbˈinə# | *#ʒɔbˈinə# {GOLD: #ʒumbˈinə#}
218    | ... | ... | ... | ... | ... | ... | ... | ... | ... | *#tˈɔ̃ɡa# | *#tˈɔ̃ɡa# | *#tˈɔɡə# | *#tˈɔɡə# {GOLD: #tˈaŋɡə#}
219    | ... | ... | ... | ... | ... | ... | ... | *#tˌʊrkˈɑtɪ# | *#tˌʊrkˈɑt# | *#tˌəɾkˈat# | *#tˌəɾkˈat# | *#tˌəɾkˈat# | *#təɾkˈat# {GOLD: #təɾkˈat#}
220    | ... | ... | ... | ... | ... | ... | ... | *#tərpˈiːtɪ# | *#tərpˈiːt# | *#tɾ̩pˈiːt# | *#tɾ̩pˈiːt# | *#tɾ̩pˈit# | *#təɾpˈit# {GOLD: #təɾpˈit#}
221    | ... | ... | ... | ... | ... | ... | ... | ... | ... | *#tˈɛk# | *#tˈɛk# | *#tˈɛk# | *#tˈɛk# {GOLD: #tˈɛk#}
222    | ... | ... | ... | ... | ... | ... | ... | ... | ... | *#tˈis# | *#tˈis# | *#tˈis# | *#tˈis# {GOLD: #tˈis#}
223    | ... | ... | ... | ... | ... | ... | ... | *#tˈɑjɪnɑ# | *#tˈɑjə̃ɾ̃ɑ# | *#tˈajə̃ɾ̃a# | *#tˈajə̃ɾa# | *#tˈajəɾə# | *#tˈajəɾə# {GOLD: #tˈinə#}
224    | ... | ... | ... | ... | ... | ... | ... | ... | ... | *#tˈina# | *#tˈina# | *#tˈinə# | *#tˈinə# {GOLD: #tˈinə#}
225    | ... | ... | ... | ... | ... | ... | ... | ... | ... | *#tˌɔt͡ʃˈilˠa# | *#tˌɔt͡ʃˈilˠa# | *#tˌɔt͡ʃˈilˠə# | *#tɔt͡ʃˈilˠə# {GOLD: #tɔt͡ʃˈilˠə#}
226    | ... | ... | ... | ... | ... | ... | ... | ... | ... | *#tˌɔt͡ʃˈit# | *#tˌɔt͡ʃˈit# | *#tˌɔt͡ʃˈit# | *#tɔt͡ʃˈit# {GOLD: #tɔt͡ʃˈit#}
227    | ... | ... | ... | ... | ... | ... | ... | ... | ... | *#tˌɔɾˈiʃt͡ʃɛ# | *#tˌɔɾˈiʃt͡ʃɛ# | *#tˌɔɾˈiʃt͡ʃɛ# | *#tɔɾˈiʃt͡ʃɛ# {GOLD: #tɔɾˈiʃtə#}
228    | ... | ... | ... | ... | ... | ... | ... | *#tˌɒrˈɔː# | *#tˌɒrˈuo̯# | *#tˌɔɾˈuo̯# | *#tˌɔɾˈua̯# | *#tˌɔɾˈua̯# | *#tɔɾˈua̯# {GOLD: #tɔɾˈua̯#}
229    | ... | ... | ... | ... | ... | ... | ... | ... | ... | *#tˌɔpˈilˠɔ# | *#tˌɔpˈilˠɔ# | *#tˌɔpˈilˠə# | *#tɔpˈilˠə# {GOLD: #tɔpˈil#}
230    | ... | ... | ... | ... | ... | ... | ... | ... | ... | *#tˈɔka# | *#tˈɔka# | *#tˈɔkə# | *#tˈɔkə# {GOLD: #tˈɔkə#}
231    | ... | ... | ... | ... | ... | ... | ... | *#tˈɒpɔrə# | *#tˈɒpɔr# | *#tˈɔpɾ̩# | *#tˈɔpɾ̩# | *#tˈɔpɾ̩# | *#tˈɔpəɾ# {GOLD: #tˈɔpəɾ#}
232    | ... | ... | ... | ... | ... | ... | ... | ... | ... | *#tˌuncˈan# | *#tˌuncˈan# | *#tˌuncˈan# | *#tuncˈan# {GOLD: #tunt͡ʃˈan#}
233    | ... | ... | ... | ... | ... | ... | ... | *#tˈunjɑ# | *#tˈũɲɑ# | *#tˈũɲa# | *#tˈũɲa# | *#tˈuɲə# | *#tˈuɲə# {GOLD: #tˈuɲə#}
234    | ... | ... | ... | ... | ... | ... | ... | ... | ... | *#tˈun# | *#tˈun# | *#tˈun# | *#tˈun# {GOLD: #tˈun#}
235    | ... | ... | ... | ... | ... | ... | ... | ... | ... | *#tɾˈap# | *#tɾˈap# | *#tɾˈap# | *#tɾˈap# {GOLD: #tɾˈap#}
236    | ... | ... | ... | ... | ... | ... | ... | *#trˈɪʃə# | *#trˈɛːʃ# | *#tɾˈɛːʃ# | *#tɾˈɛːʃ# | *#tɾˈɛʃ# | *#tɾˈɛʃ# {GOLD: #tɾˈiʃ#}
237    | ... | ... | ... | ... | ... | ... | ... | *#tˈɪrʃu# | *#tˈɪːrʃ# | *#tˈɛɾʃ# | *#tˈɛɾʃ# | *#tˈɛɾʃ# | *#tˈɛɾʃ# {GOLD: #tɾˈiʃ#}
238    | ... | ... | ... | ... | ... | ... | ... | ... | ... | *#tɾˌɔ̃tˈit# | *#tɾˌɔ̃tˈit# | *#tɾˌɔtˈit# | *#tɾɔtˈit# {GOLD: #tɾɔndˈit#}
239    | ... | ... | ... | ... | ... | ... | ... | ... | ... | *#tɾˈɔxa# | *#tɾˈɔha# | *#tɾˈɔhə# | *#tɾˈɔhə# {GOLD: #tɾˈɔhə#}
240    | ... | ... | ... | ... | ... | ... | ... | ... | ... | *#dˌaɾˈɔva# | *#dˌaɾˈɔva# | *#dˌaɾˈɔvə# | *#daɾˈɔvə# {GOLD: #daɾˈɔvə#}
241    | ... | ... | ... | ... | ... | ... | ... | *#dˈɒlbtɑ# | *#dˈɒːlptɑ# | *#dˈɔːlpta# | *#dˈɔːlpta# | *#dˈɔlptə# | *#dˈɔlptə# {GOLD: #dˈaltə#}
242    | ... | ... | ... | ... | ... | ... | ... | *#dˌɛʃnˈit͡sɑ# | *#dəʃnˈiːt͡sɑ# | *#dəʃnˈiːt͡sa# | *#dəʃnˈiːt͡sa# | *#dəʃnˈit͡sə# | *#dəʃnˈit͡sə# {GOLD: #dəʃnˈit͡sə#}
243    | ... | ... | ... | ... | ... | ... | ... | *#dəlbtˈinɑ# | *#dəlptˈĩnɑ# | *#dl̩ptˈĩna# | *#dl̩ptˈĩna# | *#dl̩ptˈinə# | *#dəlptˈinə# {GOLD: #dɛltˈinə#}
244    | ... | ... | ... | ... | ... | ... | ... | ... | ... | *#dˌixˈat# | *#dˌihˈat# | *#dˌihˈat# | *#dihˈat# {GOLD: #dihˈat#}
245    | ... | ... | ... | ... | ... | ... | ... | ... | ... | *#dˈiɾa# | *#dˈiɾa# | *#dˈiɾə# | *#dˈiɾə# {GOLD: #dˈiɾə#}
246    | ... | ... | ... | ... | ... | ... | ... | ... | ... | *#dˈibɾ̩# | *#dˈibɾ̩# | *#dˈibɾ̩# | *#dˈibəɾ# {GOLD: #dˈibəɾ#}
247    | ... | ... | ... | ... | ... | ... | ... | *#dˈɪbrjə# | *#dˈɪbrj# | *#dˈibr̩# | *#dˈibr̩# | *#dˈibr̩# | *#dˈibər# {GOLD: #dˈibər#}
248    | ... | ... | ... | ... | ... | ... | ... | ... | ... | *#dˌɔlˈina# | *#dˌɔlˈina# | *#dˌɔlˈinə# | *#dɔlˈinə# {GOLD: #dɔlˈinə#}
249    | ... | ... | ... | ... | ... | ... | ... | ... | ... | *#dˌɔbˈit# | *#dˌɔbˈit# | *#dˌɔbˈit# | *#dɔbˈit# {GOLD: #dɔbˈit#}
250    | ... | ... | ... | ... | ... | ... | ... | ... | ... | *#dˈɔjka# | *#dˈɔjka# | *#dˈɔjkə# | *#dˈɔjkə# {GOLD: #dˈɔjkə#}
251    | ... | ... | ... | ... | ... | ... | ... | ... | ... | *#dˈɔb# | *#dˈɔb# | *#dˈɔb# | *#dˈɔb# {GOLD: #dˈɔbə#}
252    | ... | ... | ... | ... | ... | ... | ... | ... | ... | *#dˌɔ̃bɾˈaj# | *#dˌɔ̃bɾˈaj# | *#dˌɔbɾˈaj# | *#dɔbɾˈaj# {GOLD: #dumbɾˈɛ#}
253    | ... | ... | ... | ... | ... | ... | ... | ... | ... | *#dˈɔ̃bɾ̩# | *#dˈɔ̃bɾ̩# | *#dˈɔbɾ̩# | *#dˈɔbəɾ# {GOLD: #dˈumbəɾ#}
254    | ... | ... | ... | ... | ... | ... | ... | ... | ... | *#dɾˈaɡa# | *#dɾˈaɡa# | *#dɾˈaɡə# | *#dɾˈaɡə# {GOLD: #dɾˈaɡə#}
255    | ... | ... | ... | ... | ... | ... | ... | *#drˈɑnɡə# | *#drˈɑ̃ŋɡ# | *#dɾˈãŋɡ# | *#dɾˈə̃ŋɡ# | *#dɾˈəŋɡ# | *#dɾˈəŋɡ# {GOLD: #dɾˈəŋɡ#}
256    | ... | ... | ... | ... | ... | ... | ... | ... | ... | *#dɾˌɛmˈit# | *#dɾˌɛmˈit# | *#dɾˌɛmˈit# | *#dɾɛmˈit# {GOLD: #dɾɛmˈit#}
257    | ... | ... | ... | ... | ... | ... | ... | ... | ... | *#dɾˌɔbˈit# | *#dɾˌɔbˈit# | *#dɾˌɔbˈit# | *#dɾɔbˈit# {GOLD: #dɾɔbˈit#}
258    | ... | ... | ... | ... | ... | ... | ... | *#drˈɒkɪ# | *#drˈɒc# | *#dɾˈɔc# | *#dɾˈɔc# | *#dɾˈɔc# | *#dɾˈɔc# {GOLD: #dɾˈɔk#}
259    | ... | ... | ... | ... | ... | ... | ... | *#drˈɔbɪnit͡sɑ# | *#drˈɔbə̃ɾ̃it͡sɑ# | *#dɾˈɔbə̃ɾ̃it͡sa# | *#dɾˈɔbə̃ɾit͡sa# | *#dɾˈɔbəɾit͡sə# | *#dɾˈɔbəɾit͡sə# {GOLD: #dɾˈɔmt͡sə#}
260    | ... | ... | ... | ... | ... | ... | ... | *#t͡sˌɑlˈikə# | *#t͡sˌɑlˈik# | *#t͡sˌalˈik# | *#t͡sˌalˈik# | *#t͡sˌalˈik# | *#t͡salˈik# {GOLD: #t͡salˈik#}
261    | ... | ... | ... | ... | ... | ... | ... | ... | ... | *#t͡sˌaɾˈina# | *#t͡sˌaɾˈina# | *#t͡sˌaɾˈinə# | *#t͡saɾˈinə# {GOLD: #t͡saɾˈinə#}
262    | ... | ... | ... | ... | ... | ... | ... | *#t͡ʃˈɑrɑ# | *#sˈɑːrɑ# | *#sˈaːɾa# | *#sˈaːɾa# | *#sˈaɾə# | *#sˈaɾə# {GOLD: #t͡sˈaɾə#}
263    | ... | ... | ... | ... | ... | ... | ... | *#t͡ʃˈɑrɪbɑ# | *#sˈɑːrbɑ# | *#sˈaːɾba# | *#sˈaːɾba# | *#sˈaɾbə# | *#sˈaɾbə# {GOLD: #t͡sˈaɾbə#}
264    | ... | ... | ... | ... | ... | ... | ... | *#t͡ʃˌɪrnˈidlɒ# | *#sərːˈiðl# | *#sərˈil# | *#sərˈil# | *#sərˈil# | *#sərˈil# {GOLD: #t͡səɾˈil#}
265    | ... | ... | ... | ... | ... | ... | ... | *#t͡sˌɛrnˈikə# | *#t͡sərːˈik# | *#t͡sərˈik# | *#t͡sərˈik# | *#t͡sərˈik# | *#t͡sərˈik# {GOLD: #t͡sərˈik#}
266    | ... | ... | ... | ... | ... | ... | ... | ... | ... | *#t͡sˌɛnˈit# | *#t͡sˌɛnˈit# | *#t͡sˌɛnˈit# | *#t͡sɛnˈit# {GOLD: #t͡sɛnˈit#}
267    | ... | ... | ... | ... | ... | ... | ... | *#t͡ʃˈɪrmɑ# | *#sˈɪːrmɑ# | *#sˈɛɾma# | *#sˈɛɾma# | *#sˈɛɾmə# | *#sˈɛɾmə# {GOLD: #t͡sˈɛɾmə#}
268    | ... | ... | ... | ... | ... | ... | ... | *#t͡ʃˈitɑ# | *#sˈitɑ# | *#sˈita# | *#sˈita# | *#sˈitə# | *#sˈitə# {GOLD: #t͡sˈitə#}
269    | ... | ... | ... | ... | ... | ... | ... | *#t͡ʃˈubə# | *#sˈub# | *#sˈub# | *#sˈub# | *#sˈub# | *#sˈub# {GOLD: #t͡sˈub#}
270    | ... | ... | ... | ... | ... | ... | ... | ... | ... | *#sˈaniɛ# | *#sˈaniɛ# | *#sˈaniɛ# | *#sˈaniɛ# {GOLD: #sˈajə#}
271    | ... | ... | ... | ... | ... | ... | ... | ... | ... | *#sˈɛna# | *#sˈɛna# | *#sˈɛnə# | *#sˈɛnə# {GOLD: #sˈanə#}
272    | ... | ... | ... | ... | ... | ... | ... | ... | ... | *#sjˈanɔ# | *#sjˈanɔ# | *#sjˈanə# | *#sjˈanə# {GOLD: #sˈanə#}
273    | ... | ... | ... | ... | ... | ... | ... | ... | ... | *#sˈabʎɛ# | *#sˈabʎɛ# | *#sˈabjɛ# | *#sˈabjɛ# {GOLD: #sˈabjɛ#}
274    | ... | ... | ... | ... | ... | ... | ... | ... | ... | *#sˈɛlt͡sa# | *#sˈɛlt͡sa# | *#sˈɛlt͡sə# | *#sˈɛlt͡sə# {GOLD: #sˈɛlt͡sə#}
275    | ... | ... | ... | ... | ... | ... | ... | ... | ... | *#sˈɛɾa# | *#sˈɛɾa# | *#sˈɛɾə# | *#sˈɛɾə# {GOLD: #sˈɛɾə#}
276    | ... | ... | ... | ... | ... | ... | ... | ... | ... | *#sˈɛ̃bɾ̩# | *#sˈɛ̃bɾ̩# | *#sˈɛbɾ̩# | *#sˈɛbəɾ# {GOLD: #sˈɛmbəɾ#}
277    | ... | ... | ... | ... | ... | ... | ... | ... | ... | *#sˈilˠa# | *#sˈilˠa# | *#sˈilˠə# | *#sˈilˠə# {GOLD: #sˈilˠə#}
278    | ... | ... | ... | ... | ... | ... | ... | ... | ... | *#sˌɛ̃jˈit# | *#sˌɛ̃jˈit# | *#sˌɛjˈit# | *#sɛjˈit# {GOLD: #sˈit#}
279    | ... | ... | ... | ... | ... | ... | ... | ... | ... | *#sˈitɔ# | *#sˈitɔ# | *#sˈitə# | *#sˈitə# {GOLD: #sˈitə#}
280    | ... | ... | ... | ... | ... | ... | ... | ... | ... | *#sˈitka# | *#sˈitka# | *#sˈitkə# | *#sˈitkə# {GOLD: #sˈitkə#}
281    | ... | ... | ... | ... | ... | ... | ... | ... | ... | *#sˈitka# | *#sˈitka# | *#sˈitkə# | *#sˈitkə# {GOLD: #sˈitkə#}
282    | ... | ... | ... | ... | ... | ... | ... | ... | ... | *#sˌɔtˈina# | *#sˌɔtˈina# | *#sˌɔtˈinə# | *#sɔtˈinə# {GOLD: #sɔtˈinə#}
283    | ... | ... | ... | ... | ... | ... | ... | ... | ... | *#sˌɔ̃dˈit# | *#sˌɔ̃dˈit# | *#sˌɔdˈit# | *#sɔdˈit# {GOLD: #sɔdˈit#}
284    | ... | ... | ... | ... | ... | ... | ... | ... | ... | *#sˌɔvˈaʎka# | *#sˌɔvˈaʎka# | *#sˌɔvˈajkə# | *#sɔvˈajkə# {GOLD: #sɔvˈajkə#}
285    | ... | ... | ... | ... | ... | ... | ... | ... | ... | *#skˈɔɾɔ# | *#skˈɔɾɔ# | *#skˈɔɾə# | *#skˈɔɾə# {GOLD: #skˈɔrə#}
286    | ... | ... | ... | ... | ... | ... | ... | ... | ... | *#skˌɔlˠˈupa# | *#skˌɔlˠˈupa# | *#skˌɔlˠˈupə# | *#skɔlˠˈupə# {GOLD: #sklˠˈupə#}
287    | ... | ... | ... | ... | ... | ... | ... | ... | ... | *#skɾˈɔvna# | *#skɾˈɔvna# | *#skɾˈɔvnə# | *#skɾˈɔvnə# {GOLD: #skɾˈɔmə#}
288    | ... | ... | ... | ... | ... | ... | ... | ... | ... | *#slˈɔɡ# | *#slˈɔɡ# | *#slˈɔɡ# | *#slˈɔɡ# {GOLD: #slˠˈɔɡ#}
289    | ... | ... | ... | ... | ... | ... | ... | ... | ... | *#sˈuxa# | *#sˈuha# | *#sˈuhə# | *#sˈuhə# {GOLD: #sˈuhə#}
290    | ... | ... | ... | ... | ... | ... | ... | ... | ... | *#sˈukl̩# | *#sˈukl̩# | *#sˈukl̩# | *#sˈukəl# {GOLD: #sˈukulˠ#}
291    | ... | ... | ... | ... | ... | ... | ... | ... | ... | *#sˈɔ̃d# | *#sˈɔ̃d# | *#sˈɔd# | *#sˈɔd# {GOLD: #sˈund#}
292    | ... | ... | ... | ... | ... | ... | ... | ... | ... | *#skʎˈɔta# | *#skʎˈɔta# | *#scˈɔtə# | *#scˈɔtə# {GOLD: #scˈɔtə#}
293    | ... | ... | ... | ... | ... | ... | ... | ... | ... | *#skʎˈufuɾɛ# | *#skʎˈufuɾɛ# | *#scˈufuɾɛ# | *#scˈufuɾɛ# {GOLD: #scˈufuɾ#}
294    | ... | ... | ... | ... | ... | ... | ... | ... | ... | *#stɾˌikˈat# | *#stɾˌikˈat# | *#stɾˌikˈat# | *#stɾikˈat# {GOLD: #stəɾkˈat#}
295    | ... | ... | ... | ... | ... | ... | ... | ... | ... | *#stˌəɾvˈit# | *#stˌəɾvˈit# | *#stˌəɾvˈit# | *#stəɾvˈit# {GOLD: #stəɾvˈit#}
296    | ... | ... | ... | ... | ... | ... | ... | ... | ... | *#stˌɛɾvˈina# | *#stˌɛɾvˈina# | *#stˌɛɾvˈinə# | *#stɛɾvˈinə# {GOLD: #stəɾvˈinə#}
297    | ... | ... | ... | ... | ... | ... | ... | ... | ... | *#stˈɛʎa# | *#stˈɛʎa# | *#stˈɛjə# | *#stˈɛjə# {GOLD: #stˈɛjə#}
298    | ... | ... | ... | ... | ... | ... | ... | ... | ... | *#stˈɛ̃ɡa# | *#stˈɛ̃ɡa# | *#stˈɛɡə# | *#stˈɛɡə# {GOLD: #stˈɛɡə#}
299    | ... | ... | ... | ... | ... | ... | ... | ... | ... | *#stˈɛp# | *#stˈɛp# | *#stˈɛp# | *#stˈɛp# {GOLD: #stˈɛp#}
300    | ... | ... | ... | ... | ... | ... | ... | ... | ... | *#stɾˈɛxa# | *#stɾˈɛha# | *#stɾˈɛhə# | *#stɾˈɛhə# {GOLD: #stɾˈɛhə#}
301    | ... | ... | ... | ... | ... | ... | ... | ... | ... | *#stɾˈɔka# | *#stɾˈɔka# | *#stɾˈɔkə# | *#stɾˈɔkə# {GOLD: #stɾˈɔkə#}
302    | ... | ... | ... | ... | ... | ... | ... | ... | ... | *#stɾˈuka# | *#stɾˈuka# | *#stɾˈukə# | *#stɾˈukə# {GOLD: #stɾˈukə#}
303    | ... | ... | ... | ... | ... | ... | ... | ... | ... | *#stɾˈumi# | *#stɾˈumi# | *#stɾˈumi# | *#stɾˈumi# {GOLD: #stɾˈum#}
304    | ... | ... | ... | ... | ... | ... | ... | ... | ... | *#smiʎˈat# | *#smiʎˈat# | *#smijˈat# | *#smijˈat# {GOLD: #smilˈat#}
305    | ... | ... | ... | ... | ... | ... | ... | ... | ... | *#zˌabˈɛl# | *#zˌabˈɛl# | *#zˌabˈɛl# | *#zabˈɛl# {GOLD: #zabˈɛl#}
306    | ... | ... | ... | ... | ... | ... | ... | *#zˌɑbˈɒjɪ# | *#zˌɑbˈɒj# | *#zˌabˈɔj# | *#zˌabˈɔj# | *#zˌabˈɔj# | *#zabˈɔj# {GOLD: #zabˈua̯#}
307    | ... | ... | ... | ... | ... | ... | ... | *#zˌɑnbˈiʃtɑ# | *#zˌɑ̃mbˈiːʃtɑ# | *#zˌãmbˈiːʃta# | *#zˌə̃mbˈiːʃta# | *#zˌəmbˈiʃtə# | *#zəmbˈiʃtə# {GOLD: #zəmbˈiʃt#}
308    | ... | ... | ... | ... | ... | ... | ... | *#zˌɑnblˈɑkə# | *#zˌɑ̃mblˈɑk# | *#zˌãmblˈak# | *#zˌə̃mblˈak# | *#zˌəmblˈak# | *#zəmblˈak# {GOLD: #zəmblˈak#}
309    | ... | ... | ... | ... | ... | ... | ... | *#zˈɑnbʃɑ# | *#zˈɑ̃mpʃɑ# | *#zˈãmpʃa# | *#zˈə̃mpt͡ʃa# | *#zˈəmbt͡ʃə# | *#zˈəmbt͡ʃə# {GOLD: #zˈəmt͡ʃə#}
310    | ... | ... | ... | ... | ... | ... | ... | *#zˈuʃɑ# | *#zˈuːʃɑ# | *#zˈuːʃa# | *#zˈuːʃa# | *#zˈuʃə# | *#zˈuʃə# {GOLD: #zˈuʃə#}
311    | ... | ... | ... | ... | ... | ... | ... | ... | ... | *#jˌizbavˈit# | *#jˌizbavˈit# | *#jˌizbavˈit# | *#jizbavˈit# {GOLD: #zbavˈit#}
312    | ... | ... | ... | ... | ... | ... | ... | *#zwˌɑrˈiʃtɛ# | *#zwˌɑrˈiːʃt# | *#zvˌaɾˈiːʃt# | *#zvˌaɾˈiːʃt# | *#zvˌaɾˈiʃt# | *#zvaɾˈiʃt# {GOLD: #zvaɾˈiʃt#}
313    | ... | ... | ... | ... | ... | ... | ... | ... | ... | *#nˌɛpˈəɾtəkə# | *#nˌɛpˈəɾtəkə# | *#nˌɛpˈəɾtəkə# | *#nɛpˈəɾtəkə# {GOLD: #nɛpˈəɾkə#}
314    | ... | ... | ... | ... | ... | ... | ... | ... | ... | *#nˌɛvˌɛɾˈit# | *#nˌɛvˌɛɾˈit# | *#nˌɛvˌɛɾˈit# | *#nɛvɛɾˈit# {GOLD: #nɛvɛɾˈit#}
315    | ... | ... | ... | ... | ... | ... | ... | ... | ... | *#nˌɛvˈɔʎa# | *#nˌɛvˈɔʎa# | *#nˌɛvˈɔjə# | *#nɛvˈɔjə# {GOLD: #nɛvˈɔjə#}
316    | ... | ... | ... | ... | ... | ... | ... | ... | ... | *#nˈɛm# | *#nˈɛm# | *#nˈɛm# | *#nˈɛm# {GOLD: #nˈɛm#}
317    | ... | ... | ... | ... | ... | ... | ... | ... | ... | *#nˌɔʒˈik# | *#nˌɔʒˈik# | *#nˌɔʒˈik# | *#nɔʒˈik# {GOLD: #nɔzˈikə#}
318    | ... | ... | ... | ... | ... | ... | ... | ... | ... | *#nˈɔfka# | *#nˈɔfka# | *#nˈɔfkə# | *#nˈɔfkə# {GOLD: #nˈɔfkə#}
319    | ... | ... | ... | ... | ... | ... | ... | *#ˌɒlkɒːmˈɪjɛ# | *#ˌɒlkɒ̃ːmˈɪː# | *#ˌɔlˠkɔ̃ːmˈi# | *#ˌɔlˠkɔ̃ːmˈi# | *#ˌɔlˠkɔmˈi# | *#ɔlˠkɔmˈi# {GOLD: #lakmˈi#}
320    | ... | ... | ... | ... | ... | ... | ... | *#lˌɑʃˈɒwɑ# | *#lˌɑʃˈɒwɑ# | *#lˠˌaʃˈɔwa# | *#lˠˌaʃˈɔva# | *#lˠˌaʃˈɔvə# | *#lˠaʃˈɔvə# {GOLD: #laʃˈɔvə#}
321    | ... | ... | ... | ... | ... | ... | ... | ... | ... | *#lˠˌapˈuʃa# | *#lˠˌapˈuʃa# | *#lˠˌapˈuʃə# | *#lˠapˈuʃə# {GOLD: #lapˈuʃə#}
322    | ... | ... | ... | ... | ... | ... | ... | *#lˌɑbˈɒwɑ# | *#lˌɑbˈɒwɑ# | *#lˌabˈɔwa# | *#lˌabˈɔva# | *#lˌabˈɔvə# | *#labˈɔvə# {GOLD: #labˈɔvə#}
323    | ... | ... | ... | ... | ... | ... | ... | *#ˈɒlkɒmə# | *#ˈɒːlkɒ̃m# | *#ˈɔːlˠkɔ̃m# | *#ˈɔːlˠkɔ̃m# | *#ˈɔlˠkɔm# | *#ˈɔlˠkɔm# {GOLD: #lˈakəm#}
324    | ... | ... | ... | ... | ... | ... | ... | ... | ... | *#lˈatɔ# | *#lˈatɔ# | *#lˈatə# | *#lˈatə# {GOLD: #lˈatə#}
325    | ... | ... | ... | ... | ... | ... | ... | *#lˈɑbə# | *#lˈɑb# | *#lˈab# | *#lˈab# | *#lˈab# | *#lˈab# {GOLD: #lˈab#}
326    | ... | ... | ... | ... | ... | ... | ... | *#lˌɑnɡə# | *#lˌɑ̃ŋɡ# | *#lˠˌãŋɡ# | *#lˠˌə̃ŋɡ# | *#lˠˌəŋɡ# | *#lˠəŋɡ# {GOLD: #ləŋɡ#}
327    | ... | ... | ... | ... | ... | ... | ... | *#lˌendˈinɑ# | *#lə̃ndˈĩnɑ# | *#lə̃ndˈĩna# | *#lə̃ndˈĩna# | *#ləndˈinə# | *#ləndˈinə# {GOLD: #ləndˈinə#}
328    | ... | ... | ... | ... | ... | ... | ... | *#lˈɑnɡt͡skɑ# | *#lˈɑ̃ŋɡt͡skɑ# | *#lˠˈãŋɡt͡ska# | *#lˠˈə̃ŋɡt͡ska# | *#lˠˈəŋɡt͡skə# | *#lˠˈəŋɡt͡skə# {GOLD: #lˈənt͡skə#}
329    | ... | ... | ... | ... | ... | ... | ... | ... | ... | *#lˌit͡ʃˈit# | *#lˌit͡ʃˈit# | *#lˌit͡ʃˈit# | *#lit͡ʃˈit# {GOLD: #lɛt͡ʃˈit#}
330    | ... | ... | ... | ... | ... | ... | ... | *#lˌeːʃɪnˈit͡sɑ# | *#lˌɛːʃə̃ɾ̃ˈiːt͡sɑ# | *#lˌɛːʃə̃ɾ̃ˈiːt͡sa# | *#lˌɛːʃə̃ɾˈiːt͡sa# | *#lˌɛʃəɾˈit͡sə# | *#lɛʃəɾˈit͡sə# {GOLD: #lɛʃnˈit͡sə#}
331    | ... | ... | ... | ... | ... | ... | ... | ... | ... | *#lˌɛbɛtˈit# | *#lˌɛbɛtˈit# | *#lˌɛbɛtˈit# | *#lɛbɛtˈit# {GOLD: #lɛbɛtˈit#}
332    | ... | ... | ... | ... | ... | ... | ... | ... | ... | *#lˈɛxa# | *#lˈɛha# | *#lˈɛhə# | *#lˈɛhə# {GOLD: #lˈɛhə#}
333    | ... | ... | ... | ... | ... | ... | ... | *#lˈɑʃɑ# | *#lˈɑːʃɑ# | *#lˠˈaːʃa# | *#lˠˈaːʃa# | *#lˠˈaʃə# | *#lˠˈaʃə# {GOLD: #lˈɛʃə#}
334    | ... | ... | ... | ... | ... | ... | ... | *#lˈeːʃɪnjɑ# | *#lˈɛːʃə̃ɲɑ# | *#lˈɛːʃə̃ɲa# | *#lˈɛːʃə̃ɲa# | *#lˈɛʃəɲə# | *#lˈɛʃəɲə# {GOLD: #lˈɛʃɲə#}
335    | ... | ... | ... | ... | ... | ... | ... | ... | ... | *#lˈɛsa# | *#lˈɛsa# | *#lˈɛsə# | *#lˈɛsə# {GOLD: #lˈɛsə#}
336    | ... | ... | ... | ... | ... | ... | ... | ... | ... | *#lˈistkɾ̩# | *#lˈistkɾ̩# | *#lˈistkɾ̩# | *#lˈistkəɾ# {GOLD: #lˈɛskəɾ#}
337    | ... | ... | ... | ... | ... | ... | ... | ... | ... | *#lˈɛʎa# | *#lˈɛʎa# | *#lˈɛjə# | *#lˈɛjə# {GOLD: #lˈɛlə#}
338    | ... | ... | ... | ... | ... | ... | ... | ... | ... | *#lˌɛ̃dɔɡˈɔnə# | *#lˌɛ̃dɔɡˈɔnə# | *#lˌɛdɔɡˈɔnə# | *#lɛdɔɡˈɔnə# {GOLD: #likɔɟˈɔnə#}
339    | ... | ... | ... | ... | ... | ... | ... | *#lˈixɒ# | *#lˈix# | *#lˈix# | *#lˈih# | *#lˈih# | *#lˈih# {GOLD: #lˈijə#}
340    | ... | ... | ... | ... | ... | ... | ... | ... | ... | *#lˈipa# | *#lˈipa# | *#lˈipə# | *#lˈipə# {GOLD: #lˈipə#}
341    | ... | ... | ... | ... | ... | ... | ... | ... | ... | *#lˠˌɔpˈata# | *#lˠˌɔpˈata# | *#lˠˌɔpˈatə# | *#lˠɔpˈatə# {GOLD: #lɔpˈatə#}
342    | ... | ... | ... | ... | ... | ... | ... | ... | ... | *#lˈɔɡ# | *#lˈɔɡ# | *#lˈɔɡ# | *#lˈɔɡ# {GOLD: #lˈɔɡ#}
343    | ... | ... | ... | ... | ... | ... | ... | ... | ... | *#lˈɔza# | *#lˈɔza# | *#lˈɔzə# | *#lˈɔzə# {GOLD: #lˈɔzə#}
344    | ... | ... | ... | ... | ... | ... | ... | ... | ... | *#lˈɔza# | *#lˈɔza# | *#lˈɔzə# | *#lˈɔzə# {GOLD: #lˈɔzɛ#}
345    | ... | ... | ... | ... | ... | ... | ... | ... | ... | *#lˌuxˈat# | *#lˌuhˈat# | *#lˌuhˈat# | *#luhˈat# {GOLD: #luhˈat#}
346    | ... | ... | ... | ... | ... | ... | ... | ... | ... | *#lˌuʒˈiɛ# | *#lˌuʒˈiɛ# | *#lˌuʒˈiɛ# | *#luʒˈiɛ# {GOLD: #luʒˈi#}
347    | ... | ... | ... | ... | ... | ... | ... | *#ʎˈutʃɑ# | *#ʎˈutʃɑ# | *#lˈutʃa# | *#lˈutʃa# | *#lˈutʃə# | *#lˈutʃə# {GOLD: #lˈuʃə#}
348    | ... | ... | ... | ... | ... | ... | ... | *#ʎˈutɑ# | *#ʎˈutɑ# | *#lˈuta# | *#lˈuta# | *#lˈutə# | *#lˈutə# {GOLD: #lˈutə#}
349    | ... | ... | ... | ... | ... | ... | ... | ... | ... | *#lˈuspa# | *#lˈuspa# | *#lˈuspə# | *#lˈuspə# {GOLD: #lˈuspə#}
350    | ... | ... | ... | ... | ... | ... | ... | *#rːˌɒɡˈɑlɪ# | *#rːˌɒɡˈɑːl# | *#rˌɔɡˈaːl# | *#rˌɔɡˈaːl# | *#rˌɔɡˈal# | *#rɔɡˈal# {GOLD: #ɾaɡˈal#}
351    | ... | ... | ... | ... | ... | ... | ... | *#rˌɑdˈimɑ# | *#rˌɑðˈĩmɑ# | *#ɾˌaðˈĩma# | *#ɾˌaðˈĩma# | *#ɾˌaðˈimə# | *#ɾaðˈimə# {GOLD: #ɾaðˈimə#}
352    | ... | ... | ... | ... | ... | ... | ... | *#wˌɒrbˈɪt͡sɪ# | *#wˌɒrbˈɛːt͡s# | *#wˌɔɾbˈɛːt͡s# | *#vˌaɾbˈɛːt͡s# | *#vˌaɾbˈɛt͡s# | *#vaɾbˈɛt͡s# {GOLD: #ɾabˈɛt͡s#}
353    | ... | ... | ... | ... | ... | ... | ... | *#rˈɒwɑ# | *#rˈɒwɑ# | *#ɾˈɔwa# | *#ɾˈɔva# | *#ɾˈɔvə# | *#ɾˈɔvə# {GOLD: #ɾˈavə#}
354    | ... | ... | ... | ... | ... | ... | ... | *#rːˈɔːkɑ# | *#rːˈuo̯kɑ# | *#rˈuo̯ka# | *#rˈua̯ka# | *#rˈua̯kə# | *#rˈua̯kə# {GOLD: #ɾˈavɡə#}
355    | ... | ... | ... | ... | ... | ... | ... | ... | ... | *#ɾˈɛʒɡa# | *#ɾˈɛʒɡa# | *#ɾˈɛʒɡə# | *#ɾˈɛʒɡə# {GOLD: #ɾˈɛʒɡə#}
356    | ... | ... | ... | ... | ... | ... | ... | *#rˈendə# | *#rˈɛ̃nd# | *#ɾˈɛ̃nd# | *#ɾˈɛ̃nd# | *#ɾˈɛnd# | *#ɾˈɛnd# {GOLD: #ɾˈɛnd#}
357    | ... | ... | ... | ... | ... | ... | ... | ... | ... | *#ɾˌɔjˈit# | *#ɾˌɔjˈit# | *#ɾˌɔjˈit# | *#ɾɔjˈit# {GOLD: #ɾɔˈit#}
358    | ... | ... | ... | ... | ... | ... | ... | *#rːˌɒɡɒːwˈɪt͡ʃɪkɑ# | *#rːˌɒɡɒːwˈɛːsəkɑ# | *#rˌɔɡɔːwˈɛːsəka# | *#rˌɔɡɔːvˈɛːsəka# | *#rˌɔɡɔvˈɛsəkə# | *#rɔɡɔvˈɛsəkə# {GOLD: #ɾɔɡɔvˈɛt͡skə#}
359    | ... | ... | ... | ... | ... | ... | ... | *#ˌɒrtˈɑːrɪ# | *#ˌɒrtˈɑːr# | *#ˌaɾtˈaːɾ# | *#ˌaɾtˈaːɾ# | *#ˌaɾtˈaɾ# | *#aɾtˈaɾ# {GOLD: #ɾɔtˈaɾ#}
360    | ... | ... | ... | ... | ... | ... | ... | ... | ... | *#ɾˈɔj# | *#ɾˈɔj# | *#ɾˈɔj# | *#ɾˈɔj# {GOLD: #ɾˈɔj#}
361    | ... | ... | ... | ... | ... | ... | ... | ... | ... | *#ɾˈɔjka# | *#ɾˈɔjka# | *#ɾˈɔjkə# | *#ɾˈɔjkə# {GOLD: #ɾˈɔjkə#}
362    | ... | ... | ... | ... | ... | ... | ... | ... | ... | *#ɾˈɔɡa# | *#ɾˈɔɡa# | *#ɾˈɔɡə# | *#ɾˈɔɡə# {GOLD: #ɾˈɔɡə#}
363    | ... | ... | ... | ... | ... | ... | ... | ... | ... | *#ɾˈɔb# | *#ɾˈɔb# | *#ɾˈɔb# | *#ɾˈɔb# {GOLD: #ɾˈɔb#}
364    | ... | ... | ... | ... | ... | ... | ... | ... | ... | *#ɾˈunɛt͡s# | *#ɾˈunɛt͡s# | *#ɾˈunɛt͡s# | *#ɾˈunɛt͡s# {GOLD: #ɾˈuns#}
365    | ... | ... | ... | ... | ... | ... | ... | *#rˌɑnɡˈɑtɪ# | *#rˌɑ̃ŋɡˈɑt# | *#ɾˌãŋɡˈat# | *#ɾˌə̃ŋɡˈat# | *#ɾˌəŋɡˈat# | *#ɾəŋɡˈat# {GOLD: #raɡˈat#}
366    | ... | ... | ... | ... | ... | ... | ... | *#rːˌɒɡɒːʒˈinɑ# | *#rːˌɒɡɒːzˈĩnɑ# | *#rˌɔɡɔːzˈĩna# | *#rˌɔɡɔːzˈĩna# | *#rˌɔɡɔzˈinə# | *#rɔɡɔzˈinə# {GOLD: #raɡɔzˈinə#}
367    | ... | ... | ... | ... | ... | ... | ... | *#ˌɒrʃˈɔlə# | *#ˌɒrʃˈɔːl# | *#ˌaɾʃˈɔːl# | *#ˌaɾʃˈɔːl# | *#ˌaɾʃˈɔl# | *#aɾʃˈɔl# {GOLD: #rasˈɔlˠ#}
368    | ... | ... | ... | ... | ... | ... | ... | ... | ... | *#xɾˌanˈit͡sa# | *#hɾˌanˈit͡sa# | *#hɾˌanˈit͡sə# | *#hɾanˈit͡sə# {GOLD: #ranˈit͡sə#}
369    | ... | ... | ... | ... | ... | ... | ... | ... | ... | *#xɾˌapˈat# | *#hɾˌapˈat# | *#hɾˌapˈat# | *#hɾapˈat# {GOLD: #rapˈat#}
370    | ... | ... | ... | ... | ... | ... | ... | *#rːˈɑklɑ# | *#rːˈɑklɑ# | *#rˈakʎɛ# | *#rˈakʎɛ# | *#rˈacɛ# | *#rˈacɛ# {GOLD: #rˈacɛ#}
371    | ... | ... | ... | ... | ... | ... | ... | ... | ... | *#xɾˈap# | *#hɾˈap# | *#hɾˈap# | *#hɾˈap# {GOLD: #rˈap#}
372    | ... | ... | ... | ... | ... | ... | ... | *#ˈɒrwɛʃə# | *#ˈɒːrwəʃ# | *#ˈɔːɾvəʃ# | *#ˈɔːɾvəʃ# | *#ˈɔɾvəʃ# | *#ˈɔɾvəʃ# {GOLD: #rˈafʃ#}
373    | ... | ... | ... | ... | ... | ... | ... | *#rːˌɑkˈɒjɒ̃# | *#rːˌɑkˈɒj# | *#rˌakˈɔj# | *#rˌakˈɔj# | *#rˌakˈɔj# | *#rakˈɔj# {GOLD: #rəkˈajə#}
374    | ... | ... | ... | ... | ... | ... | ... | *#rːˌɒɡˈɑlɑ# | *#rːˌɒɡˈɑːlɑ# | *#rˌɔɡˈaːlˠa# | *#rˌɔɡˈaːlˠa# | *#rˌɔɡˈalˠə# | *#rɔɡˈalˠə# {GOLD: #rəɡˈalˠə#}
375    | ... | ... | ... | ... | ... | ... | ... | *#rˈenʃɪkɑ# | *#rˈɛ̃ʃəkɑ# | *#ɾˈɛ̃ʃəka# | *#ɾˈɛ̃ʃəka# | *#ɾˈɛʃəkə# | *#ɾˈɛʃəkə# {GOLD: #rˈɛt͡skə#}
376    | ... | ... | ... | ... | ... | ... | ... | *#rːˌɒɡˈɔzə# | *#rːˌɒɡˈɔːz# | *#rˌɔɡˈɔːz# | *#rˌɔɡˈɔːz# | *#rˌɔɡˈɔz# | *#rɔɡˈɔz# {GOLD: #rɔɡˈɔz#}
377    | ... | ... | ... | ... | ... | ... | ... | *#rːˌɒpˈɑkə# | *#rːˌɒpˈɑk# | *#rˌɔpˈak# | *#rˌɔpˈak# | *#rˌɔpˈak# | *#rɔpˈak# {GOLD: #rɔpˈak#}
378    | ... | ... | ... | ... | ... | ... | ... | *#rːˈɒbɒtˈitɪ# | *#rːˈɒbətˈit# | *#rˈɔbətˈit# | *#rˈɔbətˈit# | *#rˈɔbətˈit# | *#rˈɔbətˈit# {GOLD: #rɔbtˈit#}
379    | ... | ... | ... | ... | ... | ... | ... | *#rːˈɒɡɑ# | *#rːˈɒɡɑ# | *#rˈɔɡa# | *#rˈɔɡa# | *#rˈɔɡə# | *#rˈɔɡə# {GOLD: #rˈɔɡə#}
380    | ... | ... | ... | ... | ... | ... | ... | *#rːˈɔʒɪkɑ# | *#rːˈuːzəkɑ# | *#rˈuːzəka# | *#rˈuːzəka# | *#rˈuzəkə# | *#rˈuzəkə# {GOLD: #rˈɔzɡ#}
381    | ... | ... | ... | ... | ... | ... | ... | *#rːˈunɒ# | *#rːˈũ# | *#rˈũ# | *#rˈũ# | *#rˈu# | *#rˈu# {GOLD: #rˈunə#}
382    | ... | ... | ... | ... | ... | ... | ... | ... | ... | *#pˌaʃnˈikə# | *#pˌaʃnˈikə# | *#pˌaʃnˈikə# | *#paʃnˈikə# {GOLD: #paʃnˈik#}
383    | ... | ... | ... | ... | ... | ... | ... | *#pˌɔdkˈɔː# | *#pˌɔtkˈuo̯# | *#pˌɔtkˈuo̯# | *#pˌɔtkˈua̯# | *#pˌɔtkˈua̯# | *#pɔtkˈua̯# {GOLD: #patkˈua̯#}
384    | ... | ... | ... | ... | ... | ... | ... | ... | ... | *#pˌadˈit# | *#pˌadˈit# | *#pˌadˈit# | *#padˈit# {GOLD: #padˈit#}
385    | ... | ... | ... | ... | ... | ... | ... | ... | ... | *#pˈata# | *#pˈata# | *#pˈatə# | *#pˈatə# {GOLD: #pˈatə#}
386    | ... | ... | ... | ... | ... | ... | ... | *#pˌɒɡˈɑɲœ# | *#pˌɒɡˈɑ̃ɲɛ# | *#pˌɔɡˈãɲɛ# | *#pˌɔɡˈə̃ɲɛ# | *#pˌɔɡˈəɲɛ# | *#pɔɡˈəɲɛ# {GOLD: #pəɡˈəj#}
387    | ... | ... | ... | ... | ... | ... | ... | *#pˌɒɡˈɑnɑ# | *#pˌɒɡˈɑ̃ɾ̃ɑ# | *#pˌɔɡˈãɾ̃a# | *#pˌɔɡˈə̃ɾa# | *#pˌɔɡˈəɾə# | *#pɔɡˈəɾə# {GOLD: #pəɡˈəɾə#}
388    | ... | ... | ... | ... | ... | ... | ... | *#pˌɑndˈɑːrɪ# | *#pˌɑ̃ndˈɑːr# | *#pˌãndˈaːɾ# | *#pˌə̃ndˈaːɾ# | *#pˌəndˈaɾ# | *#pəndˈaɾ# {GOLD: #pəndˈaɾ#}
389    | ... | ... | ... | ... | ... | ... | ... | *#pˌɒkrˈɒwɑ# | *#pˌɒkrˈɒwɑ# | *#pˌɔkɾˈɔwa# | *#pˌɔkɾˈɔva# | *#pˌɔkɾˈɔvə# | *#pɔkɾˈɔvə# {GOLD: #pəɾkˈavə#}
390    | ... | ... | ... | ... | ... | ... | ... | *#pˌɒrˈɔː# | *#pˌɒrˈuo̯# | *#pˌɔɾˈuo̯# | *#pˌɔɾˈua̯# | *#pˌɔɾˈua̯# | *#pɔɾˈua̯# {GOLD: #pərˈua̯#}
391    | ... | ... | ... | ... | ... | ... | ... | ... | ... | *#pˌɛlˈɛna# | *#pˌɛlˈɛna# | *#pˌɛlˈɛnə# | *#pɛlˈɛnə# {GOLD: #pɛlˈɛnə#}
392    | ... | ... | ... | ... | ... | ... | ... | ... | ... | *#pˌɛlˈin# | *#pˌɛlˈin# | *#pˌɛlˈin# | *#pɛlˈin# {GOLD: #pɛlˈin#}
393    | ... | ... | ... | ... | ... | ... | ... | ... | ... | *#pˈɛk# | *#pˈɛk# | *#pˈɛk# | *#pˈɛk# {GOLD: #pˈɛk#}
394    | ... | ... | ... | ... | ... | ... | ... | ... | ... | *#pˌijavˈit͡sa# | *#pˌijavˈit͡sa# | *#pˌijavˈit͡sə# | *#pijavˈit͡sə# {GOLD: #pjavˈit͡sə#}
395    | ... | ... | ... | ... | ... | ... | ... | ... | ... | *#pˌixˈat# | *#pˌihˈat# | *#pˌihˈat# | *#pihˈat# {GOLD: #pihˈat#}
396    | ... | ... | ... | ... | ... | ... | ... | *#pˈiʃkɑ# | *#pˈiːʃkɑ# | *#pˈiːʃka# | *#pˈiːʃka# | *#pˈiʃkə# | *#pˈiʃkə# {GOLD: #pˈizɡə#}
397    | ... | ... | ... | ... | ... | ... | ... | ... | ... | *#pˈiɾ# | *#pˈiɾ# | *#pˈiɾ# | *#pˈiɾ# {GOLD: #pˈirə#}
398    | ... | ... | ... | ... | ... | ... | ... | ... | ... | *#pˌɔʎˈak# | *#pˌɔʎˈak# | *#pˌɔjˈak# | *#pɔjˈak# {GOLD: #pɔjˈak#}
399    | ... | ... | ... | ... | ... | ... | ... | *#pˌɒʎˈɑtɑ# | *#pˌɒʎˈɑtɑ# | *#pˌɔʎˈata# | *#pˌɔʎˈata# | *#pˌɔjˈatə# | *#pɔjˈatə# {GOLD: #pɔjˈatə#}
400    | ... | ... | ... | ... | ... | ... | ... | ... | ... | *#pˌɔtˈɛra# | *#pˌɔtˈɛra# | *#pˌɔtˈɛrə# | *#pɔtˈɛrə# {GOLD: #pɔtˈɛɾɛ#}
401    | ... | ... | ... | ... | ... | ... | ... | *#pˌɔdkˈɔː# | *#pˌɔtkˈuo̯# | *#pˌɔtkˈuo̯# | *#pˌɔtkˈua̯# | *#pˌɔtkˈua̯# | *#pɔtkˈua̯# {GOLD: #pɔtkˈua̯#}
402    | ... | ... | ... | ... | ... | ... | ... | ... | ... | *#pˌɔstˈaja# | *#pˌɔstˈaja# | *#pˌɔstˈajə# | *#pɔstˈajə# {GOLD: #pɔstˈahɛ#}
403    | ... | ... | ... | ... | ... | ... | ... | ... | ... | *#pˌɔstˈat# | *#pˌɔstˈat# | *#pˌɔstˈat# | *#pɔstˈat# {GOLD: #pɔstˈat#}
404    | ... | ... | ... | ... | ... | ... | ... | ... | ... | *#pˌɔstɾˈɛxa# | *#pˌɔstɾˈɛha# | *#pˌɔstɾˈɛhə# | *#pɔstɾˈɛhə# {GOLD: #pɔstɾˈɛ#}
405    | ... | ... | ... | ... | ... | ... | ... | ... | ... | *#pˌɔmnˈit# | *#pˌɔmnˈit# | *#pˌɔmnˈit# | *#pɔmnˈit# {GOLD: #pɔnˈit#}
406    | ... | ... | ... | ... | ... | ... | ... | *#pˌɒrˈendə# | *#pˌɒrˈɛ̃nd# | *#pˌɔɾˈɛ̃nd# | *#pˌɔɾˈɛ̃nd# | *#pˌɔɾˈɛnd# | *#pɔɾˈɛnd# {GOLD: #pɔɾˈɛnd#}
407    | ... | ... | ... | ... | ... | ... | ... | *#pˌɒrɑnt͡ʃˈitɪ# | *#pˌɒrɔ̃sˈit# | *#pˌɔɾɔ̃sˈit# | *#pˌɔɾɔ̃sˈit# | *#pˌɔɾɔsˈit# | *#pɔɾɔsˈit# {GOLD: #pɔɾɔsˈit#}
408    | ... | ... | ... | ... | ... | ... | ... | *#pˌɒbrˈitɪ# | *#pˌɒbrˈit# | *#pˌɔbɾˈit# | *#pˌɔbɾˈit# | *#pˌɔbɾˈit# | *#pɔbɾˈit# {GOLD: #pɔrˈit#}
409    | ... | ... | ... | ... | ... | ... | ... | ... | ... | *#pˈɔtka# | *#pˈɔtka# | *#pˈɔtkə# | *#pˈɔtkə# {GOLD: #pˈɔtkə#}
410    | ... | ... | ... | ... | ... | ... | ... | ... | ... | *#plˌaʃˈit͡sa# | *#plˌaʃˈit͡sa# | *#plˌaʃˈit͡sə# | *#plaʃˈit͡sə# {GOLD: #plˠaʃˈit͡sə#}
411    | ... | ... | ... | ... | ... | ... | ... | ... | ... | *#plˈaz# | *#plˈaz# | *#plˈaz# | *#plˈaz# {GOLD: #plˠˈaz#}
412    | ... | ... | ... | ... | ... | ... | ... | ... | ... | *#plˈɔt͡ʃa# | *#plˈɔt͡ʃa# | *#plˈɔt͡ʃə# | *#plˈɔt͡ʃə# {GOLD: #plˠˈɔt͡ʃə#}
413    | ... | ... | ... | ... | ... | ... | ... | *#plˈɒʃkɑ# | *#plˈɒːʃkɑ# | *#plˈɔːʃka# | *#plˈɔːʃka# | *#plˈɔʃkə# | *#plˈɔʃkə# {GOLD: #plˠˈɔt͡ʃkə#}
414    | ... | ... | ... | ... | ... | ... | ... | *#pˈɒlt͡skɑ# | *#pˈɒːlt͡skɑ# | *#pˈɔːlt͡ska# | *#pˈɔːlt͡ska# | *#pˈɔlt͡skə# | *#pˈɔlt͡skə# {GOLD: #plˠˈɔt͡skə#}
415    | ... | ... | ... | ... | ... | ... | ... | ... | ... | *#plˈɔska# | *#plˈɔska# | *#plˈɔskə# | *#plˈɔskə# {GOLD: #plˠˈɔskə#}
416    | ... | ... | ... | ... | ... | ... | ... | ... | ... | *#pˌɔsˈulˠa# | *#pˌɔsˈulˠa# | *#pˌɔsˈulˠə# | *#pɔsˈulˠə# {GOLD: #pusˈulˠə#}
417    | ... | ... | ... | ... | ... | ... | ... | *#pˈurjɪ# | *#pˈuːrj# | *#pˈuːr# | *#pˈuːr# | *#pˈur# | *#pˈur# {GOLD: #pˈurə#}
418    | ... | ... | ... | ... | ... | ... | ... | *#pˌɒlʃtnˈikə# | *#pˌɒlʃtnˈik# | *#pˌɔlʃtnˈik# | *#pˌɔlʃtnˈik# | *#pˌɔlʃtnˈik# | *#pɔlʃtnˈik# {GOLD: #plaʃnˈik#}
419    | ... | ... | ... | ... | ... | ... | ... | ... | ... | *#plˌivˈat# | *#plˌivˈat# | *#plˌivˈat# | *#plivˈat# {GOLD: #plɛvˈat#}
420    | ... | ... | ... | ... | ... | ... | ... | ... | ... | *#plˌɛvnˈit͡sa# | *#plˌɛvnˈit͡sa# | *#plˌɛvnˈit͡sə# | *#plɛvnˈit͡sə# {GOLD: #plɛvˈit͡sə#}
421    | ... | ... | ... | ... | ... | ... | ... | *#pˌɛlˈɛnkɑ# | *#pəlˈɛ̃ŋɡɑ# | *#pəlˈɛ̃ŋɡa# | *#pəlˈɛ̃ŋɡa# | *#pəlˈɛŋɡə# | *#pəlˈɛŋɡə# {GOLD: #plˈɛŋɡ#}
422    | ... | ... | ... | ... | ... | ... | ... | ... | ... | *#plˈuska# | *#plˈuska# | *#plˈuskə# | *#plˈuskə# {GOLD: #plˈuskə#}
423    | ... | ... | ... | ... | ... | ... | ... | *#prˈɒxə# | *#prˈɒx# | *#pɾˈɔx# | *#pɾˈɔh# | *#pɾˈɔh# | *#pɾˈɔh# {GOLD: #pɾˈaf#}
424    | ... | ... | ... | ... | ... | ... | ... | ... | ... | *#pɾˈisk# | *#pɾˈisk# | *#pɾˈisk# | *#pɾˈisk# {GOLD: #pɾˈisk#}
425    | ... | ... | ... | ... | ... | ... | ... | ... | ... | *#pɾˌɔ̃dˈit# | *#pɾˌɔ̃dˈit# | *#pɾˌɔdˈit# | *#pɾɔdˈit# {GOLD: #pɾɔndˈit#}
426    | ... | ... | ... | ... | ... | ... | ... | ... | ... | *#pˌɔbɾatˈimə# | *#pˌɔbɾatˈimə# | *#pˌɔbɾatˈimə# | *#pɔbɾatˈimə# {GOLD: #pɾɔbatˈin#}
427    | ... | ... | ... | ... | ... | ... | ... | *#bˌɒɡɑtˈɪjɛ# | *#bˌɒɡətˈɪː# | *#bˌɔɡətˈi# | *#bˌɔɡətˈi# | *#bˌɔɡətˈi# | *#bɔɡətˈi# {GOLD: #baktˈi#}
428    | ... | ... | ... | ... | ... | ... | ... | ... | ... | *#bˌatˈit# | *#bˌatˈit# | *#bˌatˈit# | *#batˈit# {GOLD: #batˈit#}
429    | ... | ... | ... | ... | ... | ... | ... | *#bˌɑlˈɒʃɪ# | *#bˌɑlˈɒːʃ# | *#bˌalˠˈɔːʃ# | *#bˌalˠˈɔːʃ# | *#bˌalˠˈɔʃ# | *#balˠˈɔʃ# {GOLD: #balˈaʃ#}
430    | ... | ... | ... | ... | ... | ... | ... | *#bˌɑlˈɒʃɪ# | *#bˌɑlˈɒːʃ# | *#bˌalˠˈɔːʃ# | *#bˌalˠˈɔːʃ# | *#bˌalˠˈɔʃ# | *#balˠˈɔʃ# {GOLD: #balˈɔʃ#}
431    | ... | ... | ... | ... | ... | ... | ... | *#bˌɑrðmˈɒʃɪ# | *#bˌɑrmˈɒːʃ# | *#bˌaɾmˈɔːʃ# | *#bˌaɾmˈɔːʃ# | *#bˌaɾmˈɔʃ# | *#baɾmˈɔʃ# {GOLD: #baɾmˈaʃ#}
432    | ... | ... | ... | ... | ... | ... | ... | *#bˈɑtjɒ# | *#bˈɑtj# | *#bˈac# | *#bˈac# | *#bˈac# | *#bˈac# {GOLD: #bˈac#}
433    | ... | ... | ... | ... | ... | ... | ... | ... | ... | *#bˈaba# | *#bˈaba# | *#bˈabə# | *#bˈabə# {GOLD: #bˈabə#}
434    | ... | ... | ... | ... | ... | ... | ... | *#bˌɒɡˈɑtɑ# | *#bˌɒɡˈɑtɑ# | *#bˌɔɡˈata# | *#bˌɔɡˈata# | *#bˌɔɡˈatə# | *#bɔɡˈatə# {GOLD: #bəɡˈatə#}
435    | ... | ... | ... | ... | ... | ... | ... | ... | ... | *#bˌəɾt͡ʃˈik# | *#bˌəɾt͡ʃˈik# | *#bˌəɾt͡ʃˈik# | *#bəɾt͡ʃˈik# {GOLD: #bəɾt͡ʃˈik#}
436    | ... | ... | ... | ... | ... | ... | ... | *#brˌɑʃtɪnˈikə# | *#brˌɑʃtə̃ɾ̃ˈik# | *#bɾˌaʃtə̃ɾ̃ˈik# | *#bɾˌaʃtə̃ɾˈik# | *#bɾˌaʃtəɾˈik# | *#bɾaʃtəɾˈik# {GOLD: #bəɾʃnˈik#}
437    | ... | ... | ... | ... | ... | ... | ... | *#bˌʊrtwˈɑtɪ# | *#bˌʊrtwˈɑt# | *#bˌəɾtˈat# | *#bˌəɾtˈat# | *#bˌəɾtˈat# | *#bəɾtˈat# {GOLD: #bəɾtˈat#}
438    | ... | ... | ... | ... | ... | ... | ... | ... | ... | *#bˌɔɾit͡sˈɛl# | *#bˌɔɾit͡sˈɛl# | *#bˌɔɾit͡sˈɛl# | *#bɔɾit͡sˈɛl# {GOLD: #bəɾt͡sˈɛl#}
439    | ... | ... | ... | ... | ... | ... | ... | *#bərd͡zˈɑnɑ# | *#bərzˈɑ̃ɾ̃ɑ# | *#bɾ̩zˈãɾ̃a# | *#bɾ̩zˈə̃ɾa# | *#bɾ̩zˈəɾə# | *#bəɾzˈəɾə# {GOLD: #bəɾzˈəɾə#}
440    | ... | ... | ... | ... | ... | ... | ... | *#bərd͡zˈenʃtɑ# | *#bərzˈɛ̃ʃtɑ# | *#bɾ̩zˈɛ̃ʃta# | *#bɾ̩zˈɛ̃ʃta# | *#bɾ̩zˈɛʃtə# | *#bəɾzˈɛʃtə# {GOLD: #bəɾzˈɛʃtə#}
441    | ... | ... | ... | ... | ... | ... | ... | ... | ... | *#bˌɛlˈɛva# | *#bˌɛlˈɛva# | *#bˌɛlˈɛvə# | *#bɛlˈɛvə# {GOLD: #bɛlˈɛvə#}
442    | ... | ... | ... | ... | ... | ... | ... | *#bˌɛlwˈit͡sɑ# | *#bəlwˈiːt͡sɑ# | *#bl̩vˈiːt͡sa# | *#bl̩vˈiːt͡sa# | *#bl̩vˈit͡sə# | *#bəlvˈit͡sə# {GOLD: #bɛlbˈit͡sə#}
443    | ... | ... | ... | ... | ... | ... | ... | ... | ... | *#bˌɛlɡɾˈat# | *#bˌɛlɡɾˈat# | *#bˌɛlɡɾˈat# | *#bɛlɡɾˈat# {GOLD: #bɛɾˈat#}
444    | ... | ... | ... | ... | ... | ... | ... | ... | ... | *#bˈɛʎka# | *#bˈɛʎka# | *#bˈɛjkə# | *#bˈɛjkə# {GOLD: #bˈɛjkə#}
445    | ... | ... | ... | ... | ... | ... | ... | ... | ... | *#bˈɛl# | *#bˈɛl# | *#bˈɛl# | *#bˈɛl# {GOLD: #bˈɛl#}
446    | ... | ... | ... | ... | ... | ... | ... | ... | ... | *#bˈɛlit͡sa# | *#bˈɛlit͡sa# | *#bˈɛlit͡sə# | *#bˈɛlit͡sə# {GOLD: #bˈɛlt͡sə#}
447    | ... | ... | ... | ... | ... | ... | ... | *#ɔbwˈɪrtkə# | *#ɔbwˈɪːrtk# | *#ɔbˈɛɾtk# | *#ɔbˈɛɾtk# | *#ɔbˈɛɾtk# | *#ɔbˈɛɾtk# {GOLD: #bˈɛɾk#}
448    | ... | ... | ... | ... | ... | ... | ... | *#bˌiːʃɪnˈit͡sɑ# | *#bˌiːʃə̃ɾ̃ˈiːt͡sɑ# | *#bˌiːʃə̃ɾ̃ˈiːt͡sa# | *#bˌiːʃə̃ɾˈiːt͡sa# | *#bˌiʃəɾˈit͡sə# | *#biʃəɾˈit͡sə# {GOLD: #biʃnˈit͡sə#}
449    | ... | ... | ... | ... | ... | ... | ... | ... | ... | *#bˌɛsˈɛda# | *#bˌɛsˈɛda# | *#bˌɛsˈɛdə# | *#bɛsˈɛdə# {GOLD: #bisˈɛdə#}
450    | ... | ... | ... | ... | ... | ... | ... | ... | ... | *#bˌistɾˈit͡sa# | *#bˌistɾˈit͡sa# | *#bˌistɾˈit͡sə# | *#bistɾˈit͡sə# {GOLD: #bistɾˈit͡sə#}
451    | ... | ... | ... | ... | ... | ... | ... | *#bˈit͡ʃɪkə# | *#bˈiːsək# | *#bˈiːsək# | *#bˈiːsək# | *#bˈisək# | *#bˈisək# {GOLD: #bˈisk#}
452    | ... | ... | ... | ... | ... | ... | ... | ... | ... | *#bˈistɾ̩# | *#bˈistɾ̩# | *#bˈistɾ̩# | *#bˈistəɾ# {GOLD: #bˈistəɾ#}
453    | ... | ... | ... | ... | ... | ... | ... | ... | ... | *#pˈistɾ̩# | *#pˈistɾ̩# | *#pˈistɾ̩# | *#pˈistəɾ# {GOLD: #bˈistəɾ#}
454    | ... | ... | ... | ... | ... | ... | ... | ... | ... | *#bˌɔɡˈɔva# | *#bˌɔɡˈɔva# | *#bˌɔɡˈɔvə# | *#bɔɡˈɔvə# {GOLD: #bɔɡˈɔvə#}
455    | ... | ... | ... | ... | ... | ... | ... | ... | ... | *#bˌɔɾˈika# | *#bˌɔɾˈika# | *#bˌɔɾˈikə# | *#bɔɾˈikə# {GOLD: #bɔɾˈiɡə#}
456    | ... | ... | ... | ... | ... | ... | ... | *#bˈɔlɪbɑ# | *#bˈɔːlbɑ# | *#bˈɔːlba# | *#bˈɔːlba# | *#bˈɔlbə# | *#bˈɔlbə# {GOLD: #bˈɔlbə#}
457    | ... | ... | ... | ... | ... | ... | ... | *#bˌuwɒlˈit͡sɑ# | *#bˌuwəlˈiːt͡sɑ# | *#bˌuwəlˈiːt͡sa# | *#bˌuvəlˈiːt͡sa# | *#bˌuvəlˈit͡sə# | *#buvəlˈit͡sə# {GOLD: #bua̯lˠˈit͡sə#}
458    | ... | ... | ... | ... | ... | ... | ... | *#bˌʊrlˈɔɡə# | *#bˌʊrlˈɔɡ# | *#bˌəlˠˈɔɡ# | *#bˌəlˠˈɔɡ# | *#bˌəlˠˈɔɡ# | *#bəlˠˈɔɡ# {GOLD: #bulˠˈɔɡ#}
459    | ... | ... | ... | ... | ... | ... | ... | ... | ... | *#bˌut͡ʃˈat# | *#bˌut͡ʃˈat# | *#bˌut͡ʃˈat# | *#but͡ʃˈat# {GOLD: #but͡ʃˈat#}
460    | ... | ... | ... | ... | ... | ... | ... | *#bˌuʃtrˈit͡sɑ# | *#bˌuʃtrˈiːt͡sɑ# | *#bˌuʃtɾˈiːt͡sa# | *#bˌuʃtɾˈiːt͡sa# | *#bˌuʃtɾˈit͡sə# | *#buʃtɾˈit͡sə# {GOLD: #buʃtɾˈit͡sə#}
461    | ... | ... | ... | ... | ... | ... | ... | *#bˈuwɔlə# | *#bˈuwɔl# | *#bˈuwɔl# | *#bˈuval# | *#bˈuval# | *#bˈuval# {GOLD: #bˈua̯lˠ#}
462    | ... | ... | ... | ... | ... | ... | ... | *#bˈuʃtrə# | *#bˈuːʃtr# | *#bˈuːʃtɾ̩# | *#bˈuːʃtɾ̩# | *#bˈuʃtɾ̩# | *#bˈuʃtəɾ# {GOLD: #bˈuʃtəɾ#}
463    | ... | ... | ... | ... | ... | ... | ... | ... | ... | *#blˈana# | *#blˈana# | *#blˈanə# | *#blˈanə# {GOLD: #blˈanə#}
464    | ... | ... | ... | ... | ... | ... | ... | *#bˌɑlˈuʃɪ# | *#bˌɑlˈuːʃ# | *#bˌalˠˈuːʃ# | *#bˌalˠˈuːʃ# | *#bˌalˠˈuʃ# | *#balˠˈuʃ# {GOLD: #blˈuʃ#}
465    | ... | ... | ... | ... | ... | ... | ... | ... | ... | *#blˈuda# | *#blˈuda# | *#blˈudə# | *#blˈudə# {GOLD: #blˈudə#}
466    | ... | ... | ... | ... | ... | ... | ... | ... | ... | *#blˈudɔ# | *#blˈudɔ# | *#blˈudə# | *#blˈudə# {GOLD: #blˈudə#}
467    | ... | ... | ... | ... | ... | ... | ... | ... | ... | *#bɾˈazda# | *#bɾˈazda# | *#bɾˈazdə# | *#bɾˈazdə# {GOLD: #bɾˈazə#}
468    | ... | ... | ... | ... | ... | ... | ... | ... | ... | *#bɾˈana# | *#bɾˈana# | *#bɾˈanə# | *#bɾˈanə# {GOLD: #bɾˈanə#}
469    | ... | ... | ... | ... | ... | ... | ... | ... | ... | *#bɾˈava# | *#bɾˈava# | *#bɾˈavə# | *#bɾˈavə# {GOLD: #bɾˈavə#}
470    | ... | ... | ... | ... | ... | ... | ... | ... | ... | *#bɾˈɛɡ# | *#bɾˈɛɡ# | *#bɾˈɛɡ# | *#bɾˈɛɡ# {GOLD: #bɾˈɛɡ#}
471    | ... | ... | ... | ... | ... | ... | ... | *#brˈit͡ʃɪkə# | *#brˈiːsək# | *#bɾˈiːsək# | *#bɾˈiːsək# | *#bɾˈisək# | *#bɾˈisək# {GOLD: #bɾˈisk#}
472    | ... | ... | ... | ... | ... | ... | ... | *#brˈit͡ʃɪkɑ# | *#brˈiːsəkɑ# | *#bɾˈiːsəka# | *#bɾˈiːsəka# | *#bɾˈisəkə# | *#bɾˈisəkə# {GOLD: #bɾˈiskə#}
473    | ... | ... | ... | ... | ... | ... | ... | *#xˌɑldˈitɪ# | *#xˌɑlðˈit# | *#xˌalˠðˈit# | *#hˌalˠðˈit# | *#hˌalˠðˈit# | *#halˠðˈit# {GOLD: #flˠadˈit#}
474    | ... | ... | ... | ... | ... | ... | ... | *#xˈɑldə# | *#xˈɑːlð# | *#xˈaːlˠð# | *#hˈaːlˠð# | *#hˈalˠð# | *#hˈalˠð# {GOLD: #flˠˈad#}
475    | ... | ... | ... | ... | ... | ... | ... | *#wˌɒlkˈɔː# | *#wˌɒlkˈuo̯# | *#wˌɔlˠkˈuo̯# | *#vˌalˠkˈua̯# | *#vˌalˠkˈua̯# | *#valˠkˈua̯# {GOLD: #valˠkˈua̯#}
476    | ... | ... | ... | ... | ... | ... | ... | *#ʃwˌɪrʃtɪnˈikə# | *#ʃwərʃtə̃ɾ̃ˈik# | *#vɾ̩ʃtə̃ɾ̃ˈik# | *#vɾ̩ʃtə̃ɾˈik# | *#vɾ̩ʃtəɾˈik# | *#vəɾʃtəɾˈik# {GOLD: #vəʃnˈik#}
477    | ... | ... | ... | ... | ... | ... | ... | *#wˌɪrtˈiːtɪ# | *#wərtˈiːt# | *#wəɾtˈiːt# | *#vəɾtˈiːt# | *#vəɾtˈit# | *#vəɾtˈit# {GOLD: #vəɾtˈit#}
478    | ... | ... | ... | ... | ... | ... | ... | ... | ... | *#vˌɛɾstnˈikə# | *#vˌɛɾstnˈikə# | *#vˌɛɾstnˈikə# | *#vɛɾstnˈikə# {GOLD: #vəɾsnˈik#}
479    | ... | ... | ... | ... | ... | ... | ... | *#wˌɪrwˈeːtɪ# | *#wərwˈɛːt# | *#wəɾvˈɛːt# | *#vəɾvˈɛːt# | *#vəɾvˈɛt# | *#vəɾvˈɛt# {GOLD: #vəɾvˈit#}
480    | ... | ... | ... | ... | ... | ... | ... | *#wˌɪrbɪnˈikə# | *#wərbə̃ɾ̃ˈik# | *#wəɾbə̃ɾ̃ˈik# | *#vəɾbə̃ɾˈik# | *#vəɾbəɾˈik# | *#vəɾbəɾˈik# {GOLD: #vəɾmˈik#}
481    | ... | ... | ... | ... | ... | ... | ... | ... | ... | *#vɾˈət͡ʃa# | *#vɾˈət͡ʃa# | *#vɾˈət͡ʃə# | *#vɾˈət͡ʃə# {GOLD: #vˈəɾt͡ʃə#}
482    | ... | ... | ... | ... | ... | ... | ... | ... | ... | *#vˈɛɾsta# | *#vˈɛɾsta# | *#vˈɛɾstə# | *#vˈɛɾstə# {GOLD: #vˈəɾsə#}
483    | ... | ... | ... | ... | ... | ... | ... | ... | ... | *#vˈɛdɾ̩# | *#vˈɛdɾ̩# | *#vˈɛdɾ̩# | *#vˈɛdəɾ# {GOLD: #vˈɛdəɾ#}
484    | ... | ... | ... | ... | ... | ... | ... | *#wˌirˈɔː# | *#wərˈuo̯# | *#wəɾˈuo̯# | *#vəɾˈua̯# | *#vəɾˈua̯# | *#vəɾˈua̯# {GOLD: #viɾˈua̯#}
485    | ... | ... | ... | ... | ... | ... | ... | ... | ... | *#vˈiʃɲa# | *#vˈiʃɲa# | *#vˈiʃɲə# | *#vˈiʃɲə# {GOLD: #vˈiʃɲə#}
486    | ... | ... | ... | ... | ... | ... | ... | ... | ... | *#vˈidɾ̩# | *#vˈidɾ̩# | *#vˈidɾ̩# | *#vˈidəɾ# {GOLD: #vˈidəɾ#}
487    | ... | ... | ... | ... | ... | ... | ... | ... | ... | *#vˈisk# | *#vˈisk# | *#vˈisk# | *#vˈisk# {GOLD: #vˈisk#}
488    | ... | ... | ... | ... | ... | ... | ... | *#ˈɒkɔlə# | *#ˈɒkɔl# | *#ˈɔkl̩# | *#ˈɔkl̩# | *#ˈɔkl̩# | *#ˈɔkəl# {GOLD: #vˈɔkulˠ#}
489    | ... | ... | ... | ... | ... | ... | ... | *#wˈɒʎɑ# | *#wˈɒːʎɑ# | *#wˈɔːʎa# | *#vˈaːʎa# | *#vˈajə# | *#vˈajə# {GOLD: #vˈɔlə#}
490    | ... | ... | ... | ... | ... | ... | ... | *#wˈɑrɪbɑ# | *#wˈɑːrbɑ# | *#wˈaːɾba# | *#vˈaːɾba# | *#vˈaɾbə# | *#vˈaɾbə# {GOLD: #vˈɔɾbə#}
491    | ... | ... | ... | ... | ... | ... | ... | *#ˈɒbɒɡ# | *#ˈɒbɒɡ# | *#ˈɔbɔɡ# | *#ˈɔbɔɡ# | *#ˈɔbɔɡ# | *#ˈɔbɔɡ# {GOLD: #vˈɔbɔɡ#}
492    | ... | ... | ... | ... | ... | ... | ... | *#wˌʊlkɒːdlˈɑkə# | *#wˌʊlkɒːðlˈɑk# | *#wˌulkɔːlˠˈak# | *#vˌulkɔːlˠˈak# | *#vˌulkɔlˠˈak# | *#vulkɔlˠˈak# {GOLD: #vuɾkɔlˠˈak#}
493    | ... | ... | ... | ... | ... | ... | ... | *#wrˈɒːnə# | *#wrˈɒ̃ː# | *#wɾˈɔ̃ː# | *#vɾˈɔ̃ː# | *#vɾˈɔ# | *#vɾˈɔ# {GOLD: #vɾˈəɾ#}
494    | ... | ... | ... | ... | ... | ... | ... | *#wˈɒrnə# | *#wˈɒːrː# | *#wˈɔːr# | *#vˈaːr# | *#vˈar# | *#vˈar# {GOLD: #vɾˈəɾ#}
495    | ... | ... | ... | ... | ... | ... | ... | *#wˈɪrlə# | *#wˈɪːrl# | *#wˈil# | *#vˈil# | *#vˈil# | *#vˈil# {GOLD: #vɾˈulˠ#}
496    | ... | ... | ... | ... | ... | ... | ... | *#ˌɒwɪrˈɑɡɑ# | *#ˌɒwərˈɑɡɑ# | *#ˌɔwəɾˈaɡa# | *#ˌɔvəɾˈaɡa# | *#ˌɔvəɾˈaɡə# | *#ɔvəɾˈaɡə# {GOLD: #vrˈaɡə#}
497    | ... | ... | ... | ... | ... | ... | ... | ... | ... | *#mˌaxnˈit# | *#mˌahnˈit# | *#mˌahnˈit# | *#mahnˈit# {GOLD: #mahnˈit#}
498    | ... | ... | ... | ... | ... | ... | ... | *#mˌɒtˈukɑ# | *#mˌɒtˈukɑ# | *#mˌɔtˈuka# | *#mˌɔtˈuka# | *#mˌɔtˈukə# | *#mɔtˈukə# {GOLD: #matˈukə#}
499    | ... | ... | ... | ... | ... | ... | ... | ... | ... | *#mˌaɾˈɛna# | *#mˌaɾˈɛna# | *#mˌaɾˈɛnə# | *#maɾˈɛnə# {GOLD: #maɾˈɛnə#}
500    | ... | ... | ... | ... | ... | ... | ... | ... | ... | *#mˈak# | *#mˈak# | *#mˈak# | *#mˈak# {GOLD: #mˈak#}
501    | ... | ... | ... | ... | ... | ... | ... | ... | ... | *#mˈat͡ʃa# | *#mˈat͡ʃa# | *#mˈat͡ʃə# | *#mˈat͡ʃə# {GOLD: #mˈat͡ʃə#}
502    | ... | ... | ... | ... | ... | ... | ... | ... | ... | *#mˈatka# | *#mˈatka# | *#mˈatkə# | *#mˈatkə# {GOLD: #mˈatkə#}
503    | ... | ... | ... | ... | ... | ... | ... | ... | ... | *#mˈat͡sa# | *#mˈat͡sa# | *#mˈat͡sə# | *#mˈat͡sə# {GOLD: #mˈat͡sə#}
504    | ... | ... | ... | ... | ... | ... | ... | ... | ... | *#mˈaz# | *#mˈaz# | *#mˈaz# | *#mˈaz# {GOLD: #mˈazə#}
505    | ... | ... | ... | ... | ... | ... | ... | *#mˌɒɡˈulɑ# | *#mˌɒɡˈuːlɑ# | *#mˌɔɡˈuːlˠa# | *#mˌɔɡˈuːlˠa# | *#mˌɔɡˈulˠə# | *#mɔɡˈulˠə# {GOLD: #məɡˈulˠə#}
506    | ... | ... | ... | ... | ... | ... | ... | *#mˌɛrʃˈinɑ# | *#mərʃˈĩnɑ# | *#mɾ̩ʃˈĩna# | *#mɾ̩ʃˈĩna# | *#mɾ̩ʃˈinə# | *#məɾʃˈinə# {GOLD: #məɾʃˈinə#}
507    | ... | ... | ... | ... | ... | ... | ... | ... | ... | *#mˌəɾzˈit# | *#mˌəɾzˈit# | *#mˌəɾzˈit# | *#məɾzˈit# {GOLD: #məɾzˈit#}
508    | ... | ... | ... | ... | ... | ... | ... | ... | ... | *#mˌəɾməɾˈit# | *#mˌəɾməɾˈit# | *#mˌəɾməɾˈit# | *#məɾməɾˈit# {GOLD: #məɾməɾˈit#}
509    | ... | ... | ... | ... | ... | ... | ... | *#mˌɛtˈɑdlɒ# | *#mtˈɑðl# | *#mtˈal# | *#mtˈal# | *#mtˈal# | *#mtˈal# {GOLD: #mɛtˈalə#}
510    | ... | ... | ... | ... | ... | ... | ... | ... | ... | *#mˈɛlˠa# | *#mˈɛlˠa# | *#mˈɛlˠə# | *#mˈɛlˠə# {GOLD: #mˈɛlˠə#}
511    | ... | ... | ... | ... | ... | ... | ... | ... | ... | *#mˈɛɾa# | *#mˈɛɾa# | *#mˈɛɾə# | *#mˈɛɾə# {GOLD: #mˈɛɾə#}
512    | ... | ... | ... | ... | ... | ... | ... | ... | ... | *#nˈɛmɛt͡s# | *#nˈɛmɛt͡s# | *#nˈɛmɛt͡s# | *#nˈɛmɛt͡s# {GOLD: #mˈɛmɛt͡s#}
513    | ... | ... | ... | ... | ... | ... | ... | *#mˌiːlˈinkɑ# | *#mˌiːlˈĩŋɡɑ# | *#mˌiːlˈĩŋɡa# | *#mˌiːlˈĩŋɡa# | *#mˌilˈiŋɡə# | *#milˈiŋɡə# {GOLD: #milˈiŋɡə#}
514    | ... | ... | ... | ... | ... | ... | ... | ... | ... | *#mˈitɔ# | *#mˈitɔ# | *#mˈitə# | *#mˈitə# {GOLD: #mˈitə#}
515    | ... | ... | ... | ... | ... | ... | ... | ... | ... | *#mˌɔtɔvˈilˠɔ# | *#mˌɔtɔvˈilˠɔ# | *#mˌɔtɔvˈilˠə# | *#mɔtɔvˈilˠə# {GOLD: #mɔtɔvˈilɛ#}
516    | ... | ... | ... | ... | ... | ... | ... | *#mˌɒldˈikɑ# | *#mˌɒlðˈikɑ# | *#mˌɔlˠðˈika# | *#mˌɔlˠðˈika# | *#mˌɔlˠðˈikə# | *#mɔlˠðˈikə# {GOLD: #mɔlˈikə#}
517    | ... | ... | ... | ... | ... | ... | ... | *#mˌʊdɪlˈitɪ# | *#mˌʊðəlˈit# | *#mˌuðəlˈit# | *#mˌuðəlˈit# | *#mˌuðəlˈit# | *#muðəlˈit# {GOLD: #mɔlˈit#}
518    | ... | ... | ... | ... | ... | ... | ... | ... | ... | *#mˌɔlˈit͡sa# | *#mˌɔlˈit͡sa# | *#mˌɔlˈit͡sə# | *#mɔlˈit͡sə# {GOLD: #mɔlˈit͡sə#}
519    | ... | ... | ... | ... | ... | ... | ... | ... | ... | *#mˌɔɾˈat͡ʃ# | *#mˌɔɾˈat͡ʃ# | *#mˌɔɾˈat͡ʃ# | *#mɔɾˈat͡ʃ# {GOLD: #mɔɾˈat͡ʃə#}
520    | ... | ... | ... | ... | ... | ... | ... | *#mˌɒrˌɑβˈit͡sɑ# | *#mˌɒrˌɔvˈiːt͡sɑ# | *#mˌɔɾˌɔvˈiːt͡sa# | *#mˌɔɾˌɔvˈiːt͡sa# | *#mˌɔɾˌɔvˈit͡sə# | *#mɔɾɔvˈit͡sə# {GOLD: #mɔɾɔvˈit͡sə#}
521    | ... | ... | ... | ... | ... | ... | ... | ... | ... | *#mˌɔɾɔvˈina# | *#mˌɔɾɔvˈina# | *#mˌɔɾɔvˈinə# | *#mɔɾɔvˈinə# {GOLD: #mɔɾɔvˈinə#}
522    | ... | ... | ... | ... | ... | ... | ... | ... | ... | *#mˌɔɾnˈit͡sa# | *#mˌɔɾnˈit͡sa# | *#mˌɔɾnˈit͡sə# | *#mɔɾnˈit͡sə# {GOLD: #mɔɾnˈit͡sə#}
523    | ... | ... | ... | ... | ... | ... | ... | ... | ... | *#mˈɔl# | *#mˈɔl# | *#mˈɔl# | *#mˈɔl# {GOLD: #mˈɔlə#}
524    | ... | ... | ... | ... | ... | ... | ... | ... | ... | *#mˈɔɾa# | *#mˈɔɾa# | *#mˈɔɾə# | *#mˈɔɾə# {GOLD: #mˈɔɾə#}
525    | ... | ... | ... | ... | ... | ... | ... | ... | ... | *#mˌuʒˈɛnska# | *#mˌuʒˈɛnska# | *#mˌuʒˈɛnskə# | *#muʒˈɛnskə# {GOLD: #muʒˈənt͡skə#}
526    | ... | ... | ... | ... | ... | ... | ... | *#mˈʊzɡɒ# | *#mˈɔːʷzɡ# | *#mˈuzɡ# | *#mˈuzɡ# | *#mˈuzɡ# | *#mˈuzɡ# {GOLD: #mˈuzɡə#}
527    | ... | ... | ... | ... | ... | ... | ... | ... | ... | *#ˌɛmpˈɔɾiɛ# | *#ˌɛmpˈɔɾiɛ# | *#mbˈɔɾiɛ# | *#mbˈɔɾiɛ# {GOLD: #mbˈɔɾjɛ#}
528    | ... | ... | ... | ... | ... | ... | ... | *#ɪnbˌuxˈɑtɪ# | *#ə̃mbˌuxˈɑt# | *#ə̃mbˌuxˈat# | *#ə̃mbˌuhˈat# | *#mbˌuhˈat# | *#mbuhˈat# {GOLD: #mbufˈat#}
529    | ... | ... | ... | ... | ... | ... | ... | *#ɪnpˈɒrzdɪnə# | *#ə̃mpˈɒːrzdə̃ɾ̃# | *#ə̃mpˈɔːɾzdə̃ɾ̃# | *#ə̃mpˈɔːɾzdə̃ɾ# | *#mbˈɔɾzdəɾ# | *#mbˈɔɾzdəɾ# {GOLD: #mbɾˈazən#}