etID  | Proto-Indo-European | Proto-Balkan-Indo-European | Archaic Proto-Albanian | Classical Proto-Albanian | Middle Proto-Albanian I | Middle Proto-Albanian II | Late Proto-Albanian I | Late Proto-Albanian II | Late Proto-Albanian III | Proto-Tosk-SGheg {GOLD} | Proto-Tosk | Old North Tosk | Standard Albanian | Output {GOLD}
0      | ... | ... | ... | ... | ... | ... | ... | ... | ... | *#hˌarɡˈaːvə# {GOLD: >*} | *#hˌaɾɡˈaːvə# | *#həɾɡˈavə# | *#həɾɡˈavə# | *#həɾɡˈavə# {GOLD: #aɾɡˈɔvə#}
1      | ... | ... | ... | ... | ... | ... | ... | ... | ... | *#hˌarkˈitə# {GOLD: >*} | *#hˌaɾkˈitə# | *#həɾkˈitə# | *#həɾcˈitə# | *#həɾt͡ʃˈitə# {GOLD: #aɾcˈitə#}
2      | ... | ... | ... | ... | ... | ... | ... | ... | ... | *#hˌardɛ̃nˈiːt͡sə# {GOLD: >*} | *#hˌaɾdɛ̃ɾˈiːt͡sə# | *#hˌaɾdəɾˈit͡sə# | *#haɾdəɾˈit͡sə# | *#haɾdəɾˈit͡sə# {GOLD: #aɾdɛnˈit͡sə#}
3      | ... | ... | ... | ... | ... | ... | ... | *#ˌɑwˈitɪ# | *#ˌɑwˈitɪ# | *#hˌawˈit# {GOLD: #ˌavˈit#} | *#hˌawˈit# | *#həwˈit# | *#həwˈit# | *#həwˈit# {GOLD: #avˈit#}
4      | ... | ... | ... | ... | ... | ... | ... | *#xˌɒrbˈɪlɪ# | *#xˌɒrbˈɪlɪ# | *#xˌarbˈɪːl# {GOLD: >*} | *#hˌaɾbˈɪːl# | *#həɾbˈɪl# | *#həɾbˈɪl# | *#həɾbˈɪl# {GOLD: #haɾabˈɛl#}
5      | ... | ... | ... | ... | ... | ... | ... | ... | ... | *#xˌabˈit# {GOLD: >*} | *#hˌabˈit# | *#həbˈit# | *#həbˈit# | *#həbˈit# {GOLD: #habˈit#}
6      | ... | ... | ... | ... | ... | ... | ... | ... | ... | *#xˌitˈat# {GOLD: >*} | *#hˌitˈat# | *#hətˈat# | *#hətˈat# | *#hətˈat# {GOLD: #hitˈat#}
7      | ... | ... | ... | ... | ... | ... | ... | ... | *#xˌɒrmˈɒβɑ# | *#xˌarmˈaːvə# {GOLD: #xˌɒrmˈɔvə#} | *#hˌaɾmˈaːvə# | *#həɾmˈavə# | *#həɾmˈavə# | *#həɾmˈavə# {GOLD: #hɔɾmˈɔvə#}
8      | ... | ... | ... | ... | ... | ... | ... | ... | ... | *#xˈɔːrə# {GOLD: >*} | *#hˈɔːɾə# | *#hˈɔɾə# | *#hˈɔɾə# | *#hˈɔɾə# {GOLD: #hˈɔɾə#}
9      | ... | ... | ... | ... | ... | ... | ... | ... | ... | *#xˌukˈat# {GOLD: >*} | *#hˌukˈat# | *#həkˈat# | *#həkˈat# | *#həkˈat# {GOLD: #hukˈat#}
10     | ... | ... | ... | ... | ... | ... | ... | ... | ... | *#jˌarˈĩːnə# {GOLD: >*} | *#jˌaɾˈĩːɾə# | *#jəɾˈiɾə# | *#jəɾˈiɾə# | *#jəɾˈiɾə# {GOLD: #jaɾˈinə#}
11     | ... | ... | ... | ... | ... | ... | ... | *#jˌɑrˈɒwʊ# | *#jˌɑrˈɒwʊ# | *#jˌarˈaw# {GOLD: >*} | *#jˌaɾˈaw# | *#jəɾˈaw# | *#jəɾˈaw# | *#jəɾˈaw# {GOLD: #jaɾˈua̯#}
12     | ... | ... | ... | ... | ... | ... | ... | *#ˈæzʊ# | *#ˈæzʊ# | *#hˈɛːz# {GOLD: >*} | *#hˈɛːz# | *#hˈɛs# | *#hˈɛs# | *#hˈɛs# {GOLD: #jˈaz#}
13     | ... | ... | ... | ... | ... | ... | ... | ... | ... | *#jˈaːr# {GOLD: >*} | *#jˈaːɾ# | *#jˈaɾ# | *#jˈaɾ# | *#jˈaɾ# {GOLD: #jˈaɾm#}
14     | ... | ... | ... | ... | ... | ... | ... | *#ˈɛzɛrʊ# | *#ˈɛzɛrʊ# | *#hˈɛːzɛr# {GOLD: >*} | *#hˈɛːzɛɾ# | *#hˈɛzɛɾ# | *#hˈɛzɛɾ# | *#hˈɛzɛɾ# {GOLD: #jˈɛzəɾ#}
15     | ... | ... | ... | ... | ... | ... | ... | ... | ... | *#jˈuɡ# {GOLD: >*} | *#jˈuɡ# | *#jˈuɡ# | *#jˈuɡ# | *#jˈuɡ# {GOLD: #jˈuɡ#}
16     | ... | ... | ... | ... | ... | ... | ... | ... | ... | *#jˈud# {GOLD: >*} | *#jˈud# | *#jˈud# | *#jˈud# | *#jˈud# {GOLD: #jˈud#}
17     | ... | ... | ... | ... | ... | ... | ... | ... | ... | *#jˈɪːskrə# {GOLD: >*} | *#jˈɪːskɾə# | *#jˈɪskɾə# | *#jˈɪskɾə# | *#jˈɪskɾə# {GOLD: #ˈiskəɾ#}
18     | ... | ... | ... | ... | ... | ... | ... | ... | ... | *#hˈiːvə# {GOLD: >*} | *#hˈiːvə# | *#hˈivə# | *#hˈivə# | *#hˈivə# {GOLD: #ˈivə#}
19     | ... | ... | ... | ... | ... | ... | ... | ... | ... | *#hˌabkˈitə# {GOLD: >*} | *#hˌabkˈitə# | *#həbkˈitə# | *#həbcˈitə# | *#həbt͡ʃˈitə# {GOLD: #ɔkˈitə#}
20     | ... | ... | ... | ... | ... | ... | ... | *#ˌɒɡrˈɒ?1ɑ# | *#ˌɒɡrˈɒ?1ɑ# | *#hˌaɡrˈa?1ə# {GOLD: >*} | *#hˌaɡɾˈa?1ə# | *#həɡɾˈa?1ə# | *#həɡɾˈa?1ə# | *#həɡɾˈa?1ə# {GOLD: #ɔɡɾˈajə#}
21     | ... | ... | ... | ... | ... | ... | ... | ... | ... | *#hˌatˈaːvə# {GOLD: >*} | *#hˌatˈaːvə# | *#hətˈavə# | *#hətˈavə# | *#hətˈavə# {GOLD: #ɔtˈavə#}
22     | ... | ... | ... | ... | ... | ... | ... | *#ˌɒrɒ̃dˈɪjɛ# | *#ˌɒrɒ̃dˈɪjɛ# | *#hˌarãdˈɪj# {GOLD: >*} | *#hˌaɾə̃dˈɪj# | *#hˌaɾədˈɪj# | *#haɾədˈɪj# | *#haɾədˈɪj# {GOLD: #ɔɾəndˈi#}
23     | ... | ... | ... | ... | ... | ... | ... | ... | ... | *#hˌabrˈak# {GOLD: >*} | *#hˌabɾˈak# | *#həbɾˈak# | *#həbɾˈak# | *#həbɾˈak# {GOLD: #ɔɾˈɔk#}
24     | ... | ... | ... | ... | ... | ... | ... | *#ˌɒbʊpˈɪnʊkɑ# | *#ˌɒbʊpˈɪnʊkɑ# | *#hˌabpˈɪː̃nkə# {GOLD: #ˌɒpˈɑ̃nkə#} | *#hˌabpˈɪː̃nkə# | *#həbpˈɪnkə# | *#həbpˈɪnkə# | *#həbpˈɪnkə# {GOLD: #ɔpˈəŋɡə#}
25     | ... | ... | ... | ... | ... | ... | ... | ... | ... | *#hˌabvˈaːr# {GOLD: >*} | *#hˌabvˈaːɾ# | *#həbvˈaɾ# | *#həbvˈaɾ# | *#həbvˈaɾ# {GOLD: #ɔbˈɔr#}
26     | ... | ... | ... | ... | ... | ... | ... | *#ˌɒblˈɒ̃kʊ# | *#ˌɒblˈɒ̃kʊ# | *#hˌablˈãk# {GOLD: #ˌɒblˠˈɑ̃nk#} | *#hˌablˈə̃k# | *#həblˈək# | *#həblˈək# | *#həblˈək# {GOLD: #ɔblˠˈəŋɡ#}
27     | ... | ... | ... | ... | ... | ... | ... | ... | ... | *#hˈɔjiʃt# {GOLD: >*} | *#hˈɔjiʃt# | *#hˈɔjiʃt# | *#hˈɔjit͡ʃt# | *#hˈɔjit͡ʃt# {GOLD: #ˈɔʃtə#}
28     | ... | ... | ... | ... | ... | ... | ... | ... | ... | *#kˌat͡ʃurˈɛːl# {GOLD: >*} | *#kˌat͡ʃuɾˈɛːl# | *#kˌat͡ʃəɾˈɛl# | *#kat͡ʃəɾˈɛl# | *#kat͡ʃəɾˈɛl# {GOLD: #kat͡ʃurˈɛl#}
29     | ... | ... | ... | ... | ... | ... | ... | ... | ... | *#kˌat͡ʃˈuːl# {GOLD: >*} | *#kˌat͡ʃˈuːl# | *#kət͡ʃˈul# | *#kət͡ʃˈul# | *#kət͡ʃˈul# {GOLD: #kat͡ʃˈul#}
30     | ... | ... | ... | ... | ... | ... | ... | ... | ... | *#kˌat͡ʃˈubə# {GOLD: >*} | *#kˌat͡ʃˈubə# | *#kət͡ʃˈubə# | *#kət͡ʃˈubə# | *#kət͡ʃˈubə# {GOLD: #kat͡ʃˈubə#}
31     | ... | ... | ... | ... | ... | ... | ... | ... | ... | *#kˌat͡ʃˈubɛl# {GOLD: >*} | *#kˌat͡ʃˈubɛl# | *#kət͡ʃˈubɛl# | *#kət͡ʃˈubɛl# | *#kət͡ʃˈubɛl# {GOLD: #kat͡ʃˈubəl#}
32     | ... | ... | ... | ... | ... | ... | ... | ... | ... | *#kˌadˈit# {GOLD: >*} | *#kˌadˈit# | *#kədˈit# | *#kədˈit# | *#kədˈit# {GOLD: #kadˈit#}
33     | ... | ... | ... | ... | ... | ... | ... | ... | ... | *#kˌastravˈɪːt͡s# {GOLD: >*} | *#kˌastɾavˈɪːt͡s# | *#kˌastɾəvˈɪt͡s# | *#kastɾəvˈɪt͡s# | *#kastɾəvˈɪt͡s# {GOLD: #kastɾavˈɛt͡s#}
34     | ... | ... | ... | ... | ... | ... | ... | ... | ... | *#kˌasnˈɪːt͡s# {GOLD: >*} | *#kˌasnˈɪːt͡s# | *#kəsnˈɪt͡s# | *#kəsnˈɪt͡s# | *#kəsnˈɪt͡s# {GOLD: #kasnˈɛt͡s#}
35     | ... | ... | ... | ... | ... | ... | ... | ... | ... | *#kˌalibˈab# {GOLD: >*} | *#kˌalibˈab# | *#kˌaləbˈab# | *#kaləbˈab# | *#kaləbˈab# {GOLD: #kalibˈɔb#}
36     | ... | ... | ... | ... | ... | ... | ... | ... | ... | *#kˌalˈibə# {GOLD: >*} | *#kˌalˈibə# | *#kəlˈibə# | *#kəlˈibə# | *#kəlˈibə# {GOLD: #kalˈibə#}
37     | ... | ... | ... | ... | ... | ... | ... | *#kˌɒrwˈɑʎɑ# | *#kˌɒrwˈɑʎɑ# | *#kˌarvˈaːʎə# {GOLD: #kˌɒɾˌɒvˈɛlə#} | *#kˌaɾvˈaːʎə# | *#kəɾvˈajə# | *#kəɾvˈajə# | *#kəɾvˈajə# {GOLD: #kaɾavˈɛlə#}
38     | ... | ... | ... | ... | ... | ... | ... | *#kˌɒrˈɪt͡sɑ# | *#kˌɒrˈɪt͡sɑ# | *#kˌarˈɪːt͡sə# {GOLD: #kˌɒɾˈit͡sə#} | *#kˌaɾˈɪːt͡sə# | *#kəɾˈɪt͡sə# | *#kəɾˈɪt͡sə# | *#kəɾˈɪt͡sə# {GOLD: #kaɾˈit͡sə#}
39     | ... | ... | ... | ... | ... | ... | ... | *#kˌɒrˈɯtɒ# | *#kˌɒrˈɯtɒ# | *#kˌarˈutə# {GOLD: >*} | *#kˌaɾˈutə# | *#kəɾˈutə# | *#kəɾˈutə# | *#kəɾˈutə# {GOLD: #karˈutə#}
40     | ... | ... | ... | ... | ... | ... | ... | *#kˌɒrˈupʊ# | *#kˌɒrˈupʊ# | *#kˌarˈup# {GOLD: >*} | *#kˌaɾˈup# | *#kəɾˈup# | *#kəɾˈup# | *#kəɾˈup# {GOLD: #karˈup#}
41     | ... | ... | ... | ... | ... | ... | ... | ... | ... | *#kˌapˈit# {GOLD: >*} | *#kˌapˈit# | *#kəpˈit# | *#kəpˈit# | *#kəpˈit# {GOLD: #kapˈit#}
42     | ... | ... | ... | ... | ... | ... | ... | *#kˌɑmɛnˈit͡sɑ# | *#kˌɑmɛnˈit͡sɑ# | *#kˌãmɛ̃nˈiːt͡sə# {GOLD: >*} | *#kˌə̃mbɛ̃ɾˈiːt͡sə# | *#kˌəmbəɾˈit͡sə# | *#kəmbəɾˈit͡sə# | *#kəmbəɾˈit͡sə# {GOLD: #kamˈit͡sə#}
43     | ... | ... | ... | ... | ... | ... | ... | ... | ... | *#tkˈaːt͡ʃ# {GOLD: >*} | *#tkˈaːt͡ʃ# | *#tkˈat͡ʃ# | *#tkˈat͡ʃ# | *#tkˈat͡ʃ# {GOLD: #kˈat͡ʃ#}
44     | ... | ... | ... | ... | ... | ... | ... | *#krˌi?2ˈɑtɪ# | *#krˌi?2ˈɑtɪ# | *#krˌi?2ˈat# {GOLD: >*} | *#kɾˌi?2ˈat# | *#kɾə?2ˈat# | *#kɾə?2ˈat# | *#kɾə?2ˈat# {GOLD: #kəɾt͡sˈat#}
45     | ... | ... | ... | ... | ... | ... | ... | *#kˌɒr?2ˈunə# | *#kˌɒr?2ˈunə# | *#kˌar?2ˈũː# {GOLD: #kˌɾ̩t͡sˈũ#} | *#kˌaɾ?2ˈũː# | *#kəɾ?2ˈu# | *#kəɾ?2ˈu# | *#kəɾ?2ˈu# {GOLD: #kəɾt͡sˈu#}
46     | ... | ... | ... | ... | ... | ... | ... | ... | ... | *#kˌʊrbˈaːt͡ʃ# {GOLD: >*} | *#kˌʊɾbˈaːt͡ʃ# | *#kəɾbˈat͡ʃ# | *#kəɾbˈat͡ʃ# | *#kəɾbˈat͡ʃ# {GOLD: #kəɾbˈat͡ʃ#}
47     | ... | ... | ... | ... | ... | ... | ... | *#kˌɑpˈuʎɑ# | *#kˌɑpˈuʎɑ# | *#kˌapˈuːʎə# {GOLD: >*} | *#kˌapˈuːʎə# | *#kəpˈujə# | *#kəpˈujə# | *#kəpˈujə# {GOLD: #kəpˈujə#}
48     | ... | ... | ... | ... | ... | ... | ... | *#kˌɑmˈiʃtɪ# | *#kˌɑmˈiʃtɪ# | *#kˌãmˈiːʃt# {GOLD: >*} | *#kˌə̃mˈiːʃt# | *#kəmˈiʃt# | *#kəmˈit͡ʃt# | *#kəmˈit͡ʃt# {GOLD: #kəmˈiʃt#}
49     | ... | ... | ... | ... | ... | ... | ... | ... | ... | *#kˈɔːʷʎk# {GOLD: >*} | *#kˈɔːʷʎk# | *#kˈʊjk# | *#kˈʊjk# | *#kˈʊjk# {GOLD: #kˈəlˠk#}
50     | ... | ... | ... | ... | ... | ... | ... | *#kˈɒ̃tʊ# | *#kˈɒ̃tʊ# | *#kˈãt# {GOLD: #kˈɑ̃nt#} | *#kˈə̃t# | *#kˈət# | *#kˈət# | *#kˈət# {GOLD: #kˈənd#}
51     | ... | ... | ... | ... | ... | ... | ... | *#kˈʊr?2ɪ# | *#kˈʊr?2ɪ# | *#kˈɔːʷr?2# {GOLD: >*} | *#kˈɔːʷɾ?2# | *#kˈʊɾ?2# | *#kˈʊɾ?2# | *#kˈʊɾ?2# {GOLD: #kˈəɾt͡s#}
52     | ... | ... | ... | ... | ... | ... | ... | ... | ... | *#kˈɔːʷrpə# {GOLD: >*} | *#kˈɔːʷɾpə# | *#kˈʊɾpə# | *#kˈʊɾpə# | *#kˈʊɾpə# {GOLD: #kˈəɾpə#}
53     | ... | ... | ... | ... | ... | ... | ... | ... | ... | *#kˌasˈit# {GOLD: >*} | *#kˌasˈit# | *#kəsˈit# | *#kəsˈit# | *#kəsˈit# {GOLD: #kɔsˈit#}
54     | ... | ... | ... | ... | ... | ... | ... | ... | ... | *#kˌasˈaːr# {GOLD: >*} | *#kˌasˈaːɾ# | *#kəsˈaɾ# | *#kəsˈaɾ# | *#kəsˈaɾ# {GOLD: #kɔsˈɔɾɛ#}
55     | ... | ... | ... | ... | ... | ... | ... | ... | ... | *#kvˌaðrˈãːnt# {GOLD: >*} | *#kvˌaðɾˈəːnt# | *#kvəðɾˈənt# | *#kvəðɾˈənt# | *#kvəðɾˈənt# {GOLD: #kɔðɾˈand#}
56     | ... | ... | ... | ... | ... | ... | ... | ... | ... | *#kˌãkˈaːl# {GOLD: >*} | *#kˌə̃kˈaːl# | *#kəkˈal# | *#kəkˈal# | *#kəkˈal# {GOLD: #kɔnkˈɔl#}
57     | ... | ... | ... | ... | ... | ... | ... | *#kˌɒlˈɛʃʊkɑ# | *#kˌɒlˈɛʃʊkɑ# | *#kˌalˈɛːʃkə# {GOLD: >*} | *#kˌalˈɛːʃkə# | *#kəlˈɛʃkə# | *#kəlˈɛt͡ʃkə# | *#kəlˈɛt͡ʃkə# {GOLD: #kɔlˈɛʃkə#}
58     | ... | ... | ... | ... | ... | ... | ... | ... | ... | *#kˌalˈibə# {GOLD: >*} | *#kˌalˈibə# | *#kəlˈibə# | *#kəlˈibə# | *#kəlˈibə# {GOLD: #kɔlˈibɛ#}
59     | ... | ... | ... | ... | ... | ... | ... | ... | ... | *#kˌarˈit# {GOLD: >*} | *#kˌaɾˈit# | *#kəɾˈit# | *#kəɾˈit# | *#kəɾˈit# {GOLD: #kɔɾˈit#}
60     | ... | ... | ... | ... | ... | ... | ... | ... | ... | *#kˌarˈitə# {GOLD: >*} | *#kˌaɾˈitə# | *#kəɾˈitə# | *#kəɾˈitə# | *#kəɾˈitə# {GOLD: #kɔɾˈitə#}
61     | ... | ... | ... | ... | ... | ... | ... | ... | ... | *#kˌarˈubə# {GOLD: >*} | *#kˌaɾˈubə# | *#kəɾˈubə# | *#kəɾˈubə# | *#kəɾˈubə# {GOLD: #kɔɾˈubə#}
62     | ... | ... | ... | ... | ... | ... | ... | ... | ... | *#kˌapˈiːt͡sə# {GOLD: >*} | *#kˌapˈiːt͡sə# | *#kəpˈit͡sə# | *#kəpˈit͡sə# | *#kəpˈit͡sə# {GOLD: #kɔpˈit͡sə#}
63     | ... | ... | ... | ... | ... | ... | ... | ... | ... | *#kˌapˈiːl# {GOLD: >*} | *#kˌapˈiːl# | *#kəpˈil# | *#kəpˈil# | *#kəpˈil# {GOLD: #kɔpˈil#}
64     | ... | ... | ... | ... | ... | ... | ... | ... | ... | *#kˌavˈaːt͡ʃ# {GOLD: >*} | *#kˌavˈaːt͡ʃ# | *#kəvˈat͡ʃ# | *#kəvˈat͡ʃ# | *#kəvˈat͡ʃ# {GOLD: #kɔvˈat͡ʃ#}
65     | ... | ... | ... | ... | ... | ... | ... | ... | ... | *#kˈaːl# {GOLD: >*} | *#kˈaːl# | *#kˈal# | *#kˈal# | *#kˈal# {GOLD: #kˈɔlˠ#}
66     | ... | ... | ... | ... | ... | ... | ... | ... | ... | *#kˈaːʃ# {GOLD: >*} | *#kˈaːʃ# | *#kˈaʃ# | *#kˈaʃ# | *#kˈaʃ# {GOLD: #kˈɔʃ#}
67     | ... | ... | ... | ... | ... | ... | ... | ... | ... | *#kˈaːst# {GOLD: >*} | *#kˈaːst# | *#kˈast# | *#kˈast# | *#kˈast# {GOLD: #kˈɔt͡s#}
68     | ... | ... | ... | ... | ... | ... | ... | ... | *#kˈɒzilɪt͡sɑ# | *#kˈaːzilt͡sə# {GOLD: >*} | *#kˈaːzilt͡sə# | *#kˈazilt͡sə# | *#kˈazilt͡sə# | *#kˈazilt͡sə# {GOLD: #kˈɔt͡sə#}
69     | ... | ... | ... | ... | ... | ... | ... | ... | ... | *#kˈatt͡sə# {GOLD: >*} | *#kˈatt͡sə# | *#kˈatt͡sə# | *#kˈatt͡sə# | *#kˈatt͡sə# {GOLD: #kˈɔt͡sə#}
70     | ... | ... | ... | ... | ... | ... | ... | ... | ... | *#kvˈa# {GOLD: >*} | *#kvˈa# | *#kvˈa# | *#kvˈa# | *#kvˈa# {GOLD: #kˈɔs#}
71     | ... | ... | ... | ... | ... | ... | ... | ... | ... | *#kˈaːsə# {GOLD: >*} | *#kˈaːsə# | *#kˈasə# | *#kˈasə# | *#kˈasə# {GOLD: #kˈɔsə#}
72     | ... | ... | ... | ... | ... | ... | ... | ... | ... | *#kˈaːstrə# {GOLD: >*} | *#kˈaːstɾə# | *#kˈastɾə# | *#kˈastɾə# | *#kˈastɾə# {GOLD: #kˈɔstəɾ#}
73     | ... | ... | ... | ... | ... | ... | ... | ... | ... | *#kˈaːrə# {GOLD: >*} | *#kˈaːɾə# | *#kˈaɾə# | *#kˈaɾə# | *#kˈaɾə# {GOLD: #kˈɔɾə#}
74     | ... | ... | ... | ... | ... | ... | ... | ... | ... | *#kˈaːrt͡sɛ# {GOLD: >*} | *#kˈaːɾt͡sɛ# | *#kˈaɾt͡sɛ# | *#kˈaɾt͡sɛ# | *#kˈaɾt͡sɛ# {GOLD: #kˈɔɾt͡ʃə#}
75     | ... | ... | ... | ... | ... | ... | ... | *#kˈɒrʊdɑ# | *#kˈɒrʊdɑ# | *#kˈaːrdə# {GOLD: >*} | *#kˈaːɾdə# | *#kˈaɾdə# | *#kˈaɾdə# | *#kˈaɾdə# {GOLD: #kˈɔɾðə#}
76     | ... | ... | ... | ... | ... | ... | ... | ... | ... | *#kˈapr# {GOLD: >*} | *#kˈapɾ# | *#kˈapɾ# | *#kˈapɾ# | *#kˈapɾ# {GOLD: #kˈɔpəɾ#}
77     | ... | ... | ... | ... | ... | ... | ... | ... | ... | *#kˈab# {GOLD: >*} | *#kˈab# | *#kˈab# | *#kˈab# | *#kˈab# {GOLD: #kˈɔb#}
78     | ... | ... | ... | ... | ... | ... | ... | ... | ... | *#kˌalpˈit# {GOLD: >*} | *#kˌalpˈit# | *#kəlpˈit# | *#kəlpˈit# | *#kəlpˈit# {GOLD: #klˠapˈit#}
79     | ... | ... | ... | ... | ... | ... | ... | ... | ... | *#kˈaːlpə# {GOLD: >*} | *#kˈaːlpə# | *#kˈalpə# | *#kˈalpə# | *#kˈalpə# {GOLD: #klˠˈapə#}
80     | ... | ... | ... | ... | ... | ... | ... | ... | ... | *#kˌalt͡ʃˈit# {GOLD: >*} | *#kˌalt͡ʃˈit# | *#kəlt͡ʃˈit# | *#kəlt͡ʃˈit# | *#kəlt͡ʃˈit# {GOLD: #klˠɔt͡ʃˈit#}
81     | ... | ... | ... | ... | ... | ... | ... | ... | ... | *#kˌukˈat# {GOLD: >*} | *#kˌukˈat# | *#kəkˈat# | *#kəkˈat# | *#kəkˈat# {GOLD: #kukˈat#}
82     | ... | ... | ... | ... | ... | ... | ... | *#kˌɯʃˈɒwɑ# | *#kˌɯʃˈɒwɑ# | *#kˌuʃˈawə# {GOLD: #kˌuʃˈɔvə#} | *#kˌuʃˈawə# | *#kəʃˈawə# | *#kəʃˈawə# | *#kəʃˈawə# {GOLD: #kuʃˈɔvə#}
83     | ... | ... | ... | ... | ... | ... | ... | ... | ... | *#kˌalˈaːt͡ʃ# {GOLD: >*} | *#kˌalˈaːt͡ʃ# | *#kəlˈat͡ʃ# | *#kəlˈat͡ʃ# | *#kəlˈat͡ʃ# {GOLD: #kulˈat͡ʃ#}
84     | ... | ... | ... | ... | ... | ... | ... | *#kˌupælnˈikʊ# | *#kˌupælnˈikʊ# | *#kˌupɛlnˈik# {GOLD: #kˌupl̩nˈik#} | *#kˌupɛlnˈik# | *#kˌupəlnˈik# | *#kupəlnˈik# | *#kupəlnˈik# {GOLD: #kuplˈik#}
85     | ... | ... | ... | ... | ... | ... | ... | *#kˈɯkɑ# | *#kˈɯkɑ# | *#kˈukə# {GOLD: >*} | *#kˈukə# | *#kˈukə# | *#kˈukə# | *#kˈukə# {GOLD: #kˈukə#}
86     | ... | ... | ... | ... | ... | ... | ... | ... | *#kˈut͡ʃɛ̃# | *#kˈuːt͡ʃ# {GOLD: #kˈut͡ʃ#} | *#kˈuːt͡ʃ# | *#kˈut͡ʃ# | *#kˈut͡ʃ# | *#kˈut͡ʃ# {GOLD: #kˈut͡ʃ#}
87     | ... | ... | ... | ... | ... | ... | ... | ... | *#kˈutɛ̃# | *#kˈut# {GOLD: #kˈut#} | *#kˈut# | *#kˈut# | *#kˈut# | *#kˈut# {GOLD: #kˈut#}
88     | ... | ... | ... | ... | ... | ... | ... | *#kˈɯlɑ# | *#kˈɯlɑ# | *#kˈuːlə# {GOLD: >*} | *#kˈuːlə# | *#kˈulə# | *#kˈulə# | *#kˈulə# {GOLD: #kˈulə#}
89     | ... | ... | ... | ... | ... | ... | ... | *#kˈʊlbɑ# | *#kˈʊlbɑ# | *#kˈɔːʷlbə# {GOLD: >*} | *#kˈɔːʷlbə# | *#kˈʊlbə# | *#kˈʊlbə# | *#kˈʊlbə# {GOLD: #kˈulbə#}
90     | ... | ... | ... | ... | ... | ... | ... | ... | ... | *#kˈuːrvə# {GOLD: >*} | *#kˈuːɾvə# | *#kˈuɾvə# | *#kˈuɾvə# | *#kˈuɾvə# {GOLD: #kˈuɾvə#}
91     | ... | ... | ... | ... | ... | ... | ... | ... | ... | *#kˈu# {GOLD: >*} | *#kˈu# | *#kˈu# | *#kˈu# | *#kˈu# {GOLD: #kˈum#}
92     | ... | ... | ... | ... | ... | ... | ... | ... | ... | *#kˈũːmə# {GOLD: >*} | *#kˈũːmbə# | *#kˈumbə# | *#kˈumbə# | *#kˈumbə# {GOLD: #kˈumə#}
93     | ... | ... | ... | ... | ... | ... | ... | *#krˌɑxˈitɪ# | *#krˌɑxˈitɪ# | *#krˌaxˈit# {GOLD: >*} | *#kɾˌahˈit# | *#kɾəhˈit# | *#kɾəhˈit# | *#kɾəhˈit# {GOLD: #kɾahˈit#}
94     | ... | ... | ... | ... | ... | ... | ... | *#krˌɑxˈinɑ# | *#krˌɑxˈinɑ# | *#krˌaxˈĩːnə# {GOLD: >*} | *#kɾˌahˈĩːɾə# | *#kɾəhˈiɾə# | *#kɾəhˈiɾə# | *#kɾəhˈiɾə# {GOLD: #kɾahˈinə#}
95     | ... | ... | ... | ... | ... | ... | ... | *#ɡˌɒtˈɒwɒɲɔ# | *#ɡˌɒtˈɒwɒɲɔ# | *#ɡˌatˈawãɲ# {GOLD: #ɡˌatˈuo̯ɲ#} | *#ɡˌatˈawə̃ɲ# | *#ɡətˈawəɲ# | *#ɡətˈawəɲ# | *#ɡətˈawəɲ# {GOLD: #ɡatˈua̯j#}
96     | ... | ... | ... | ... | ... | ... | ... | *#ɡˌɒlˈinɑ# | *#ɡˌɒlˈinɑ# | *#ɡˌalˈĩːnə# {GOLD: >*} | *#ɡˌalˈĩːɾə# | *#ɡəlˈiɾə# | *#ɡəlˈiɾə# | *#ɡəlˈiɾə# {GOLD: #ɡalˈinə#}
97     | ... | ... | ... | ... | ... | ... | ... | ... | ... | *#ɡˌãmˈit# {GOLD: >*} | *#ɡˌə̃mˈit# | *#ɡəmˈit# | *#ɡəmˈit# | *#ɡəmˈit# {GOLD: #ɡamˈit#}
98     | ... | ... | ... | ... | ... | ... | ... | ... | ... | *#ɡˈaj# {GOLD: >*} | *#ɡˈaj# | *#ɡˈaj# | *#ɡˈaj# | *#ɡˈaj# {GOLD: #ɡˈaj#}
99     | ... | ... | ... | ... | ... | ... | ... | ... | ... | *#ɡˈaːʎkə# {GOLD: >*} | *#ɡˈaːʎkə# | *#ɡˈajkə# | *#ɡˈajkə# | *#ɡˈajkə# {GOLD: #ɡˈajɡə#}
100    | ... | ... | ... | ... | ... | ... | ... | *#ɡˈɒlwɑ# | *#ɡˈɒlwɑ# | *#ɡˈaːlvə# {GOLD: >*} | *#ɡˈaːlvə# | *#ɡˈalvə# | *#ɡˈalvə# | *#ɡˈalvə# {GOLD: #ɡˈalˠvə#}
101    | ... | ... | ... | ... | ... | ... | ... | ... | *#ɡˈɑʎɑ# | *#ɡˈaːʎə# {GOLD: >*} | *#ɡˈaːʎə# | *#ɡˈajə# | *#ɡˈajə# | *#ɡˈajə# {GOLD: #ɡˈalə#}
102    | ... | ... | ... | ... | ... | ... | ... | *#ɡˈɒrdɑ# | *#ɡˈɒrdɑ# | *#ɡˈaːrdə# {GOLD: >*} | *#ɡˈaːɾdə# | *#ɡˈaɾdə# | *#ɡˈaɾdə# | *#ɡˈaɾdə# {GOLD: #ɡˈaɾðə#}
103    | ... | ... | ... | ... | ... | ... | ... | *#ɡˌʊltˈitɪ# | *#ɡˌʊltˈitɪ# | *#ɡˌʊltˈit# {GOLD: >*} | *#ɡˌʊltˈit# | *#ɡəltˈit# | *#ɡəltˈit# | *#ɡəltˈit# {GOLD: #ɡəlˠtˈit#}
104    | ... | ... | ... | ... | ... | ... | ... | *#kˌʊlbˈɑzɑ# | *#kˌʊlbˈɑzɑ# | *#kˌʊlbˈaːzə# {GOLD: #kˌl̩bˈazə#} | *#kˌʊlbˈaːzə# | *#kəlbˈazə# | *#kəlbˈazə# | *#kəlbˈazə# {GOLD: #ɡəlbˈazə#}
105    | ... | ... | ... | ... | ... | ... | ... | *#kˌʊrxˈɑtɪ# | *#kˌʊrxˈɑtɪ# | *#kˌʊrxˈat# {GOLD: >*} | *#kˌʊɾhˈat# | *#kəɾhˈat# | *#kəɾhˈat# | *#kəɾhˈat# {GOLD: #ɡəɾhˈat#}
106    | ... | ... | ... | ... | ... | ... | ... | ... | ... | *#ɡrˌəkˈĩːɲə# {GOLD: >*} | *#ɡɾˌəkˈĩːɲə# | *#ɡɾəkˈiɲə# | *#ɡɾəcˈiɲə# | *#ɡɾət͡ʃˈiɲə# {GOLD: #ɡəɾcˈiɲə#}
107    | ... | ... | ... | ... | ... | ... | ... | ... | ... | *#kˌərt͡ʃˈak# {GOLD: >*} | *#kˌəɾt͡ʃˈak# | *#kəɾt͡ʃˈak# | *#kəɾt͡ʃˈak# | *#kəɾt͡ʃˈak# {GOLD: #ɡəɾt͡ʃˈak#}
108    | ... | ... | ... | ... | ... | ... | ... | ... | ... | *#ɡˌʊrdˈaːlə# {GOLD: >*} | *#ɡˌʊɾdˈaːlə# | *#ɡəɾdˈalə# | *#ɡəɾdˈalə# | *#ɡəɾdˈalə# {GOLD: #ɡəɾdˈalˠə#}
109    | ... | ... | ... | ... | ... | ... | ... | ... | ... | *#ɡˌardˈɛːt͡s# {GOLD: >*} | *#ɡˌaɾdˈɛːt͡s# | *#ɡəɾdˈɛt͡s# | *#ɡəɾdˈɛt͡s# | *#ɡəɾdˈɛt͡s# {GOLD: #ɡəɾdˈɛt͡s#}
110    | ... | ... | ... | ... | ... | ... | ... | ... | ... | *#ɡrˌadˈɛːt͡s# {GOLD: >*} | *#ɡɾˌadˈɛːt͡s# | *#ɡɾədˈɛt͡s# | *#ɡɾədˈɛt͡s# | *#ɡɾədˈɛt͡s# {GOLD: #ɡəɾdˈɛt͡s#}
111    | ... | ... | ... | ... | ... | ... | ... | ... | ... | *#ɡˌʊrdˈit# {GOLD: >*} | *#ɡˌʊɾdˈit# | *#ɡəɾdˈit# | *#ɡəɾdˈit# | *#ɡəɾdˈit# {GOLD: #ɡəɾdˈit#}
112    | ... | ... | ... | ... | ... | ... | ... | *#ɡˌʊrdˈitɪ# | *#ɡˌʊrdˈitɪ# | *#ɡˌʊrdˈit# {GOLD: #ɡɾ̩ðˈit#} | *#ɡˌʊɾdˈit# | *#ɡəɾdˈit# | *#ɡəɾdˈit# | *#ɡəɾdˈit# {GOLD: #ɡəɾðˈit#}
113    | ... | ... | ... | ... | ... | ... | ... | *#ɡˌʊrdlˈɑ?2ɪ# | *#ɡˌʊrdlˈɑ?2ɪ# | *#ɡˌʊrdlˈaː?2# {GOLD: >*} | *#ɡˌʊɾdlˈaː?2# | *#ɡəɾdlˈa?2# | *#ɡəɾdlˈa?2# | *#ɡəɾdlˈa?2# {GOLD: #ɡəɾlˈat͡s#}
114    | ... | ... | ... | ... | ... | ... | ... | ... | ... | *#ɡˌʊɾlˈiːt͡sə# {GOLD: >*} | *#ɡˌʊɾlˈiːt͡sə# | *#ɡəɾlˈit͡sə# | *#ɡəɾlˈit͡sə# | *#ɡəɾlˈit͡sə# {GOLD: #ɡəɾlˈit͡sə#}
115    | ... | ... | ... | ... | ... | ... | ... | *#ɡrˌɒmˈɑdɑ# | *#ɡrˌɒmˈɑdɑ# | *#ɡrˌãmˈadə# {GOLD: >*} | *#ɡɾˌə̃mˈadə# | *#ɡɾəmˈadə# | *#ɡɾəmˈadə# | *#ɡɾəmˈadə# {GOLD: #ɡəɾmˈaðə#}
116    | ... | ... | ... | ... | ... | ... | ... | ... | ... | *#ɡrˈək# {GOLD: >*} | *#ɡɾˈək# | *#ɡɾˈək# | *#ɡɾˈək# | *#ɡɾˈək# {GOLD: #ɡˈəɾk#}
117    | ... | ... | ... | ... | ... | ... | ... | ... | ... | *#ɡˈɔːʷrt͡ʃ# {GOLD: >*} | *#ɡˈɔːʷɾt͡ʃ# | *#ɡˈʊɾt͡ʃ# | *#ɡˈʊɾt͡ʃ# | *#ɡˈʊɾt͡ʃ# {GOLD: #ɡˈəɾt͡ʃ#}
118    | ... | ... | ... | ... | ... | ... | ... | ... | ... | *#ɡˈɔːʷrbə# {GOLD: >*} | *#ɡˈɔːʷɾbə# | *#ɡˈʊɾbə# | *#ɡˈʊɾbə# | *#ɡˈʊɾbə# {GOLD: #ɡˈəɾbə#}
119    | ... | ... | ... | ... | ... | ... | ... | ... | ... | *#ɡˌadˈit# {GOLD: >*} | *#ɡˌadˈit# | *#ɡədˈit# | *#ɡədˈit# | *#ɡədˈit# {GOLD: #ɡɔdˈit#}
120    | ... | ... | ... | ... | ... | ... | ... | ... | ... | *#ɡˌastˈit# {GOLD: >*} | *#ɡˌastˈit# | *#ɡəstˈit# | *#ɡəstˈit# | *#ɡəstˈit# {GOLD: #ɡɔstˈit#}
121    | ... | ... | ... | ... | ... | ... | ... | *#ɡˌɒrɪnˈit͡sɑ# | *#ɡˌɒrɪnˈit͡sɑ# | *#ɡˌarnˈiːt͡sə# {GOLD: >*} | *#ɡˌarˈiːt͡sə# | *#ɡərˈit͡sə# | *#ɡərˈit͡sə# | *#ɡərˈit͡sə# {GOLD: #ɡɔrˈit͡sə#}
122    | ... | ... | ... | ... | ... | ... | ... | ... | ... | *#ɡˌãmˈiːlə# {GOLD: >*} | *#ɡˌə̃mˈiːlə# | *#ɡəmˈilə# | *#ɡəmˈilə# | *#ɡəmˈilə# {GOLD: #ɡɔmˈilə#}
123    | ... | ... | ... | ... | ... | ... | ... | ... | ... | *#ɡˌãbˈɛːl# {GOLD: >*} | *#ɡˌə̃bˈɛːl# | *#ɡəbˈɛl# | *#ɡəbˈɛl# | *#ɡəbˈɛl# {GOLD: #ɡɔmbˈɛl#}
124    | ... | ... | ... | ... | ... | ... | ... | *#ɡwˈɒzdɑ# | *#ɡwˈɒzdɑ# | *#ɡvˈaːzdə# {GOLD: >*} | *#ɡvˈaːzdə# | *#ɡvˈazdə# | *#ɡvˈazdə# | *#ɡvˈazdə# {GOLD: #ɡˈɔʒdə#}
125    | ... | ... | ... | ... | ... | ... | ... | *#ɡˌɒlwɪnˈikʊ# | *#ɡˌɒlwɪnˈikʊ# | *#ɡˌalvnˈik# {GOLD: >*} | *#ɡˌalvnˈik# | *#ɡəlvnˈik# | *#ɡəlvnˈik# | *#ɡəlvnˈik# {GOLD: #ɡlˠanˈik#}
126    | ... | ... | ... | ... | ... | ... | ... | ... | ... | *#ɡˌalvˈĩːnə# {GOLD: >*} | *#ɡˌalvˈĩːɾə# | *#ɡəlvˈiɾə# | *#ɡəlvˈiɾə# | *#ɡəlvˈiɾə# {GOLD: #ɡlˠavˈinə#}
127    | ... | ... | ... | ... | ... | ... | ... | ... | ... | *#ɡrˌaʃˈĩːnə# {GOLD: >*} | *#ɡɾˌaʃˈĩːɾə# | *#ɡɾəʃˈiɾə# | *#ɡɾəʃˈiɾə# | *#ɡɾəʃˈiɾə# {GOLD: #ɡɾaʃˈinə#}
128    | ... | ... | ... | ... | ... | ... | ... | ... | ... | *#ɡrˌadˈĩːnə# {GOLD: >*} | *#ɡɾˌadˈĩːɾə# | *#ɡɾədˈiɾə# | *#ɡɾədˈiɾə# | *#ɡɾədˈiɾə# {GOLD: #ɡɾadˈinə#}
129    | ... | ... | ... | ... | ... | ... | ... | ... | ... | *#ɡrˌabˈit# {GOLD: >*} | *#ɡɾˌabˈit# | *#ɡɾəbˈit# | *#ɡɾəbˈit# | *#ɡɾəbˈit# {GOLD: #ɡɾabˈit#}
130    | ... | ... | ... | ... | ... | ... | ... | ... | ... | *#ɡrˈadə# {GOLD: >*} | *#ɡɾˈadə# | *#ɡɾˈadə# | *#ɡɾˈadə# | *#ɡɾˈadə# {GOLD: #ɡɾˈadə#}
131    | ... | ... | ... | ... | ... | ... | ... | ... | ... | *#ɡrˌɛbˈaːʃ# {GOLD: >*} | *#ɡɾˌɛbˈaːʃ# | *#ɡɾəbˈaʃ# | *#ɡɾəbˈaʃ# | *#ɡɾəbˈaʃ# {GOLD: #ɡɾɛbˈaʃ#}
132    | ... | ... | ... | ... | ... | ... | ... | ... | ... | *#ɡˈaːrʃ# {GOLD: >*} | *#ɡˈaːɾʃ# | *#ɡˈaɾʃ# | *#ɡˈaɾʃ# | *#ɡˈaɾʃ# {GOLD: #ɡɾˈɔʃ#}
133    | ... | ... | ... | ... | ... | ... | ... | *#ɡrˈɒzdɪlɪ# | *#ɡrˈɒzdɪlɪ# | *#ɡrˈaːzdl# {GOLD: >*} | *#ɡɾˈaːzdl# | *#ɡɾˈazdl# | *#ɡɾˈazdl# | *#ɡɾˈazdl# {GOLD: #ɡɾˈɔʒəl#}
134    | ... | ... | ... | ... | ... | ... | ... | *#ɡˈʊrʃtɪ# | *#ɡˈʊrʃtɪ# | *#ɡˈɔːʷrʃt# {GOLD: >*} | *#ɡˈɔːʷɾʃt# | *#ɡˈʊɾʃt# | *#ɡˈʊɾt͡ʃt# | *#ɡˈʊɾt͡ʃt# {GOLD: #ɡɾˈuʃt#}
135    | ... | ... | ... | ... | ... | ... | ... | *#lˠˌɒpˈuʃɪ# | *#lˠˌɒpˈuʃɪ# | *#lˠˌapˈuːʃ# {GOLD: >*} | *#lˠˌapˈuːʃ# | *#lˠəpˈuʃ# | *#lˠəpˈuʃ# | *#lˠəpˈuʃ# {GOLD: #lˠapˈuʃ#}
136    | ... | ... | ... | ... | ... | ... | ... | *#lˠˌɒpˈuʃɑ# | *#lˠˌɒpˈuʃɑ# | *#lˠˌapˈuːʃə# {GOLD: >*} | *#lˠˌapˈuːʃə# | *#lˠəpˈuʃə# | *#lˠəpˈuʃə# | *#lˠəpˈuʃə# {GOLD: #lˠapˈuʃə#}
137    | ... | ... | ... | ... | ... | ... | ... | *#lˠˈɒʃkɑ# | *#lˠˈɒʃkɑ# | *#lˠˈaːʃkə# {GOLD: >*} | *#lˠˈaːʃkə# | *#lˠˈaʃkə# | *#lˠˈat͡ʃkə# | *#lˠˈat͡ʃkə# {GOLD: #lˠˈaʃkə#}
138    | ... | ... | ... | ... | ... | ... | ... | *#lˠˈɑzɪt͡sɑ# | *#lˠˈɑzɪt͡sɑ# | *#lˠˈaːzt͡sə# {GOLD: >*} | *#lˠˈaːzt͡sə# | *#lˠˈazt͡sə# | *#lˠˈazt͡sə# | *#lˠˈazt͡sə# {GOLD: #lˠˈat͡sə#}
139    | ... | ... | ... | ... | ... | ... | ... | *#lˠˈɒzʊkɑ# | *#lˠˈɒzʊkɑ# | *#lˠˈaːzkə# {GOLD: >*} | *#lˠˈaːzkə# | *#lˠˈazkə# | *#lˠˈazkə# | *#lˠˈazkə# {GOLD: #lˠˈaskə#}
140    | ... | ... | ... | ... | ... | ... | ... | *#lˠˈɒzɒrɑ# | *#lˠˈɒzɒrɑ# | *#lˠˈaːzarə# {GOLD: >*} | *#lˠˈaːzaɾə# | *#lˠˈazaɾə# | *#lˠˈazaɾə# | *#lˠˈazaɾə# {GOLD: #lˠˈazuɾə#}
141    | ... | ... | ... | ... | ... | ... | ... | *#lˠˈɒ̃ɡɑ# | *#lˠˈɒ̃ɡɑ# | *#lˠˈãɡə# {GOLD: #lˠˈɑ̃ŋkə#} | *#lˠˈə̃ɡə# | *#lˠˈəɡə# | *#lˠˈəɡə# | *#lˠˈəɡə# {GOLD: #lˠˈəŋɡə#}
142    | ... | ... | ... | ... | ... | ... | ... | ... | ... | *#lˌãmˈit# {GOLD: >*} | *#lˌə̃mˈit# | *#ləmˈit# | *#ləmˈit# | *#ləmˈit# {GOLD: #lˠɔmˈit#}
143    | ... | ... | ... | ... | ... | ... | ... | ... | ... | *#lˈaːskə# {GOLD: >*} | *#lˈaːskə# | *#lˈaskə# | *#lˈaskə# | *#lˈaskə# {GOLD: #lˠˈɔskə#}
144    | ... | ... | ... | ... | ... | ... | ... | ... | *#lˈɯkɑ# | *#lˈukə# {GOLD: >*} | *#lˈukə# | *#lˈukə# | *#lˈukə# | *#lˈukə# {GOLD: #lˠˈukə#}
145    | ... | ... | ... | ... | ... | ... | ... | ... | ... | *#hˌukrˈaː# {GOLD: >*} | *#hˌukɾˈaː# | *#həkɾˈa# | *#həkɾˈa# | *#həkɾˈa# {GOLD: #ukɾˈajə#}
146    | ... | ... | ... | ... | ... | ... | ... | ... | ... | *#hˌudˈab# {GOLD: >*} | *#hˌudˈab# | *#hədˈab# | *#hədˈab# | *#hədˈab# {GOLD: #udˈɔb#}
147    | ... | ... | ... | ... | ... | ... | ... | ... | ... | *#jˌũnˈak# {GOLD: >*} | *#jˌũɾˈak# | *#jəɾˈak# | *#jəɾˈak# | *#jəɾˈak# {GOLD: #unˈak#}
148    | ... | ... | ... | ... | ... | ... | ... | ... | ... | *#hˌulˈiːʃt͡ʃ# {GOLD: >*} | *#hˌulˈiːʃt͡ʃ# | *#həlˈiʃt͡ʃ# | *#həlˈit͡ʃt͡ʃ# | *#həlˈit͡ʃt͡ʃ# {GOLD: #ulˈiʃtə#}
149    | ... | ... | ... | ... | ... | ... | ... | ... | ... | *#hˌurˈak# {GOLD: >*} | *#hˌuɾˈak# | *#həɾˈak# | *#həɾˈak# | *#həɾˈak# {GOLD: #uɾˈɔk#}
150    | ... | ... | ... | ... | ... | ... | ... | ... | ... | *#tjˈɛ̃ːʒnə# {GOLD: >*} | *#tjˈɛ̃ːʒnə# | *#tjˈɛʒnə# | *#tjˈɛʒnə# | *#tjˈɛʒnə# {GOLD: #cˈaʒnə#}
151    | ... | ... | ... | ... | ... | ... | ... | ... | ... | *#tjɛsˈat# {GOLD: >*} | *#tjɛsˈat# | *#tjəsˈat# | *#tjəsˈat# | *#tjəsˈat# {GOLD: #cɛsˈat#}
152    | ... | ... | ... | ... | ... | ... | ... | *#klˌɛpˈɑdlɒ# | *#klˌɛpˈɑdlɒ# | *#kʎˌɛpˈadlə# {GOLD: >*} | *#kʎˌɛpˈadlə# | *#cəpˈadlə# | *#cəpˈadlə# | *#t͡ʃəpˈadlə# {GOLD: #cɛpˈalˠə#}
153    | ... | ... | ... | ... | ... | ... | ... | *#klˈɛpʊ# | *#klˈɛpʊ# | *#kʎˈɛp# {GOLD: >*} | *#kʎˈɛp# | *#cˈɛp# | *#cˈɛp# | *#t͡ʃˈɛp# {GOLD: #cˈɛp#}
154    | ... | ... | ... | ... | ... | ... | ... | ... | *#kʎˈut͡ʃɪ# | *#kʎˈuːt͡ʃ# {GOLD: #kʎˈyt͡ʃ#} | *#kʎˈuːt͡ʃ# | *#cˈut͡ʃ# | *#cˈut͡ʃ# | *#t͡ʃˈut͡ʃ# {GOLD: #cˈyt͡ʃ#}
155    | ... | ... | ... | ... | ... | ... | ... | ... | ... | *#ɡʎˌavnˈiːt͡sə# {GOLD: >*} | *#ɡʎˌavnˈiːt͡sə# | *#ɟəvnˈit͡sə# | *#ɟəvnˈit͡sə# | *#ɟəvnˈit͡sə# {GOLD: #ɟanˈit͡sə#}
156    | ... | ... | ... | ... | ... | ... | ... | ... | *#ɡlˌɒ̃bɒt͡ʃˈɑrɪ# | *#ɡʎˌãbat͡ʃˈaːr# {GOLD: >*} | *#ɡʎˌə̃bat͡ʃˈaːɾ# | *#ɟˌəbət͡ʃˈaɾ# | *#ɟəbət͡ʃˈaɾ# | *#ɟəbət͡ʃˈaɾ# {GOLD: #ɟəmbɔt͡ʃˈaɾ#}
157    | ... | ... | ... | ... | ... | ... | ... | ... | ... | *#ɟˌɛzdˈit# {GOLD: >*} | *#ɟˌɛzdˈit# | *#ɟəzdˈit# | *#ɟəzdˈit# | *#ɟəzdˈit# {GOLD: #ɟɛzdˈit#}
158    | ... | ... | ... | ... | ... | ... | ... | ... | ... | *#ɡʎˌãbat͡ʃˈaːr# {GOLD: >*} | *#ɡʎˌə̃bat͡ʃˈaːɾ# | *#ɟˌəbət͡ʃˈaɾ# | *#ɟəbət͡ʃˈaɾ# | *#ɟəbət͡ʃˈaɾ# {GOLD: #ɟɔmbɔt͡ʃˈaɾ#}
159    | ... | ... | ... | ... | ... | ... | ... | ... | ... | *#ɡʎˈabə# {GOLD: >*} | *#ɡʎˈabə# | *#ɟˈabə# | *#ɟˈabə# | *#ɟˈabə# {GOLD: #ɟˈɔbə#}
160    | ... | ... | ... | ... | ... | ... | ... | ... | ... | *#ɲˌuxˈat# {GOLD: >*} | *#ɲˌuhˈat# | *#ɲəhˈat# | *#ɲəhˈat# | *#ɲəhˈat# {GOLD: #ɲuhˈat#}
161    | ... | ... | ... | ... | ... | ... | ... | ... | ... | *#t͡ʃˈa# {GOLD: >*} | *#t͡ʃˈa# | *#t͡ʃˈa# | *#t͡ʃˈa# | *#t͡ʃˈa# {GOLD: #t͡ʃˈas#}
162    | ... | ... | ... | ... | ... | ... | ... | *#tʃˈɑrɑ# | *#tʃˈɑrɑ# | *#tʃˈaːrə# {GOLD: >*} | *#tʃˈaːɾə# | *#tʃˈaɾə# | *#tʃˈaɾə# | *#tʃˈaɾə# {GOLD: #t͡ʃˈaɾə#}
163    | ... | ... | ... | ... | ... | ... | ... | ... | ... | *#t͡ʃˈaːvkə# {GOLD: >*} | *#t͡ʃˈaːvkə# | *#t͡ʃˈavkə# | *#t͡ʃˈavkə# | *#t͡ʃˈavkə# {GOLD: #t͡ʃˈafkə#}
164    | ... | ... | ... | ... | ... | ... | ... | ... | ... | *#t͡ʃˈa# {GOLD: >*} | *#t͡ʃˈa# | *#t͡ʃˈa# | *#t͡ʃˈa# | *#t͡ʃˈa# {GOLD: #t͡ʃˈam#}
165    | ... | ... | ... | ... | ... | ... | ... | *#?2ˌɛrɛnˈɑwɑ# | *#?2ˌɛrɛnˈɑwɑ# | *#?2ˌɛrɛ̃nˈawə# {GOLD: >*} | *#?2ˌɛɾɛ̃ɾˈawə# | *#?2ˌɛɾəɾˈawə# | *#?2ɛɾəɾˈawə# | *#?2ɛɾəɾˈawə# {GOLD: #t͡ʃərˈavə#}
166    | ... | ... | ... | ... | ... | ... | ... | ... | ... | *#t͡ʃˌɛtˈĩːnə# {GOLD: >*} | *#t͡ʃˌɛtˈĩːɾə# | *#t͡ʃətˈiɾə# | *#t͡ʃətˈiɾə# | *#t͡ʃətˈiɾə# {GOLD: #t͡ʃɛtˈinə#}
167    | ... | ... | ... | ... | ... | ... | ... | ... | ... | *#t͡ʃˌɛlˈit# {GOLD: >*} | *#t͡ʃˌɛlˈit# | *#t͡ʃəlˈit# | *#t͡ʃəlˈit# | *#t͡ʃəlˈit# {GOLD: #t͡ʃɛlˈit#}
168    | ... | ... | ... | ... | ... | ... | ... | ... | ... | *#t͡ʃˌɛlnˈik# {GOLD: >*} | *#t͡ʃˌɛlnˈik# | *#t͡ʃəlnˈik# | *#t͡ʃəlnˈik# | *#t͡ʃəlnˈik# {GOLD: #t͡ʃɛlnˈik#}
169    | ... | ... | ... | ... | ... | ... | ... | ... | ... | *#t͡ʃˈɛtə# {GOLD: >*} | *#t͡ʃˈɛtə# | *#t͡ʃˈɛtə# | *#t͡ʃˈɛtə# | *#t͡ʃˈɛtə# {GOLD: #t͡ʃˈɛtə#}
170    | ... | ... | ... | ... | ... | ... | ... | ... | ... | *#t͡ʃˈɛːlə# {GOLD: >*} | *#t͡ʃˈɛːlə# | *#t͡ʃˈɛlə# | *#t͡ʃˈɛlə# | *#t͡ʃˈɛlə# {GOLD: #t͡ʃˈɛlə#}
171    | ... | ... | ... | ... | ... | ... | ... | *#?2ˈɛrdɑ# | *#?2ˈɛrdɑ# | *#?2ˈɛːrdə# {GOLD: >*} | *#?2ˈɛːɾdə# | *#?2ˈɛɾdə# | *#?2ˈɛɾdə# | *#?2ˈɛɾdə# {GOLD: #t͡ʃˈɛɾðə#}
172    | ... | ... | ... | ... | ... | ... | ... | *#?2ˈɪrnʊ# | *#?2ˈɪrnʊ# | *#?2ˈɪːrn# {GOLD: >*} | *#?2ˈɪːɾn# | *#?2ˈɪɾn# | *#?2ˈɪɾn# | *#?2ˈɪɾn# {GOLD: #t͡ʃˈɛr#}
173    | ... | ... | ... | ... | ... | ... | ... | ... | ... | *#t͡ʃˌarnavˈadə# {GOLD: >*} | *#t͡ʃˌaravˈadə# | *#t͡ʃˌarəvˈadə# | *#t͡ʃarəvˈadə# | *#t͡ʃarəvˈadə# {GOLD: #t͡ʃɔɾɔvˈɔdə#}
174    | ... | ... | ... | ... | ... | ... | ... | ... | ... | *#t͡ʃˌudˈit# {GOLD: >*} | *#t͡ʃˌudˈit# | *#t͡ʃədˈit# | *#t͡ʃədˈit# | *#t͡ʃədˈit# {GOLD: #t͡ʃudˈit#}
175    | ... | ... | ... | ... | ... | ... | ... | ... | ... | *#t͡ʃˈukə# {GOLD: >*} | *#t͡ʃˈukə# | *#t͡ʃˈukə# | *#t͡ʃˈukə# | *#t͡ʃˈukə# {GOLD: #t͡ʃˈukə#}
176    | ... | ... | ... | ... | ... | ... | ... | ... | ... | *#t͡ʃˈuːlə# {GOLD: >*} | *#t͡ʃˈuːlə# | *#t͡ʃˈulə# | *#t͡ʃˈulə# | *#t͡ʃˈulə# {GOLD: #t͡ʃˈulˠə#}
177    | ... | ... | ... | ... | ... | ... | ... | ... | ... | *#t͡ʃˈudə# {GOLD: >*} | *#t͡ʃˈudə# | *#t͡ʃˈudə# | *#t͡ʃˈudə# | *#t͡ʃˈudə# {GOLD: #t͡ʃˈudə#}
178    | ... | ... | ... | ... | ... | ... | ... | ... | ... | *#t͡ʃˈubə# {GOLD: >*} | *#t͡ʃˈubə# | *#t͡ʃˈubə# | *#t͡ʃˈubə# | *#t͡ʃˈubə# {GOLD: #t͡ʃˈubə#}
179    | ... | ... | ... | ... | ... | ... | ... | ... | ... | *#ʃˌatˈɔːʷrɛ# {GOLD: >*} | *#ʃˌatˈɔːʷɾɛ# | *#ʃətˈʊɾɛ# | *#ʃətˈʊɾɛ# | *#ʃətˈʊɾɛ# {GOLD: #ʃatˈɔrɛ#}
180    | ... | ... | ... | ... | ... | ... | ... | *#ʃˈɑkɑ# | *#ʃˈɑkɑ# | *#ʃˈakə# {GOLD: >*} | *#ʃˈakə# | *#ʃˈakə# | *#ʃˈakə# | *#ʃˈakə# {GOLD: #ʃˈakə#}
181    | ... | ... | ... | ... | ... | ... | ... | *#ʃˈɒrɑ# | *#ʃˈɒrɑ# | *#ʃˈaːrə# {GOLD: >*} | *#ʃˈaːɾə# | *#ʃˈaɾə# | *#ʃˈaɾə# | *#ʃˈaɾə# {GOLD: #ʃˈaɾə#}
182    | ... | ... | ... | ... | ... | ... | ... | *#ʃˈɒrkɑ# | *#ʃˈɒrkɑ# | *#ʃˈaːrkə# {GOLD: >*} | *#ʃˈaːɾkə# | *#ʃˈaɾkə# | *#ʃˈaɾkə# | *#ʃˈaɾkə# {GOLD: #ʃˈaɾkə#}
183    | ... | ... | ... | ... | ... | ... | ... | *#ʃˈɑpʊ# | *#ʃˈɑpʊ# | *#ʃˈap# {GOLD: >*} | *#ʃˈap# | *#ʃˈap# | *#ʃˈap# | *#ʃˈap# {GOLD: #ʃˈap#}
184    | ... | ... | ... | ... | ... | ... | ... | *#ʃ?2ˈɛtʊkɑ# | *#ʃ?2ˈɛtʊkɑ# | *#ʃ?2ˈɛtkə# {GOLD: >*} | *#ʃ?2ˈɛtkə# | *#ʃ?2ˈɛtkə# | *#t͡ʃ?2ˈɛtkə# | *#t͡ʃ?2ˈɛtkə# {GOLD: #ʃˈɛtkə#}
185    | ... | ... | ... | ... | ... | ... | ... | *#ʃˈɑlɪ?2ɑ# | *#ʃˈɑlɪ?2ɑ# | *#ʃˈaːl?2ə# {GOLD: >*} | *#ʃˈaːl?2ə# | *#ʃˈal?2ə# | *#ʃˈal?2ə# | *#ʃˈal?2ə# {GOLD: #ʃˈɛlt͡sə#}
186    | ... | ... | ... | ... | ... | ... | ... | *#ʃˈɛ̃brʊ# | *#ʃˈɛ̃brʊ# | *#ʃˈɛ̃br# {GOLD: >*} | *#ʃˈɛ̃bɾ# | *#ʃˈɛbɾ# | *#ʃˈɛbɾ# | *#ʃˈɛbɾ# {GOLD: #ʃˈɛməɾ#}
187    | ... | ... | ... | ... | ... | ... | ... | *#ʃˌitˈɒwɑ# | *#ʃˌitˈɒwɑ# | *#ʃˌitˈawə# {GOLD: >*} | *#ʃˌitˈawə# | *#ʃətˈawə# | *#ʃətˈawə# | *#ʃətˈawə# {GOLD: #ʃitˈɔvə#}
188    | ... | ... | ... | ... | ... | ... | ... | ... | ... | *#ʃˈibkə# {GOLD: >*} | *#ʃˈibkə# | *#ʃˈibkə# | *#ʃˈibkə# | *#ʃˈibkə# {GOLD: #ʃˈipkə#}
189    | ... | ... | ... | ... | ... | ... | ... | *#ʃˌuːˈɛ?2ɪ# | *#ʃˌuːˈɛ?2ɪ# | *#ʃˈɛː?2# {GOLD: >*} | *#ʃˈɛː?2# | *#ʃˈɛ?2# | *#ʃˈɛ?2# | *#ʃˈɛ?2# {GOLD: #ʃˈye̯t͡s#}
190    | ... | ... | ... | ... | ... | ... | ... | *#ʃˈɒpʊ# | *#ʃˈɒpʊ# | *#ʃˈap# {GOLD: >*} | *#ʃˈap# | *#ʃˈap# | *#ʃˈap# | *#ʃˈap# {GOLD: #ʃˈɔp#}
191    | ... | ... | ... | ... | ... | ... | ... | *#ʃkˌɒwɒrdˈɪt͡sɪ# | *#ʃkˌɒwɒrdˈɪt͡sɪ# | *#ʃkˌawardˈɪːt͡s# {GOLD: >*} | *#ʃkˌawaɾdˈɪːt͡s# | *#ʃkˌawəɾdˈɪt͡s# | *#t͡ʃkawəɾdˈɪt͡s# | *#t͡ʃkawəɾdˈɪt͡s# {GOLD: #ʃkəɾðˈɛt͡s#}
192    | ... | ... | ... | ... | ... | ... | ... | *#ʃkˌɒpˈitɪ# | *#ʃkˌɒpˈitɪ# | *#ʃkˌapˈit# {GOLD: >*} | *#ʃkˌapˈit# | *#ʃkəpˈit# | *#t͡ʃkəpˈit# | *#t͡ʃkəpˈit# {GOLD: #ʃkɔpˈit#}
193    | ... | ... | ... | ... | ... | ... | ... | *#ʃkrˈɑpi# | *#ʃkrˈɑpi# | *#ʃkrˈap# {GOLD: >*} | *#ʃkɾˈap# | *#ʃkɾˈap# | *#t͡ʃkɾˈap# | *#t͡ʃkɾˈap# {GOLD: #ʃkɾˈap#}
194    | ... | ... | ... | ... | ... | ... | ... | *#ʃˌuʃˈit͡sɑ# | *#ʃˌuʃˈit͡sɑ# | *#ʃˌuʃˈiːt͡sə# {GOLD: #ʃˌuʃˈit͡sə#} | *#ʃˌuʃˈiːt͡sə# | *#ʃəʃˈit͡sə# | *#ʃəʃˈit͡sə# | *#ʃəʃˈit͡sə# {GOLD: #ʃuʃˈit͡sə#}
195    | ... | ... | ... | ... | ... | ... | ... | *#ʃˌɯpʎˈɑkɑ# | *#ʃˌɯpʎˈɑkɑ# | *#ʃˌupʎˈakə# {GOLD: >*} | *#ʃˌupʎˈakə# | *#ʃəpjˈakə# | *#ʃəpjˈakə# | *#ʃəpjˈakə# {GOLD: #ʃuplˈakə#}
196    | ... | ... | ... | ... | ... | ... | ... | *#ʃˈʊlʊɑ# | *#ʃˈʊlʊɑ# | *#ʃˈɔːʷlə# {GOLD: >*} | *#ʃˈɔːʷlə# | *#ʃˈʊlə# | *#ʃˈʊlə# | *#ʃˈʊlə# {GOLD: #ʃˈulˠə#}
197    | ... | ... | ... | ... | ... | ... | ... | ... | ... | *#ʃˈuːl# {GOLD: >*} | *#ʃˈuːl# | *#ʃˈul# | *#ʃˈul# | *#ʃˈul# {GOLD: #ʃˈul#}
198    | ... | ... | ... | ... | ... | ... | ... | *#ʃlˈɒtɑ# | *#ʃlˈɒtɑ# | *#ʒlˈatə# {GOLD: >*} | *#ʒlˈatə# | *#ʒlˈatə# | *#ʒlˈatə# | *#ʒlˈatə# {GOLD: #ʃcˈɔtə#}
199    | ... | ... | ... | ... | ... | ... | ... | *#ʃtˌʊrmˈɛnnɛ# | *#ʃtˌʊrmˈɛnnɛ# | *#ʃtˌʊrmˈɛ̃ːnn# {GOLD: #ʃtˌɾ̩mˈɛnː#} | *#ʃtˌʊɾmˈɛ̃ːnn# | *#ʃtəɾmˈɛnn# | *#t͡ʃtəɾmˈɛnn# | *#t͡ʃtəɾmˈɛnn# {GOLD: #ʃtəɾmˈɛn#}
200    | ... | ... | ... | ... | ... | ... | ... | *#ʃtˌɒpˈɑnjɑ# | *#ʃtˌɒpˈɑnjɑ# | *#ʃtˌapˈãːnɛ# {GOLD: #ʃtəpˈɑ̃ɲə#} | *#ʃtˌapˈəːɾɛ# | *#ʃtəpˈəɾɛ# | *#t͡ʃtəpˈəɾɛ# | *#t͡ʃtəpˈəɾɛ# {GOLD: #ʃtəpˈajə#}
201    | ... | ... | ... | ... | ... | ... | ... | *#ʃtˌɒpˈɑn?2̬ɑ# | *#ʃtˌɒpˈɑn?2̬ɑ# | *#ʃtˌapˈãː?2̬ə# {GOLD: #ʃtəpˈɑ̃ːzə#} | *#ʃtˌapˈəː?2̬ə# | *#ʃtəpˈə?2̬ə# | *#t͡ʃtəpˈə?2̬ə# | *#t͡ʃtəpˈə?2̬ə# {GOLD: #ʃtəpˈəzə#}
202    | ... | ... | ... | ... | ... | ... | ... | *#ʃtˌɒpɑnˈɛʃɑ# | *#ʃtˌɒpɑnˈɛʃɑ# | *#ʃtˌapãnˈɛːʃə# {GOLD: >*} | *#ʃtˌapə̃ɾˈɛːʃə# | *#ʃtˌapəɾˈɛʃə# | *#t͡ʃtapəɾˈɛʃə# | *#t͡ʃtapəɾˈɛʃə# {GOLD: #ʃtəpɾˈɛʃə#}
203    | ... | ... | ... | ... | ... | ... | ... | *#ʃtˌɒpˈɑnʊ# | *#ʃtˌɒpˈɑnʊ# | *#ʃtˌapˈãː# {GOLD: #ʃtəpˈɑ̃ɾ̃#} | *#ʃtˌapˈəː# | *#ʃtəpˈə# | *#t͡ʃtəpˈə# | *#t͡ʃtəpˈə# {GOLD: #ʃtˈəpəɾ#}
204    | ... | ... | ... | ... | ... | ... | ... | *#ʃtˈɯnjɑ# | *#ʃtˈɯnjɑ# | *#ʃtˈũːnɛ# {GOLD: #ʃtˈũɲə#} | *#ʃtˈũːɾɛ# | *#ʃtˈuɾɛ# | *#t͡ʃtˈuɾɛ# | *#t͡ʃtˈuɾɛ# {GOLD: #ʃtˈuɲə#}
205    | ... | ... | ... | ... | ... | ... | ... | *#ʃtrˈɑʒɑ# | *#ʃtrˈɑʒɑ# | *#ʃtrˈaːʒə# {GOLD: >*} | *#ʃtɾˈaːʒə# | *#ʃtɾˈaʒə# | *#t͡ʃtɾˈaʒə# | *#t͡ʃtɾˈaʒə# {GOLD: #ʃtɾˈazə#}
206    | ... | ... | ... | ... | ... | ... | ... | *#ʃˌɑɟˈitɪ# | *#ʃˌɑɟˈitɪ# | *#ʃˌaɟˈit# {GOLD: #ʃˌaɡˈit#} | *#ʃˌaɟˈit# | *#ʃəɟˈit# | *#ʃəɟˈit# | *#ʃəɟˈit# {GOLD: #ʒaɡˈit#}
207    | ... | ... | ... | ... | ... | ... | ... | ... | ... | *#ʒˈɛɡ# {GOLD: >*} | *#ʒˈɛɡ# | *#ʒˈɛɡ# | *#ʒˈɛɡ# | *#ʒˈɛɡ# {GOLD: #ʒˈɛɡ#}
208    | ... | ... | ... | ... | ... | ... | ... | ... | ... | *#ʒˌãbˈĩːnə# {GOLD: >*} | *#ʒˌə̃bˈĩːɾə# | *#ʒəbˈiɾə# | *#ʒəbˈiɾə# | *#ʒəbˈiɾə# {GOLD: #ʒumbˈinə#}
209    | ... | ... | ... | ... | ... | ... | ... | ... | *#tˈɒ̃ɡɑ# | *#tˈãɡə# {GOLD: >*} | *#tˈə̃ɡə# | *#tˈəɡə# | *#tˈəɡə# | *#tˈəɡə# {GOLD: #tˈaŋɡə#}
210    | ... | ... | ... | ... | ... | ... | ... | *#tˌʊrkˈɑtɪ# | *#tˌʊrkˈɑtɪ# | *#tˌʊrkˈat# {GOLD: >*} | *#tˌʊɾkˈat# | *#təɾkˈat# | *#təɾkˈat# | *#təɾkˈat# {GOLD: #təɾkˈat#}
211    | ... | ... | ... | ... | ... | ... | ... | *#tˌɪrpˈætɪ# | *#tˌɪrpˈætɪ# | *#tˌɪrpˈɛt# {GOLD: >*} | *#tˌɪɾpˈɛt# | *#təɾpˈɛt# | *#təɾpˈɛt# | *#təɾpˈɛt# {GOLD: #təɾpˈit#}
212    | ... | ... | ... | ... | ... | ... | ... | ... | ... | *#tˈɛk# {GOLD: >*} | *#tˈɛk# | *#tˈɛk# | *#tˈɛk# | *#tˈɛk# {GOLD: #tˈɛk#}
213    | ... | ... | ... | ... | ... | ... | ... | ... | ... | *#tˈi# {GOLD: >*} | *#tˈi# | *#tˈi# | *#tˈi# | *#tˈi# {GOLD: #tˈis#}
214    | ... | ... | ... | ... | ... | ... | ... | *#tˈɑjɪnɑ# | *#tˈɑjɪnɑ# | *#tˈajnə# {GOLD: >*} | *#tˈajnə# | *#tˈajnə# | *#tˈajnə# | *#tˈajnə# {GOLD: #tˈinə#}
215    | ... | ... | ... | ... | ... | ... | ... | ... | ... | *#tˈĩːnə# {GOLD: >*} | *#tˈĩːɾə# | *#tˈiɾə# | *#tˈiɾə# | *#tˈiɾə# {GOLD: #tˈinə#}
216    | ... | ... | ... | ... | ... | ... | ... | ... | ... | *#tˌat͡ʃˈidlə# {GOLD: >*} | *#tˌat͡ʃˈidlə# | *#tət͡ʃˈidlə# | *#tət͡ʃˈidlə# | *#tət͡ʃˈidlə# {GOLD: #tɔt͡ʃˈilˠə#}
217    | ... | ... | ... | ... | ... | ... | ... | ... | ... | *#tˌat͡ʃˈit# {GOLD: >*} | *#tˌat͡ʃˈit# | *#tət͡ʃˈit# | *#tət͡ʃˈit# | *#tət͡ʃˈit# {GOLD: #tɔt͡ʃˈit#}
218    | ... | ... | ... | ... | ... | ... | ... | ... | ... | *#tˌarˈiːʃt͡ʃ# {GOLD: >*} | *#tˌaɾˈiːʃt͡ʃ# | *#təɾˈiʃt͡ʃ# | *#təɾˈit͡ʃt͡ʃ# | *#təɾˈit͡ʃt͡ʃ# {GOLD: #tɔɾˈiʃtə#}
219    | ... | ... | ... | ... | ... | ... | ... | *#tˌɒrˈɒwʊ# | *#tˌɒrˈɒwʊ# | *#tˌarˈaw# {GOLD: >*} | *#tˌaɾˈaw# | *#təɾˈaw# | *#təɾˈaw# | *#təɾˈaw# {GOLD: #tɔɾˈua̯#}
220    | ... | ... | ... | ... | ... | ... | ... | ... | ... | *#tˌapˈidl# {GOLD: >*} | *#tˌapˈidl# | *#təpˈidl# | *#təpˈidl# | *#təpˈidl# {GOLD: #tɔpˈil#}
221    | ... | ... | ... | ... | ... | ... | ... | ... | ... | *#tˈakə# {GOLD: >*} | *#tˈakə# | *#tˈakə# | *#tˈakə# | *#tˈakə# {GOLD: #tˈɔkə#}
222    | ... | ... | ... | ... | ... | ... | ... | *#tˈɒpɒrʊ# | *#tˈɒpɒrʊ# | *#tˈapar# {GOLD: >*} | *#tˈapaɾ# | *#tˈapaɾ# | *#tˈapaɾ# | *#tˈapaɾ# {GOLD: #tˈɔpəɾ#}
223    | ... | ... | ... | ... | ... | ... | ... | ... | ... | *#tˌũt͡sjˈãː# {GOLD: >*} | *#tˌũt͡sjˈəː# | *#tət͡sjˈə# | *#tət͡sjˈə# | *#tət͡sjˈə# {GOLD: #tunt͡ʃˈan#}
224    | ... | ... | ... | ... | ... | ... | ... | *#tˈɯnjɑ# | *#tˈɯnjɑ# | *#tˈũːnɛ# {GOLD: #tˈũɲə#} | *#tˈũːɾɛ# | *#tˈuɾɛ# | *#tˈuɾɛ# | *#tˈuɾɛ# {GOLD: #tˈuɲə#}
225    | ... | ... | ... | ... | ... | ... | ... | ... | ... | *#tˈũː# {GOLD: >*} | *#tˈũː# | *#tˈu# | *#tˈu# | *#tˈu# {GOLD: #tˈun#}
226    | ... | ... | ... | ... | ... | ... | ... | ... | ... | *#trˈap# {GOLD: >*} | *#tɾˈap# | *#tɾˈap# | *#tɾˈap# | *#tɾˈap# {GOLD: #tɾˈap#}
227    | ... | ... | ... | ... | ... | ... | ... | *#trˈɪʃʊ# | *#trˈɪʃʊ# | *#trˈɪːʃ# {GOLD: >*} | *#tɾˈɪːʃ# | *#tɾˈɪʃ# | *#tɾˈɪʃ# | *#tɾˈɪʃ# {GOLD: #tɾˈiʃ#}
228    | ... | ... | ... | ... | ... | ... | ... | *#tˈɪrʃu# | *#tˈɪrʃu# | *#tˈɪːrʃ# {GOLD: >*} | *#tˈɪːɾʃ# | *#tˈɪɾʃ# | *#tˈɪɾʃ# | *#tˈɪɾʃ# {GOLD: #tɾˈiʃ#}
229    | ... | ... | ... | ... | ... | ... | ... | ... | ... | *#trˌãtˈit# {GOLD: >*} | *#tɾˌə̃tˈit# | *#tɾətˈit# | *#tɾətˈit# | *#tɾətˈit# {GOLD: #tɾɔndˈit#}
230    | ... | ... | ... | ... | ... | ... | ... | ... | ... | *#trˈaxə# {GOLD: >*} | *#tɾˈahə# | *#tɾˈahə# | *#tɾˈahə# | *#tɾˈahə# {GOLD: #tɾˈɔhə#}
231    | ... | ... | ... | ... | ... | ... | ... | ... | ... | *#dˌarˈaːvə# {GOLD: >*} | *#dˌaɾˈaːvə# | *#dəɾˈavə# | *#dəɾˈavə# | *#dəɾˈavə# {GOLD: #daɾˈɔvə#}
232    | ... | ... | ... | ... | ... | ... | ... | *#dˈɒlftɑ# | *#dˈɒlftɑ# | *#dˈaːlftə# {GOLD: >*} | *#dˈaːlftə# | *#dˈalftə# | *#dˈalftə# | *#dˈalftə# {GOLD: #dˈaltə#}
233    | ... | ... | ... | ... | ... | ... | ... | *#dˌɛʃnˈit͡sɑ# | *#dˌɛʃnˈit͡sɑ# | *#dˌɛʒnˈiːt͡sə# {GOLD: #dˌɪʃnˈit͡sə#} | *#dˌɛʒnˈiːt͡sə# | *#dəʒnˈit͡sə# | *#dəʒnˈit͡sə# | *#dəʒnˈit͡sə# {GOLD: #dəʃnˈit͡sə#}
234    | ... | ... | ... | ... | ... | ... | ... | ... | ... | *#dˌɛlbtˈĩːnə# {GOLD: >*} | *#dˌɛlbtˈĩːɾə# | *#dəlbtˈiɾə# | *#dəlbtˈiɾə# | *#dəlbtˈiɾə# {GOLD: #dɛltˈinə#}
235    | ... | ... | ... | ... | ... | ... | ... | ... | ... | *#dˌixˈat# {GOLD: >*} | *#dˌihˈat# | *#dəhˈat# | *#dəhˈat# | *#dəhˈat# {GOLD: #dihˈat#}
236    | ... | ... | ... | ... | ... | ... | ... | ... | ... | *#dˈiːrə# {GOLD: >*} | *#dˈiːɾə# | *#dˈiɾə# | *#dˈiɾə# | *#dˈiɾə# {GOLD: #dˈiɾə#}
237    | ... | ... | ... | ... | ... | ... | ... | ... | ... | *#dˈɪbrə# {GOLD: >*} | *#dˈɪbɾə# | *#dˈɪbɾə# | *#dˈɪbɾə# | *#dˈɪbɾə# {GOLD: #dˈibəɾ#}
238    | ... | ... | ... | ... | ... | ... | ... | *#dˈɪbrjʊ# | *#dˈɪbrjʊ# | *#dˈɪbrj# {GOLD: #dˈibər#} | *#dˈɪbɾj# | *#dˈɪbɾj# | *#dˈɪbɾj# | *#dˈɪbɾj# {GOLD: #dˈibər#}
239    | ... | ... | ... | ... | ... | ... | ... | ... | ... | *#dˌalˈĩːnə# {GOLD: >*} | *#dˌalˈĩːɾə# | *#dəlˈiɾə# | *#dəlˈiɾə# | *#dəlˈiɾə# {GOLD: #dɔlˈinə#}
240    | ... | ... | ... | ... | ... | ... | ... | ... | ... | *#dˌabˈit# {GOLD: >*} | *#dˌabˈit# | *#dəbˈit# | *#dəbˈit# | *#dəbˈit# {GOLD: #dɔbˈit#}
241    | ... | ... | ... | ... | ... | ... | ... | ... | ... | *#dˈajkə# {GOLD: >*} | *#dˈajkə# | *#dˈajkə# | *#dˈajkə# | *#dˈajkə# {GOLD: #dˈɔjkə#}
242    | ... | ... | ... | ... | ... | ... | ... | ... | ... | *#dˈab# {GOLD: >*} | *#dˈab# | *#dˈab# | *#dˈab# | *#dˈab# {GOLD: #dˈɔb#}
243    | ... | ... | ... | ... | ... | ... | ... | ... | *#dˌɒ̃brˈɑj# | *#dˌãbrˈaj# {GOLD: #dumbɾˈɛː#} | *#dˌə̃bɾˈaj# | *#dəbɾˈaj# | *#dəbɾˈaj# | *#dəbɾˈaj# {GOLD: #dumbɾˈɛ#}
244    | ... | ... | ... | ... | ... | ... | ... | ... | ... | *#dˈãbr# {GOLD: >*} | *#dˈə̃bɾ# | *#dˈəbɾ# | *#dˈəbɾ# | *#dˈəbɾ# {GOLD: #dˈumbəɾ#}
245    | ... | ... | ... | ... | ... | ... | ... | ... | ... | *#drˈaɡə# {GOLD: >*} | *#dɾˈaɡə# | *#dɾˈaɡə# | *#dɾˈaɡə# | *#dɾˈaɡə# {GOLD: #dɾˈaɡə#}
246    | ... | ... | ... | ... | ... | ... | ... | *#drˈɒ̃ɡʊ# | *#drˈɒ̃ɡʊ# | *#drˈãɡ# {GOLD: #dɾˈɑ̃nk#} | *#dɾˈə̃ɡ# | *#dɾˈəɡ# | *#dɾˈəɡ# | *#dɾˈəɡ# {GOLD: #dɾˈəŋɡ#}
247    | ... | ... | ... | ... | ... | ... | ... | ... | ... | *#drˌɛ̃mˈit# {GOLD: >*} | *#dɾˌɛ̃mˈit# | *#dɾəmˈit# | *#dɾəmˈit# | *#dɾəmˈit# {GOLD: #dɾɛmˈit#}
248    | ... | ... | ... | ... | ... | ... | ... | ... | ... | *#drˌabˈit# {GOLD: >*} | *#dɾˌabˈit# | *#dɾəbˈit# | *#dɾəbˈit# | *#dɾəbˈit# {GOLD: #dɾɔbˈit#}
249    | ... | ... | ... | ... | ... | ... | ... | *#drˈɒkʊ# | *#drˈɒkʊ# | *#drˈak# {GOLD: >*} | *#dɾˈak# | *#dɾˈak# | *#dɾˈak# | *#dɾˈak# {GOLD: #dɾˈɔk#}
250    | ... | ... | ... | ... | ... | ... | ... | *#drˈɒbɪnit͡sɑ# | *#drˈɒbɪnit͡sɑ# | *#drˈabnit͡sə# {GOLD: >*} | *#dɾˈabnit͡sə# | *#dɾˈabnit͡sə# | *#dɾˈabnit͡sə# | *#dɾˈabnit͡sə# {GOLD: #dɾˈɔmt͡sə#}
251    | ... | ... | ... | ... | ... | ... | ... | *#t͡sˌælˈikʊ# | *#t͡sˌælˈikʊ# | *#t͡sˌɛlˈik# {GOLD: >*} | *#t͡sˌɛlˈik# | *#t͡səlˈik# | *#t͡səlˈik# | *#t͡səlˈik# {GOLD: #t͡salˈik#}
252    | ... | ... | ... | ... | ... | ... | ... | ... | ... | *#t͡sˌarˈĩːnə# {GOLD: >*} | *#t͡sˌaɾˈĩːɾə# | *#t͡səɾˈiɾə# | *#t͡səɾˈiɾə# | *#t͡səɾˈiɾə# {GOLD: #t͡saɾˈinə#}
253    | ... | ... | ... | ... | ... | ... | ... | *#?2ˈɑrɑ# | *#?2ˈɑrɑ# | *#?2ˈaːrə# {GOLD: >*} | *#?2ˈaːɾə# | *#?2ˈaɾə# | *#?2ˈaɾə# | *#?2ˈaɾə# {GOLD: #t͡sˈaɾə#}
254    | ... | ... | ... | ... | ... | ... | ... | *#?2ˈɑrɪbɑ# | *#?2ˈɑrɪbɑ# | *#?2ˈaːrbə# {GOLD: >*} | *#?2ˈaːɾbə# | *#?2ˈaɾbə# | *#?2ˈaɾbə# | *#?2ˈaɾbə# {GOLD: #t͡sˈaɾbə#}
255    | ... | ... | ... | ... | ... | ... | ... | *#?2ˌɪrnˈidlʊ# | *#?2ˌɪrnˈidlʊ# | *#?2ˌɪrnˈidl# {GOLD: >*} | *#?2ˌɪrˈidl# | *#?2ərˈidl# | *#?2ərˈidl# | *#?2ərˈidl# {GOLD: #t͡səɾˈil#}
256    | ... | ... | ... | ... | ... | ... | ... | *#t͡sˌɛrʊnˈikʊ# | *#t͡sˌɛrʊnˈikʊ# | *#t͡sˌɛrnˈik# {GOLD: >*} | *#t͡sˌɛrˈik# | *#t͡sərˈik# | *#t͡sərˈik# | *#t͡sərˈik# {GOLD: #t͡sərˈik#}
257    | ... | ... | ... | ... | ... | ... | ... | ... | ... | *#t͡sˌɛ̃nˈit# {GOLD: >*} | *#t͡sˌɛ̃ɾˈit# | *#t͡səɾˈit# | *#t͡səɾˈit# | *#t͡səɾˈit# {GOLD: #t͡sɛnˈit#}
258    | ... | ... | ... | ... | ... | ... | ... | *#?2ˈɪrmɑ# | *#?2ˈɪrmɑ# | *#?2ˈɪːrmə# {GOLD: >*} | *#?2ˈɪːɾmbə# | *#?2ˈɪɾmbə# | *#?2ˈɪɾmbə# | *#?2ˈɪɾmbə# {GOLD: #t͡sˈɛɾmə#}
259    | ... | ... | ... | ... | ... | ... | ... | *#?2ˈitɑ# | *#?2ˈitɑ# | *#?2ˈitə# {GOLD: >*} | *#?2ˈitə# | *#?2ˈitə# | *#?2ˈitə# | *#?2ˈitə# {GOLD: #t͡sˈitə#}
260    | ... | ... | ... | ... | ... | ... | ... | *#?2ˈubʊ# | *#?2ˈubʊ# | *#?2ˈub# {GOLD: >*} | *#?2ˈub# | *#?2ˈub# | *#?2ˈub# | *#?2ˈub# {GOLD: #t͡sˈub#}
261    | ... | ... | ... | ... | ... | ... | ... | ... | *#sˈɑnjɑ# | *#sˈãːnɛ# {GOLD: #sˈɑ̃jə#} | *#sˈəːɾɛ# | *#sˈəɾɛ# | *#sˈəɾɛ# | *#sˈəɾɛ# {GOLD: #sˈajə#}
262    | ... | ... | ... | ... | ... | ... | ... | ... | ... | *#sˈɛ̃ːnə# {GOLD: >*} | *#sˈɛ̃ːɾə# | *#sˈɛɾə# | *#sˈɛɾə# | *#sˈɛɾə# {GOLD: #sˈanə#}
263    | ... | ... | ... | ... | ... | ... | ... | ... | ... | *#sjˈãːnə# {GOLD: >*} | *#sjˈəːɾə# | *#sjˈəɾə# | *#sjˈəɾə# | *#sjˈəɾə# {GOLD: #sˈanə#}
264    | ... | ... | ... | ... | ... | ... | ... | ... | ... | *#sˈabʎə# {GOLD: >*} | *#sˈabʎə# | *#sˈabjə# | *#sˈabjə# | *#sˈabjə# {GOLD: #sˈabjɛ#}
265    | ... | ... | ... | ... | ... | ... | ... | ... | ... | *#sˈɛːlt͡sə# {GOLD: >*} | *#sˈɛːlt͡sə# | *#sˈɛlt͡sə# | *#sˈɛlt͡sə# | *#sˈɛlt͡sə# {GOLD: #sˈɛlt͡sə#}
266    | ... | ... | ... | ... | ... | ... | ... | ... | ... | *#sˈɛːrə# {GOLD: >*} | *#sˈɛːɾə# | *#sˈɛɾə# | *#sˈɛɾə# | *#sˈɛɾə# {GOLD: #sˈɛɾə#}
267    | ... | ... | ... | ... | ... | ... | ... | ... | ... | *#sˈɛ̃br# {GOLD: >*} | *#sˈɛ̃bɾ# | *#sˈɛbɾ# | *#sˈɛbɾ# | *#sˈɛbɾ# {GOLD: #sˈɛmbəɾ#}
268    | ... | ... | ... | ... | ... | ... | ... | ... | ... | *#sˈiːlə# {GOLD: >*} | *#sˈiːlə# | *#sˈilə# | *#sˈilə# | *#sˈilə# {GOLD: #sˈilˠə#}
269    | ... | ... | ... | ... | ... | ... | ... | ... | ... | *#sˌɛ̃jˈit# {GOLD: >*} | *#sˌɛ̃jˈit# | *#səjˈit# | *#səjˈit# | *#səjˈit# {GOLD: #sˈit#}
270    | ... | ... | ... | ... | ... | ... | ... | ... | ... | *#sˈitə# {GOLD: >*} | *#sˈitə# | *#sˈitə# | *#sˈitə# | *#sˈitə# {GOLD: #sˈitə#}
271    | ... | ... | ... | ... | ... | ... | ... | ... | ... | *#sˈitkə# {GOLD: >*} | *#sˈitkə# | *#sˈitkə# | *#sˈitkə# | *#sˈitkə# {GOLD: #sˈitkə#}
272    | ... | ... | ... | ... | ... | ... | ... | ... | ... | *#sˈitkə# {GOLD: >*} | *#sˈitkə# | *#sˈitkə# | *#sˈitkə# | *#sˈitkə# {GOLD: #sˈitkə#}
273    | ... | ... | ... | ... | ... | ... | ... | ... | ... | *#sˌʊtˈĩːnə# {GOLD: >*} | *#sˌʊtˈĩːɾə# | *#sətˈiɾə# | *#sətˈiɾə# | *#sətˈiɾə# {GOLD: #sɔtˈinə#}
274    | ... | ... | ... | ... | ... | ... | ... | ... | ... | *#sˌãdˈit# {GOLD: >*} | *#sˌə̃dˈit# | *#sədˈit# | *#sədˈit# | *#sədˈit# {GOLD: #sɔdˈit#}
275    | ... | ... | ... | ... | ... | ... | ... | ... | ... | *#sˌavˈadʎkə# {GOLD: >*} | *#sˌavˈadʎkə# | *#səvˈadjkə# | *#səvˈadjkə# | *#səvˈadjkə# {GOLD: #sɔvˈajkə#}
276    | ... | ... | ... | ... | ... | ... | ... | ... | ... | *#skˈaːrə# {GOLD: >*} | *#skˈaːɾə# | *#skˈaɾə# | *#skˈaɾə# | *#skˈaɾə# {GOLD: #skˈɔrə#}
277    | ... | ... | ... | ... | ... | ... | ... | ... | ... | *#skˌarlˈupə# {GOLD: >*} | *#skˌaɾlˈupə# | *#skəɾlˈupə# | *#skəɾlˈupə# | *#skəɾlˈupə# {GOLD: #sklˠˈupə#}
278    | ... | ... | ... | ... | ... | ... | ... | ... | ... | *#skrˈaːvnə# {GOLD: >*} | *#skɾˈaːvnə# | *#skɾˈavnə# | *#skɾˈavnə# | *#skɾˈavnə# {GOLD: #skɾˈɔmə#}
279    | ... | ... | ... | ... | ... | ... | ... | ... | ... | *#slˈaɡ# {GOLD: >*} | *#slˈaɡ# | *#slˈaɡ# | *#slˈaɡ# | *#slˈaɡ# {GOLD: #slˠˈɔɡ#}
280    | ... | ... | ... | ... | ... | ... | ... | ... | ... | *#sˈuxə# {GOLD: >*} | *#sˈuhə# | *#sˈuhə# | *#sˈuhə# | *#sˈuhə# {GOLD: #sˈuhə#}
281    | ... | ... | ... | ... | ... | ... | ... | ... | *#sˈukulɒ# | *#sˈukulə# {GOLD: >*} | *#sˈukulə# | *#sˈukulə# | *#sˈukulə# | *#sˈukulə# {GOLD: #sˈukulˠ#}
282    | ... | ... | ... | ... | ... | ... | ... | ... | *#sˈɒ̃dʊ# | *#sˈãd# {GOLD: >*} | *#sˈə̃d# | *#sˈəd# | *#sˈəd# | *#sˈəd# {GOLD: #sˈund#}
283    | ... | ... | ... | ... | ... | ... | ... | ... | ... | *#slˈatə# {GOLD: >*} | *#slˈatə# | *#slˈatə# | *#slˈatə# | *#slˈatə# {GOLD: #scˈɔtə#}
284    | ... | ... | ... | ... | ... | ... | ... | ... | *#slˈufurɛ# | *#slˈuːfur# {GOLD: >*} | *#slˈuːfuɾ# | *#slˈufuɾ# | *#slˈufuɾ# | *#slˈufuɾ# {GOLD: #scˈufuɾ#}
285    | ... | ... | ... | ... | ... | ... | ... | ... | ... | *#strˌɪkˈat# {GOLD: >*} | *#stɾˌɪkˈat# | *#stɾəkˈat# | *#stɾəkˈat# | *#stɾəkˈat# {GOLD: #stəɾkˈat#}
286    | ... | ... | ... | ... | ... | ... | ... | ... | ... | *#stˌərvˈit# {GOLD: >*} | *#stˌəɾvˈit# | *#stəɾvˈit# | *#stəɾvˈit# | *#stəɾvˈit# {GOLD: #stəɾvˈit#}
287    | ... | ... | ... | ... | ... | ... | ... | ... | ... | *#stˌɪrvˈĩːnə# {GOLD: >*} | *#stˌɪɾvˈĩːɾə# | *#stəɾvˈiɾə# | *#stəɾvˈiɾə# | *#stəɾvˈiɾə# {GOLD: #stəɾvˈinə#}
288    | ... | ... | ... | ... | ... | ... | ... | ... | ... | *#stˈɛːʎə# {GOLD: >*} | *#stˈɛːʎə# | *#stˈɛjə# | *#stˈɛjə# | *#stˈɛjə# {GOLD: #stˈɛjə#}
289    | ... | ... | ... | ... | ... | ... | ... | ... | ... | *#stˈɛ̃ɡə# {GOLD: >*} | *#stˈɛ̃ɡə# | *#stˈɛɡə# | *#stˈɛɡə# | *#stˈɛɡə# {GOLD: #stˈɛɡə#}
290    | ... | ... | ... | ... | ... | ... | ... | ... | ... | *#stˈɪp# {GOLD: >*} | *#stˈɪp# | *#stˈɪp# | *#stˈɪp# | *#stˈɪp# {GOLD: #stˈɛp#}
291    | ... | ... | ... | ... | ... | ... | ... | ... | ... | *#strˈɛxə# {GOLD: >*} | *#stɾˈɛhə# | *#stɾˈɛhə# | *#stɾˈɛhə# | *#stɾˈɛhə# {GOLD: #stɾˈɛhə#}
292    | ... | ... | ... | ... | ... | ... | ... | ... | ... | *#strˈakə# {GOLD: >*} | *#stɾˈakə# | *#stɾˈakə# | *#stɾˈakə# | *#stɾˈakə# {GOLD: #stɾˈɔkə#}
293    | ... | ... | ... | ... | ... | ... | ... | ... | ... | *#strˈʊkə# {GOLD: >*} | *#stɾˈʊkə# | *#stɾˈʊkə# | *#stɾˈʊkə# | *#stɾˈʊkə# {GOLD: #stɾˈukə#}
294    | ... | ... | ... | ... | ... | ... | ... | ... | ... | *#strˈũːmb# {GOLD: >*} | *#stɾˈũːmb# | *#stɾˈumb# | *#stɾˈumb# | *#stɾˈumb# {GOLD: #stɾˈum#}
295    | ... | ... | ... | ... | ... | ... | ... | ... | *#sʊmiʎˈɑtɪ# | *#smiʎˈat# {GOLD: >*} | *#smbiʎˈat# | *#smbəjˈat# | *#smbəjˈat# | *#smbəjˈat# {GOLD: #smilˈat#}
296    | ... | ... | ... | ... | ... | ... | ... | ... | ... | *#zˌabˈɛːl# {GOLD: >*} | *#zˌabˈɛːl# | *#zəbˈɛl# | *#zəbˈɛl# | *#zəbˈɛl# {GOLD: #zabˈɛl#}
297    | ... | ... | ... | ... | ... | ... | ... | *#zˌɑbˈɔːjɪ# | *#zˌɑbˈɔːjɪ# | *#zˌabˈɔːj# {GOLD: #zˌabˈuo̯#} | *#zˌabˈɔːj# | *#zəbˈɔj# | *#zəbˈɔj# | *#zəbˈɔj# {GOLD: #zabˈua̯#}
298    | ... | ... | ... | ... | ... | ... | ... | ... | *#zˌɒ̃bˈiʃtɪ# | *#zˌãbˈiːʃt# {GOLD: >*} | *#zˌə̃bˈiːʃt# | *#zəbˈiʃt# | *#zəbˈit͡ʃt# | *#zəbˈit͡ʃt# {GOLD: #zambˈiʃt#}
299    | ... | ... | ... | ... | ... | ... | ... | *#zˌɒ̃bʊlˈɑkʊ# | *#zˌɒ̃bʊlˈɑkʊ# | *#zˌãblˈak# {GOLD: #zˌɑ̃mblˈak#} | *#zˌə̃blˈak# | *#zəblˈak# | *#zəblˈak# | *#zəblˈak# {GOLD: #zəmblˈak#}
300    | ... | ... | ... | ... | ... | ... | ... | *#zˈɒ̃bʊʃæ# | *#zˈɒ̃bʊʃæ# | *#zˈãbʃ# {GOLD: #zˈɑ̃mpʃə#} | *#zˈə̃bʃ# | *#zˈəbʃ# | *#zˈəbʃ# | *#zˈəbʃ# {GOLD: #zˈəmt͡ʃə#}
301    | ... | ... | ... | ... | ... | ... | ... | *#zˈɯʃɑ# | *#zˈɯʃɑ# | *#zˈuːʃə# {GOLD: >*} | *#zˈuːʃə# | *#zˈuʃə# | *#zˈuʃə# | *#zˈuʃə# {GOLD: #zˈuʃə#}
302    | ... | ... | ... | ... | ... | ... | ... | ... | ... | *#jˌɪzbavˈit# {GOLD: >*} | *#jˌɪzbavˈit# | *#jˌɪzbəvˈit# | *#jɪzbəvˈit# | *#jɪzbəvˈit# {GOLD: #zbavˈit#}
303    | ... | ... | ... | ... | ... | ... | ... | *#zwˌærˈiʃtɛ# | *#zwˌærˈiʃtɛ# | *#zvˌɛrˈiːʃt# {GOLD: >*} | *#zvˌɛɾˈiːʃt# | *#zvəɾˈiʃt# | *#zvəɾˈit͡ʃt# | *#zvəɾˈit͡ʃt# {GOLD: #zvaɾˈiʃt#}
304    | ... | ... | ... | ... | ... | ... | ... | *#nˌɛrˈɑnt͡sɑ# | *#nˌɛrˈɑnt͡sɑ# | *#nˌɛrˈãːt͡sə# {GOLD: >*} | *#nˌɛɾˈəːt͡sə# | *#nɾˈət͡sə# | *#nɾˈət͡sə# | *#nɾˈət͡sə# {GOLD: #nɛɾˈənd͡zə#}
305    | ... | ... | ... | ... | ... | ... | ... | ... | ... | *#nˌɛpˈəːrtək# {GOLD: >*} | *#nˌɛpˈəːɾtək# | *#npˈəɾtək# | *#npˈəɾtək# | *#npˈəɾtək# {GOLD: #nɛpˈəɾkə#}
306    | ... | ... | ... | ... | ... | ... | ... | ... | ... | *#nˌɛvˌɛrˈit# {GOLD: >*} | *#nˌɛvˌɛɾˈit# | *#nˌɛvəɾˈit# | *#nɛvəɾˈit# | *#nɛvəɾˈit# {GOLD: #nɛvɛɾˈit#}
307    | ... | ... | ... | ... | ... | ... | ... | ... | ... | *#nˌɛvˈaːʎə# {GOLD: >*} | *#nˌɛvˈaːʎə# | *#nəvˈajə# | *#nəvˈajə# | *#nəvˈajə# {GOLD: #nɛvˈɔjə#}
308    | ... | ... | ... | ... | ... | ... | ... | ... | ... | *#nˈɛ# {GOLD: >*} | *#nˈɛ# | *#nˈɛ# | *#nˈɛ# | *#nˈɛ# {GOLD: #nˈɛm#}
309    | ... | ... | ... | ... | ... | ... | ... | ... | ... | *#nˈɛ̃ːmt͡s# {GOLD: >*} | *#nˈɛ̃ːmt͡s# | *#nˈɛmt͡s# | *#nˈɛmt͡s# | *#nˈɛmt͡s# {GOLD: #nˈɛmɛt͡s#}
310    | ... | ... | ... | ... | ... | ... | ... | ... | ... | *#nˌaʒˈikə# {GOLD: >*} | *#nˌaʒˈikə# | *#nəʒˈikə# | *#nəʒˈikə# | *#nəʒˈikə# {GOLD: #nɔzˈikə#}
311    | ... | ... | ... | ... | ... | ... | ... | ... | ... | *#nˈaːvkə# {GOLD: >*} | *#nˈaːvkə# | *#nˈavkə# | *#nˈavkə# | *#nˈavkə# {GOLD: #nˈɔfkə#}
312    | ... | ... | ... | ... | ... | ... | ... | *#ˌɒlkɒmˈɪjɛ# | *#ˌɒlkɒmˈɪjɛ# | *#hˌaʎkãmˈɪj# {GOLD: >*} | *#hˌaʎkə̃mˈɪj# | *#hˌajkəmˈɪj# | *#hajkəmˈɪj# | *#hajkəmˈɪj# {GOLD: #lakmˈi#}
313    | ... | ... | ... | ... | ... | ... | ... | *#lˌæʃˈɒwɑ# | *#lˌæʃˈɒwɑ# | *#lˌɛʃˈawə# {GOLD: >*} | *#lˌɛʃˈawə# | *#ləʃˈawə# | *#ləʃˈawə# | *#ləʃˈawə# {GOLD: #laʃˈɔvə#}
314    | ... | ... | ... | ... | ... | ... | ... | ... | ... | *#lˌapˈuːʃə# {GOLD: >*} | *#lˌapˈuːʃə# | *#ləpˈuʃə# | *#ləpˈuʃə# | *#ləpˈuʃə# {GOLD: #lapˈuʃə#}
315    | ... | ... | ... | ... | ... | ... | ... | *#lˌɑbˈɒwɑ# | *#lˌɑbˈɒwɑ# | *#lˌabˈawə# {GOLD: >*} | *#lˌabˈawə# | *#ləbˈawə# | *#ləbˈawə# | *#ləbˈawə# {GOLD: #labˈɔvə#}
316    | ... | ... | ... | ... | ... | ... | ... | *#ˈɒlkɒmʊ# | *#ˈɒlkɒmʊ# | *#hˈaːʎkə# {GOLD: >*} | *#hˈaːʎkə# | *#hˈajkə# | *#hˈajkə# | *#hˈajkə# {GOLD: #lˈakəm#}
317    | ... | ... | ... | ... | ... | ... | ... | ... | ... | *#dlˈatə# {GOLD: >*} | *#dlˈatə# | *#dlˈatə# | *#dlˈatə# | *#dlˈatə# {GOLD: #lˈatə#}
318    | ... | ... | ... | ... | ... | ... | ... | *#lˈɑbʊ# | *#lˈɑbʊ# | *#lˈab# {GOLD: >*} | *#lˈab# | *#lˈab# | *#lˈab# | *#lˈab# {GOLD: #lˈab#}
319    | ... | ... | ... | ... | ... | ... | ... | *#lˌɒ̃ɡʊ# | *#lˌɒ̃ɡʊ# | *#lˌãɡ# {GOLD: >*} | *#lˌə̃ɡ# | *#lˌəɡ# | *#ləɡ# | *#ləɡ# {GOLD: #ləŋɡ#}
320    | ... | ... | ... | ... | ... | ... | ... | *#lˌɛ̃dˈinɑ# | *#lˌɛ̃dˈinɑ# | *#lˌɛ̃dˈĩːnə# {GOLD: >*} | *#lˌɛ̃dˈĩːɾə# | *#lədˈiɾə# | *#lədˈiɾə# | *#lədˈiɾə# {GOLD: #ləndˈinə#}
321    | ... | ... | ... | ... | ... | ... | ... | *#lˈɒ̃ɡʊʃkɑ# | *#lˈɒ̃ɡʊʃkɑ# | *#lˈãɡʃkə# {GOLD: >*} | *#lˈə̃ɡʃkə# | *#lˈəɡʃkə# | *#lˈəɡt͡ʃkə# | *#lˈəɡt͡ʃkə# {GOLD: #lˈənt͡skə#}
322    | ... | ... | ... | ... | ... | ... | ... | ... | ... | *#lˌit͡ʃˈit# {GOLD: >*} | *#lˌit͡ʃˈit# | *#lət͡ʃˈit# | *#lət͡ʃˈit# | *#lət͡ʃˈit# {GOLD: #lɛt͡ʃˈit#}
323    | ... | ... | ... | ... | ... | ... | ... | *#lˌæʃɪnˈit͡sɑ# | *#lˌæʃɪnˈit͡sɑ# | *#lˌɛʒnˈiːt͡sə# {GOLD: >*} | *#lˌɛʒnˈiːt͡sə# | *#ləʒnˈit͡sə# | *#ləʒnˈit͡sə# | *#ləʒnˈit͡sə# {GOLD: #lɛʃnˈit͡sə#}
324    | ... | ... | ... | ... | ... | ... | ... | ... | ... | *#lˌɛbɛtˈit# {GOLD: >*} | *#lˌɛbɛtˈit# | *#lˌɛbətˈit# | *#lɛbətˈit# | *#lɛbətˈit# {GOLD: #lɛbɛtˈit#}
325    | ... | ... | ... | ... | ... | ... | ... | ... | ... | *#lˈɛxə# {GOLD: >*} | *#lˈɛhə# | *#lˈɛhə# | *#lˈɛhə# | *#lˈɛhə# {GOLD: #lˈɛhə#}
326    | ... | ... | ... | ... | ... | ... | ... | *#lˈæʃɑ# | *#lˈæʃɑ# | *#lˈɛːʃə# {GOLD: >*} | *#lˈɛːʃə# | *#lˈɛʃə# | *#lˈɛʃə# | *#lˈɛʃə# {GOLD: #lˈɛʃə#}
327    | ... | ... | ... | ... | ... | ... | ... | *#lˈæʃɪnjɑ# | *#lˈæʃɪnjɑ# | *#lˈɛːʒnɛ# {GOLD: >*} | *#lˈɛːʒnɛ# | *#lˈɛʒnɛ# | *#lˈɛʒnɛ# | *#lˈɛʒnɛ# {GOLD: #lˈɛʃɲə#}
328    | ... | ... | ... | ... | ... | ... | ... | ... | ... | *#lˈɛːsə# {GOLD: >*} | *#lˈɛːsə# | *#lˈɛsə# | *#lˈɛsə# | *#lˈɛsə# {GOLD: #lˈɛsə#}
329    | ... | ... | ... | ... | ... | ... | ... | ... | ... | *#lˈɪːstkr# {GOLD: >*} | *#lˈɪːstkɾ# | *#lˈɪstkɾ# | *#lˈɪstkɾ# | *#lˈɪstkɾ# {GOLD: #lˈɛskəɾ#}
330    | ... | ... | ... | ... | ... | ... | ... | ... | ... | *#lˈɛːʎə# {GOLD: >*} | *#lˈɛːʎə# | *#lˈɛjə# | *#lˈɛjə# | *#lˈɛjə# {GOLD: #lˈɛlə#}
331    | ... | ... | ... | ... | ... | ... | ... | *#lˈixɒ# | *#lˈixɒ# | *#lˈixə# {GOLD: >*} | *#lˈihə# | *#lˈihə# | *#lˈihə# | *#lˈihə# {GOLD: #lˈijə#}
332    | ... | ... | ... | ... | ... | ... | ... | ... | ... | *#lˈipə# {GOLD: >*} | *#lˈipə# | *#lˈipə# | *#lˈipə# | *#lˈipə# {GOLD: #lˈipə#}
333    | ... | ... | ... | ... | ... | ... | ... | ... | ... | *#lˌapˈatə# {GOLD: >*} | *#lˌapˈatə# | *#ləpˈatə# | *#ləpˈatə# | *#ləpˈatə# {GOLD: #lɔpˈatə#}
334    | ... | ... | ... | ... | ... | ... | ... | ... | ... | *#lˈaɡ# {GOLD: >*} | *#lˈaɡ# | *#lˈaɡ# | *#lˈaɡ# | *#lˈaɡ# {GOLD: #lˈɔɡ#}
335    | ... | ... | ... | ... | ... | ... | ... | ... | ... | *#lˈaːzə# {GOLD: >*} | *#lˈaːzə# | *#lˈazə# | *#lˈazə# | *#lˈazə# {GOLD: #lˈɔzə#}
336    | ... | ... | ... | ... | ... | ... | ... | ... | ... | *#ʎˌuxˈat# {GOLD: >*} | *#ʎˌuhˈat# | *#jəhˈat# | *#jəhˈat# | *#jəhˈat# {GOLD: #luhˈat#}
337    | ... | ... | ... | ... | ... | ... | ... | ... | ... | *#lˌuʒˈiː# {GOLD: >*} | *#lˌuʒˈiː# | *#ləʒˈi# | *#ləʒˈi# | *#ləʒˈi# {GOLD: #luʒˈi#}
338    | ... | ... | ... | ... | ... | ... | ... | *#ʎˈutʊʃɑ# | *#ʎˈutʊʃɑ# | *#ʎˈutʃə# {GOLD: >*} | *#ʎˈutʃə# | *#jˈutʃə# | *#jˈutʃə# | *#jˈutʃə# {GOLD: #lˈuʃə#}
339    | ... | ... | ... | ... | ... | ... | ... | *#ʎˈutɑ# | *#ʎˈutɑ# | *#ʎˈutə# {GOLD: >*} | *#ʎˈutə# | *#jˈutə# | *#jˈutə# | *#jˈutə# {GOLD: #lˈutə#}
340    | ... | ... | ... | ... | ... | ... | ... | ... | ... | *#lˈuːspə# {GOLD: >*} | *#lˈuːspə# | *#lˈuspə# | *#lˈuspə# | *#lˈuspə# {GOLD: #lˈuspə#}
341    | ... | ... | ... | ... | ... | ... | ... | *#rˌɒɡˈɑlɪ# | *#rˌɒɡˈɑlɪ# | *#rˌaɡˈaːl# {GOLD: >*} | *#ɾˌaɡˈaːl# | *#ɾəɡˈal# | *#ɾəɡˈal# | *#ɾəɡˈal# {GOLD: #ɾaɡˈal#}
342    | ... | ... | ... | ... | ... | ... | ... | *#rˌɑdˈimɑ# | *#rˌɑdˈimɑ# | *#rˌadˈĩːmə# {GOLD: >*} | *#ɾˌadˈĩːmbə# | *#ɾədˈimbə# | *#ɾədˈimbə# | *#ɾədˈimbə# {GOLD: #ɾaðˈimə#}
343    | ... | ... | ... | ... | ... | ... | ... | *#wˌɒrbˈɪt͡sɪ# | *#wˌɒrbˈɪt͡sɪ# | *#wˌarbˈɪːt͡s# {GOLD: >*} | *#wˌaɾbˈɪːt͡s# | *#wəɾbˈɪt͡s# | *#wəɾbˈɪt͡s# | *#wəɾbˈɪt͡s# {GOLD: #ɾabˈɛt͡s#}
344    | ... | ... | ... | ... | ... | ... | ... | *#rˈɒwɑ# | *#rˈɒwɑ# | *#rˈawə# {GOLD: >*} | *#ɾˈawə# | *#ɾˈawə# | *#ɾˈawə# | *#ɾˈawə# {GOLD: #ɾˈavə#}
345    | ... | ... | ... | ... | ... | ... | ... | *#rˈɒwʊkɑ# | *#rˈɒwʊkɑ# | *#rˈawkə# {GOLD: >*} | *#ɾˈawkə# | *#ɾˈawkə# | *#ɾˈawkə# | *#ɾˈawkə# {GOLD: #ɾˈavɡə#}
346    | ... | ... | ... | ... | ... | ... | ... | ... | ... | *#rˈɛːʒkə# {GOLD: >*} | *#ɾˈɛːʒkə# | *#ɾˈɛʒkə# | *#ɾˈɛʒkə# | *#ɾˈɛʒkə# {GOLD: #ɾˈɛʒɡə#}
347    | ... | ... | ... | ... | ... | ... | ... | *#rˈɛ̃dʊ# | *#rˈɛ̃dʊ# | *#rˈɛ̃d# {GOLD: >*} | *#ɾˈɛ̃d# | *#ɾˈɛd# | *#ɾˈɛd# | *#ɾˈɛd# {GOLD: #ɾˈɛnd#}
348    | ... | ... | ... | ... | ... | ... | ... | ... | ... | *#rˌajˈit# {GOLD: >*} | *#ɾˌajˈit# | *#ɾəjˈit# | *#ɾəjˈit# | *#ɾəjˈit# {GOLD: #ɾɔˈit#}
349    | ... | ... | ... | ... | ... | ... | ... | *#rˌɒɡɒwˈɪ?2ɪkɑ# | *#rˌɒɡɒwˈɪ?2ɪkɑ# | *#rˌaɡawˈɪː?2kə# {GOLD: >*} | *#ɾˌaɡawˈɪː?2kə# | *#ɾˌaɡəwˈɪ?2kə# | *#ɾaɡəwˈɪ?2kə# | *#ɾaɡəwˈɪ?2kə# {GOLD: #ɾɔɡɔvˈɛt͡skə#}
350    | ... | ... | ... | ... | ... | ... | ... | ... | ... | *#rˌatˈaːr# {GOLD: >*} | *#ɾˌatˈaːɾ# | *#ɾətˈaɾ# | *#ɾətˈaɾ# | *#ɾətˈaɾ# {GOLD: #ɾɔtˈaɾ#}
351    | ... | ... | ... | ... | ... | ... | ... | ... | ... | *#rˌabatˈit# {GOLD: >*} | *#ɾˌabatˈit# | *#ɾˌabətˈit# | *#ɾabətˈit# | *#ɾabətˈit# {GOLD: #ɾɔbtˈit#}
352    | ... | ... | ... | ... | ... | ... | ... | ... | ... | *#rˈaj# {GOLD: >*} | *#ɾˈaj# | *#ɾˈaj# | *#ɾˈaj# | *#ɾˈaj# {GOLD: #ɾˈɔj#}
353    | ... | ... | ... | ... | ... | ... | ... | ... | ... | *#rˈajkə# {GOLD: >*} | *#ɾˈajkə# | *#ɾˈajkə# | *#ɾˈajkə# | *#ɾˈajkə# {GOLD: #ɾˈɔjkə#}
354    | ... | ... | ... | ... | ... | ... | ... | ... | ... | *#rˈaɡə# {GOLD: >*} | *#ɾˈaɡə# | *#ɾˈaɡə# | *#ɾˈaɡə# | *#ɾˈaɡə# {GOLD: #ɾˈɔɡə#}
355    | ... | ... | ... | ... | ... | ... | ... | ... | ... | *#rˈab# {GOLD: >*} | *#ɾˈab# | *#ɾˈab# | *#ɾˈab# | *#ɾˈab# {GOLD: #ɾˈɔb#}
356    | ... | ... | ... | ... | ... | ... | ... | ... | ... | *#rˈũːt͡s# {GOLD: >*} | *#ɾˈũːt͡s# | *#ɾˈut͡s# | *#ɾˈut͡s# | *#ɾˈut͡s# {GOLD: #ɾˈuns#}
357    | ... | ... | ... | ... | ... | ... | ... | *#rˌɒ̃ɡˈɑtɪ# | *#rˌɒ̃ɡˈɑtɪ# | *#rˌãɡˈat# {GOLD: >*} | *#ɾˌə̃ɡˈat# | *#ɾəɡˈat# | *#ɾəɡˈat# | *#ɾəɡˈat# {GOLD: #raɡˈat#}
358    | ... | ... | ... | ... | ... | ... | ... | *#rˌɒɡɒʒˈinɑ# | *#rˌɒɡɒʒˈinɑ# | *#rˌaɡaʒˈĩːnə# {GOLD: #rˌɒɡˌɒzˈĩnə#} | *#ɾˌaɡaʒˈĩːɾə# | *#ɾˌaɡəʒˈiɾə# | *#ɾaɡəʒˈiɾə# | *#ɾaɡəʒˈiɾə# {GOLD: #raɡɔzˈinə#}
359    | ... | ... | ... | ... | ... | ... | ... | *#ˌɒrʃʃˈɒlʊ# | *#ˌɒrʃʃˈɒlʊ# | *#hˌarʃʃˈaːl# {GOLD: >*} | *#hˌaɾʃʃˈaːl# | *#həɾʃʃˈal# | *#həɾt͡ʃʃˈal# | *#həɾt͡ʃʃˈal# {GOLD: #rasˈɔlˠ#}
360    | ... | ... | ... | ... | ... | ... | ... | ... | ... | *#xrˌãnˈiːt͡sə# {GOLD: >*} | *#hɾˌə̃ɾˈiːt͡sə# | *#hɾəɾˈit͡sə# | *#hɾəɾˈit͡sə# | *#hɾəɾˈit͡sə# {GOLD: #ranˈit͡sə#}
361    | ... | ... | ... | ... | ... | ... | ... | ... | ... | *#xrˌapˈat# {GOLD: >*} | *#hɾˌapˈat# | *#hɾəpˈat# | *#hɾəpˈat# | *#hɾəpˈat# {GOLD: #rapˈat#}
362    | ... | ... | ... | ... | ... | ... | ... | *#rˈɑklɑ# | *#rˈɑklɑ# | *#rˈakʎə# {GOLD: >*} | *#ɾˈakʎə# | *#ɾˈacə# | *#ɾˈacə# | *#ɾˈat͡ʃə# {GOLD: #rˈacɛ#}
363    | ... | ... | ... | ... | ... | ... | ... | ... | ... | *#xrˈap# {GOLD: >*} | *#hɾˈap# | *#hɾˈap# | *#hɾˈap# | *#hɾˈap# {GOLD: #rˈap#}
364    | ... | ... | ... | ... | ... | ... | ... | *#ˈɒrwɛʃʊ# | *#ˈɒrwɛʃʊ# | *#hˈaːrvɛʃ# {GOLD: >*} | *#hˈaːɾvɛʃ# | *#hˈaɾvɛʃ# | *#hˈaɾvɛʃ# | *#hˈaɾvɛʃ# {GOLD: #rˈafʃ#}
365    | ... | ... | ... | ... | ... | ... | ... | *#rˌækˈɒjɒ̃# | *#rˌækˈɒjɒ̃# | *#rˌɛkˈajã# {GOLD: >*} | *#ɾˌɛkˈajə̃# | *#ɾəkˈajə# | *#ɾəkˈajə# | *#ɾəkˈajə# {GOLD: #rəkˈajə#}
366    | ... | ... | ... | ... | ... | ... | ... | *#rˌɒɡˈɑlɑ# | *#rˌɒɡˈɑlɑ# | *#rˌaɡˈaːlə# {GOLD: >*} | *#ɾˌaɡˈaːlə# | *#ɾəɡˈalə# | *#ɾəɡˈalə# | *#ɾəɡˈalə# {GOLD: #rəɡˈalˠə#}
367    | ... | ... | ... | ... | ... | ... | ... | *#rˈɛ̃ʃɪkɑ# | *#rˈɛ̃ʃɪkɑ# | *#rˈɛ̃ːʃkə# {GOLD: >*} | *#ɾˈɛ̃ːʃkə# | *#ɾˈɛʃkə# | *#ɾˈɛt͡ʃkə# | *#ɾˈɛt͡ʃkə# {GOLD: #rˈɛt͡skə#}
368    | ... | ... | ... | ... | ... | ... | ... | *#rˌɒɡˈɒzʊ# | *#rˌɒɡˈɒzʊ# | *#rˌaɡˈaːz# {GOLD: >*} | *#ɾˌaɡˈaːz# | *#ɾəɡˈas# | *#ɾəɡˈas# | *#ɾəɡˈas# {GOLD: #rɔɡˈɔz#}
369    | ... | ... | ... | ... | ... | ... | ... | *#rˌɒpˈɑkʊ# | *#rˌɒpˈɑkʊ# | *#rˌapˈak# {GOLD: >*} | *#ɾˌapˈak# | *#ɾəpˈak# | *#ɾəpˈak# | *#ɾəpˈak# {GOLD: #rɔpˈak#}
370    | ... | ... | ... | ... | ... | ... | ... | *#rˈɒɡɑ# | *#rˈɒɡɑ# | *#rˈaɡə# {GOLD: >*} | *#ɾˈaɡə# | *#ɾˈaɡə# | *#ɾˈaɡə# | *#ɾˈaɡə# {GOLD: #rˈɔɡə#}
371    | ... | ... | ... | ... | ... | ... | ... | *#rˈɒʒɪkʊ# | *#rˈɒʒɪkʊ# | *#rˈaːʒk# {GOLD: >*} | *#ɾˈaːʒk# | *#ɾˈaʒk# | *#ɾˈaʒk# | *#ɾˈaʒk# {GOLD: #rˈɔzɡ#}
372    | ... | ... | ... | ... | ... | ... | ... | *#rˈunɒ# | *#rˈunɒ# | *#rˈũːnə# {GOLD: >*} | *#ɾˈũːɾə# | *#ɾˈuɾə# | *#ɾˈuɾə# | *#ɾˈuɾə# {GOLD: #rˈunə#}
373    | ... | ... | ... | ... | ... | ... | ... | ... | ... | *#pˌaʒnˈik# {GOLD: >*} | *#pˌaʒnˈik# | *#pəʒnˈik# | *#pəʒnˈik# | *#pəʒnˈik# {GOLD: #paʃnˈik#}
374    | ... | ... | ... | ... | ... | ... | ... | *#pˌɒdʊkˈɒwʊ# | *#pˌɒdʊkˈɒwʊ# | *#pˌadkˈaw# {GOLD: #pˌɒtkˈuo̯#} | *#pˌadkˈaw# | *#pədkˈaw# | *#pədkˈaw# | *#pədkˈaw# {GOLD: #patkˈua̯#}
375    | ... | ... | ... | ... | ... | ... | ... | ... | ... | *#pˌadˈit# {GOLD: >*} | *#pˌadˈit# | *#pədˈit# | *#pədˈit# | *#pədˈit# {GOLD: #padˈit#}
376    | ... | ... | ... | ... | ... | ... | ... | ... | ... | *#pˈatə# {GOLD: >*} | *#pˈatə# | *#pˈatə# | *#pˈatə# | *#pˈatə# {GOLD: #pˈatə#}
377    | ... | ... | ... | ... | ... | ... | ... | *#pˌɒɡˈɑɲʊ# | *#pˌɒɡˈɑɲʊ# | *#pˌaɡˈãːɲ# {GOLD: #pˌɒɡˈɑ̃ɲ#} | *#pˌaɡˈəːɲ# | *#pəɡˈəɲ# | *#pəɡˈəɲ# | *#pəɡˈəɲ# {GOLD: #pəɡˈəj#}
378    | ... | ... | ... | ... | ... | ... | ... | *#pˌɒɡˈɑnɑ# | *#pˌɒɡˈɑnɑ# | *#pˌaɡˈãːnə# {GOLD: #pˌɒɡˈɑ̃ɾ̃ə#} | *#pˌaɡˈəːɾə# | *#pəɡˈəɾə# | *#pəɡˈəɾə# | *#pəɡˈəɾə# {GOLD: #pəɡˈəɾə#}
379    | ... | ... | ... | ... | ... | ... | ... | *#pˌɒ̃dˈɑrɪ# | *#pˌɒ̃dˈɑrɪ# | *#pˌãdˈaːr# {GOLD: >*} | *#pˌə̃dˈaːɾ# | *#pədˈaɾ# | *#pədˈaɾ# | *#pədˈaɾ# {GOLD: #pəndˈaɾ#}
380    | ... | ... | ... | ... | ... | ... | ... | *#pˌɒkrˈɒwɑ# | *#pˌɒkrˈɒwɑ# | *#pˌakrˈawə# {GOLD: >*} | *#pˌakɾˈawə# | *#pəkɾˈawə# | *#pəkɾˈawə# | *#pəkɾˈawə# {GOLD: #pəɾkˈavə#}
381    | ... | ... | ... | ... | ... | ... | ... | ... | ... | *#pˌɛlˈɛ̃ːnə# {GOLD: >*} | *#pˌɛlˈɛ̃ːɾə# | *#pəlˈɛɾə# | *#pəlˈɛɾə# | *#pəlˈɛɾə# {GOLD: #pɛlˈɛnə#}
382    | ... | ... | ... | ... | ... | ... | ... | ... | ... | *#pˌɛlˈĩː# {GOLD: >*} | *#pˌɛlˈĩː# | *#pəlˈi# | *#pəlˈi# | *#pəlˈi# {GOLD: #pɛlˈin#}
383    | ... | ... | ... | ... | ... | ... | ... | ... | ... | *#pˈɛk# {GOLD: >*} | *#pˈɛk# | *#pˈɛk# | *#pˈɛk# | *#pˈɛk# {GOLD: #pˈɛk#}
384    | ... | ... | ... | ... | ... | ... | ... | ... | ... | *#pˌijavˈiːt͡sə# {GOLD: >*} | *#pˌijavˈiːt͡sə# | *#pˌijəvˈit͡sə# | *#pijəvˈit͡sə# | *#pijəvˈit͡sə# {GOLD: #pjavˈit͡sə#}
385    | ... | ... | ... | ... | ... | ... | ... | ... | ... | *#pˌixˈat# {GOLD: >*} | *#pˌihˈat# | *#pəhˈat# | *#pəhˈat# | *#pəhˈat# {GOLD: #pihˈat#}
386    | ... | ... | ... | ... | ... | ... | ... | *#pˈiʃkɑ# | *#pˈiʃkɑ# | *#pˈiːʃkə# {GOLD: >*} | *#pˈiːʃkə# | *#pˈiʃkə# | *#pˈit͡ʃkə# | *#pˈit͡ʃkə# {GOLD: #pˈizɡə#}
387    | ... | ... | ... | ... | ... | ... | ... | ... | *#pˈɨrjɪ# | *#pˈiːrj# {GOLD: >*} | *#pˈiːɾj# | *#pˈiɾj# | *#pˈiɾj# | *#pˈiɾj# {GOLD: #pˈirə#}
388    | ... | ... | ... | ... | ... | ... | ... | ... | ... | *#pˌaʎˈak# {GOLD: >*} | *#pˌaʎˈak# | *#pəjˈak# | *#pəjˈak# | *#pəjˈak# {GOLD: #pɔjˈak#}
389    | ... | ... | ... | ... | ... | ... | ... | ... | ... | *#pˌaʎˈatə# {GOLD: >*} | *#pˌaʎˈatə# | *#pəjˈatə# | *#pəjˈatə# | *#pəjˈatə# {GOLD: #pɔjˈatə#}
390    | ... | ... | ... | ... | ... | ... | ... | ... | ... | *#pˌaʎˈãː# {GOLD: >*} | *#pˌaʎˈəː# | *#pəjˈə# | *#pəjˈə# | *#pəjˈə# {GOLD: #pɔjˈan#}
391    | ... | ... | ... | ... | ... | ... | ... | ... | ... | *#pˌatˈɛːrɛ# {GOLD: >*} | *#pˌatˈɛːɾɛ# | *#pətˈɛɾɛ# | *#pətˈɛɾɛ# | *#pətˈɛɾɛ# {GOLD: #pɔtˈɛɾɛ#}
392    | ... | ... | ... | ... | ... | ... | ... | *#pˌɒdʊkˈɒwʊ# | *#pˌɒdʊkˈɒwʊ# | *#pˌadkˈaw# {GOLD: #pˌɒtkˈuo̯#} | *#pˌadkˈaw# | *#pədkˈaw# | *#pədkˈaw# | *#pədkˈaw# {GOLD: #pɔtkˈua̯#}
393    | ... | ... | ... | ... | ... | ... | ... | ... | ... | *#pˌastˈaː# {GOLD: >*} | *#pˌastˈaː# | *#pəstˈa# | *#pəstˈa# | *#pəstˈa# {GOLD: #pɔstˈahɛ#}
394    | ... | ... | ... | ... | ... | ... | ... | ... | ... | *#pˌastˈat# {GOLD: >*} | *#pˌastˈat# | *#pəstˈat# | *#pəstˈat# | *#pəstˈat# {GOLD: #pɔstˈat#}
395    | ... | ... | ... | ... | ... | ... | ... | ... | ... | *#pˌastrˈɛxə# {GOLD: >*} | *#pˌastɾˈɛhə# | *#pəstɾˈɛhə# | *#pəstɾˈɛhə# | *#pəstɾˈɛhə# {GOLD: #pɔstɾˈɛ#}
396    | ... | ... | ... | ... | ... | ... | ... | ... | ... | *#pˌãmnˈit# {GOLD: >*} | *#pˌə̃mnˈit# | *#pəmnˈit# | *#pəmnˈit# | *#pəmnˈit# {GOLD: #pɔnˈit#}
397    | ... | ... | ... | ... | ... | ... | ... | *#pˌɒrˈɛ̃dʊ# | *#pˌɒrˈɛ̃dʊ# | *#pˌarˈɛ̃d# {GOLD: >*} | *#pˌaɾˈɛ̃d# | *#pəɾˈɛd# | *#pəɾˈɛd# | *#pəɾˈɛd# {GOLD: #pɔɾˈɛnd#}
398    | ... | ... | ... | ... | ... | ... | ... | *#pˌɒrɒ̃?2ˈitɪ# | *#pˌɒrɒ̃?2ˈitɪ# | *#pˌarã?2ˈit# {GOLD: >*} | *#pˌaɾə̃?2ˈit# | *#pˌaɾə?2ˈit# | *#paɾə?2ˈit# | *#paɾə?2ˈit# {GOLD: #pɔɾɔsˈit#}
399    | ... | ... | ... | ... | ... | ... | ... | *#pˌɒbrˈitɪ# | *#pˌɒbrˈitɪ# | *#pˌabrˈit# {GOLD: >*} | *#pˌabɾˈit# | *#pəbɾˈit# | *#pəbɾˈit# | *#pəbɾˈit# {GOLD: #pɔrˈit#}
400    | ... | ... | ... | ... | ... | ... | ... | ... | ... | *#pˈatkə# {GOLD: >*} | *#pˈatkə# | *#pˈatkə# | *#pˈatkə# | *#pˈatkə# {GOLD: #pˈɔtkə#}
401    | ... | ... | ... | ... | ... | ... | ... | ... | ... | *#plˌaʃˈiːt͡sə# {GOLD: >*} | *#plˌaʃˈiːt͡sə# | *#pləʃˈit͡sə# | *#pləʃˈit͡sə# | *#pləʃˈit͡sə# {GOLD: #plˠaʃˈit͡sə#}
402    | ... | ... | ... | ... | ... | ... | ... | ... | ... | *#plˈaːz# {GOLD: >*} | *#plˈaːz# | *#plˈas# | *#plˈas# | *#plˈas# {GOLD: #plˠˈaz#}
403    | ... | ... | ... | ... | ... | ... | ... | ... | ... | *#plˈaːt͡ʃə# {GOLD: >*} | *#plˈaːt͡ʃə# | *#plˈat͡ʃə# | *#plˈat͡ʃə# | *#plˈat͡ʃə# {GOLD: #plˠˈɔt͡ʃə#}
404    | ... | ... | ... | ... | ... | ... | ... | *#plˈɒʃkɑ# | *#plˈɒʃkɑ# | *#plˈaːʃkə# {GOLD: >*} | *#plˈaːʃkə# | *#plˈaʃkə# | *#plˈat͡ʃkə# | *#plˈat͡ʃkə# {GOLD: #plˠˈɔt͡ʃkə#}
405    | ... | ... | ... | ... | ... | ... | ... | *#pˈɒlʃkɑ# | *#pˈɒlʃkɑ# | *#pˈaːlʃkə# {GOLD: >*} | *#pˈaːlʃkə# | *#pˈalʃkə# | *#pˈalt͡ʃkə# | *#pˈalt͡ʃkə# {GOLD: #plˠˈɔt͡skə#}
406    | ... | ... | ... | ... | ... | ... | ... | ... | ... | *#plˈaːskə# {GOLD: >*} | *#plˈaːskə# | *#plˈaskə# | *#plˈaskə# | *#plˈaskə# {GOLD: #plˠˈɔskə#}
407    | ... | ... | ... | ... | ... | ... | ... | ... | *#pˌɒsˈɯlɑ# | *#pˌasˈuːlə# {GOLD: >*} | *#pˌasˈuːlə# | *#pəsˈulə# | *#pəsˈulə# | *#pəsˈulə# {GOLD: #pusˈulˠə#}
408    | ... | ... | ... | ... | ... | ... | ... | *#pˈɯrjɪ# | *#pˈɯrjɪ# | *#pˈuːrj# {GOLD: >*} | *#pˈuːɾj# | *#pˈuɾj# | *#pˈuɾj# | *#pˈuɾj# {GOLD: #pˈurə#}
409    | ... | ... | ... | ... | ... | ... | ... | *#pˌɒlʃtnˈikʊ# | *#pˌɒlʃtnˈikʊ# | *#pˌalʃtnˈik# {GOLD: >*} | *#pˌalʃtnˈik# | *#pəlʃtnˈik# | *#pəlt͡ʃtnˈik# | *#pəlt͡ʃtnˈik# {GOLD: #plaʃnˈik#}
410    | ... | ... | ... | ... | ... | ... | ... | ... | ... | *#plˌivˈat# {GOLD: >*} | *#plˌivˈat# | *#pləvˈat# | *#pləvˈat# | *#pləvˈat# {GOLD: #plɛvˈat#}
411    | ... | ... | ... | ... | ... | ... | ... | ... | ... | *#plˌɛvnˈiːt͡sə# {GOLD: >*} | *#plˌɛvnˈiːt͡sə# | *#pləvnˈit͡sə# | *#pləvnˈit͡sə# | *#pləvnˈit͡sə# {GOLD: #plɛvˈit͡sə#}
412    | ... | ... | ... | ... | ... | ... | ... | *#pˌɛlˈɛnʊkɑ# | *#pˌɛlˈɛnʊkɑ# | *#pˌɛlˈɛ̃ːnkə# {GOLD: >*} | *#pˌɛlˈɛ̃ːnkə# | *#pəlˈɛnkə# | *#pəlˈɛnkə# | *#pəlˈɛnkə# {GOLD: #plˈɛŋɡə#}
413    | ... | ... | ... | ... | ... | ... | ... | ... | ... | *#pʎˈuːskə# {GOLD: >*} | *#pʎˈuːskə# | *#pjˈuskə# | *#pjˈuskə# | *#pjˈuskə# {GOLD: #plˈuskə#}
414    | ... | ... | ... | ... | ... | ... | ... | *#prˈɒxʊ# | *#prˈɒxʊ# | *#prˈax# {GOLD: >*} | *#pɾˈah# | *#pɾˈah# | *#pɾˈah# | *#pɾˈah# {GOLD: #pɾˈaf#}
415    | ... | ... | ... | ... | ... | ... | ... | ... | ... | *#prˈiːsk# {GOLD: >*} | *#pɾˈiːsk# | *#pɾˈisk# | *#pɾˈisk# | *#pɾˈisk# {GOLD: #pɾˈisk#}
416    | ... | ... | ... | ... | ... | ... | ... | ... | ... | *#prˌãdˈit# {GOLD: >*} | *#pɾˌə̃dˈit# | *#pɾədˈit# | *#pɾədˈit# | *#pɾədˈit# {GOLD: #pɾɔndˈit#}
417    | ... | ... | ... | ... | ... | ... | ... | ... | *#pˌɒbrɑtˈimʊ# | *#pˌabratˈi# {GOLD: >*} | *#pˌabɾatˈi# | *#pˌabɾətˈi# | *#pabɾətˈi# | *#pabɾətˈi# {GOLD: #pɾɔbatˈin#}
418    | ... | ... | ... | ... | ... | ... | ... | *#bˌɒɡɑtˈɪjɛ# | *#bˌɒɡɑtˈɪjɛ# | *#bˌaɡatˈɪj# {GOLD: #bˌɒɡətˈi#} | *#bˌaɡatˈɪj# | *#bˌaɡətˈɪj# | *#baɡətˈɪj# | *#baɡətˈɪj# {GOLD: #baktˈi#}
419    | ... | ... | ... | ... | ... | ... | ... | ... | ... | *#bˌatˈit# {GOLD: >*} | *#bˌatˈit# | *#bətˈit# | *#bətˈit# | *#bətˈit# {GOLD: #batˈit#}
420    | ... | ... | ... | ... | ... | ... | ... | *#bˌælˈɒʃɪ# | *#bˌælˈɒʃɪ# | *#bˌɛlˈaːʃ# {GOLD: #bˌalˈɒʃ#} | *#bˌɛlˈaːʃ# | *#bəlˈaʃ# | *#bəlˈaʃ# | *#bəlˈaʃ# {GOLD: #balˈaʃ#}
421    | ... | ... | ... | ... | ... | ... | ... | *#bˌælˈɒʃɪ# | *#bˌælˈɒʃɪ# | *#bˌɛlˈaːʃ# {GOLD: #bˌalˈɒʃ#} | *#bˌɛlˈaːʃ# | *#bəlˈaʃ# | *#bəlˈaʃ# | *#bəlˈaʃ# {GOLD: #balˈɔʃ#}
422    | ... | ... | ... | ... | ... | ... | ... | *#bˌɑrðʊmˈɒʃɪ# | *#bˌɑrðʊmˈɒʃɪ# | *#bˌarðmˈaːʃ# {GOLD: >*} | *#bˌaɾðmˈaːʃ# | *#bəɾðmˈaʃ# | *#bəɾðmˈaʃ# | *#bəɾðmˈaʃ# {GOLD: #baɾmˈaʃ#}
423    | ... | ... | ... | ... | ... | ... | ... | *#bˈɑ?1̊ʊ# | *#bˈɑ?1̊ʊ# | *#bˈa?1̊# {GOLD: >*} | *#bˈa?1̊# | *#bˈa?1̊# | *#bˈa?1̊# | *#bˈa?1̊# {GOLD: #bˈac#}
424    | ... | ... | ... | ... | ... | ... | ... | ... | ... | *#bˈabə# {GOLD: >*} | *#bˈabə# | *#bˈabə# | *#bˈabə# | *#bˈabə# {GOLD: #bˈabə#}
425    | ... | ... | ... | ... | ... | ... | ... | *#bˌɒɡˈɑtɑ# | *#bˌɒɡˈɑtɑ# | *#bˌaɡˈatə# {GOLD: #bˌɒɡˈatə#} | *#bˌaɡˈatə# | *#bəɡˈatə# | *#bəɡˈatə# | *#bəɡˈatə# {GOLD: #bəɡˈatə#}
426    | ... | ... | ... | ... | ... | ... | ... | ... | ... | *#bˌərt͡ʃˈik# {GOLD: >*} | *#bˌəɾt͡ʃˈik# | *#bəɾt͡ʃˈik# | *#bəɾt͡ʃˈik# | *#bəɾt͡ʃˈik# {GOLD: #bəɾt͡ʃˈik#}
427    | ... | ... | ... | ... | ... | ... | ... | *#brˌæʃtɪnˈikʊ# | *#brˌæʃtɪnˈikʊ# | *#brˌɛʃtnˈik# {GOLD: #bˌɾ̩ʃtnˈik#} | *#bɾˌɛʃtnˈik# | *#bɾəʃtnˈik# | *#bɾət͡ʃtnˈik# | *#bɾət͡ʃtnˈik# {GOLD: #bəɾʃnˈik#}
428    | ... | ... | ... | ... | ... | ... | ... | *#bˌʊrtwˈɑtɪ# | *#bˌʊrtwˈɑtɪ# | *#bˌʊrtvˈat# {GOLD: >*} | *#bˌʊɾtvˈat# | *#bəɾtvˈat# | *#bəɾtvˈat# | *#bəɾtvˈat# {GOLD: #bəɾtˈat#}
429    | ... | ... | ... | ... | ... | ... | ... | *#bˌʊrit͡sˈɛllʊ# | *#bˌʊrit͡sˈɛllʊ# | *#bˌʊrit͡sˈɛːll# {GOLD: >*} | *#bˌʊɾit͡sˈɛːll# | *#bˌʊɾət͡sˈɛll# | *#bʊɾət͡sˈɛll# | *#bʊɾət͡sˈɛll# {GOLD: #bəɾt͡sˈɛl#}
430    | ... | ... | ... | ... | ... | ... | ... | *#bˌærd͡zˈɑnɑ# | *#bˌærd͡zˈɑnɑ# | *#bˌɛrd͡zˈãːnə# {GOLD: #bˌɾ̩zˈãɾ̃ə#} | *#bˌɛɾd͡zˈəːɾə# | *#bəɾd͡zˈəɾə# | *#bəɾd͡zˈəɾə# | *#bəɾd͡zˈəɾə# {GOLD: #bəɾzˈəɾə#}
431    | ... | ... | ... | ... | ... | ... | ... | *#bˌɪrd͡zˈɛ̃ʃtɑ# | *#bˌɪrd͡zˈɛ̃ʃtɑ# | *#bˌɪrd͡zˈɛ̃ːʃtə# {GOLD: #bɾ̩zˈɛʃtə#} | *#bˌɪɾd͡zˈɛ̃ːʃtə# | *#bəɾd͡zˈɛʃtə# | *#bəɾd͡zˈɛt͡ʃtə# | *#bəɾd͡zˈɛt͡ʃtə# {GOLD: #bəɾzˈɛʃtə#}
432    | ... | ... | ... | ... | ... | ... | ... | ... | ... | *#bˌɛlˈɛːvə# {GOLD: >*} | *#bˌɛlˈɛːvə# | *#bəlˈɛvə# | *#bəlˈɛvə# | *#bəlˈɛvə# {GOLD: #bɛlˈɛvə#}
433    | ... | ... | ... | ... | ... | ... | ... | *#bˌɛlbˈit͡sɑ# | *#bˌɛlbˈit͡sɑ# | *#bˌɛlbˈiːt͡sə# {GOLD: #bˌɛlbˈit͡sə#} | *#bˌɛlbˈiːt͡sə# | *#bəlbˈit͡sə# | *#bəlbˈit͡sə# | *#bəlbˈit͡sə# {GOLD: #bɛlbˈit͡sə#}
434    | ... | ... | ... | ... | ... | ... | ... | *#bˌɛlwˈit͡sɑ# | *#bˌɛlwˈit͡sɑ# | *#bˌɛlvˈiːt͡sə# {GOLD: #bˌɛlvˈit͡sə#} | *#bˌɛlvˈiːt͡sə# | *#bəlvˈit͡sə# | *#bəlvˈit͡sə# | *#bəlvˈit͡sə# {GOLD: #bɛlvˈit͡sə#}
435    | ... | ... | ... | ... | ... | ... | ... | ... | ... | *#bˌɛlɡrˈat# {GOLD: >*} | *#bˌɛlɡɾˈat# | *#bəlɡɾˈat# | *#bəlɡɾˈat# | *#bəlɡɾˈat# {GOLD: #bɛɾˈat#}
436    | ... | ... | ... | ... | ... | ... | ... | ... | ... | *#bˈɛːʎkə# {GOLD: >*} | *#bˈɛːʎkə# | *#bˈɛjkə# | *#bˈɛjkə# | *#bˈɛjkə# {GOLD: #bˈɛjkə#}
437    | ... | ... | ... | ... | ... | ... | ... | ... | ... | *#bˈɛːl# {GOLD: >*} | *#bˈɛːl# | *#bˈɛl# | *#bˈɛl# | *#bˈɛl# {GOLD: #bˈɛl#}
438    | ... | ... | ... | ... | ... | ... | ... | ... | ... | *#bˈɛːlit͡sə# {GOLD: >*} | *#bˈɛːlit͡sə# | *#bˈɛlit͡sə# | *#bˈɛlit͡sə# | *#bˈɛlit͡sə# {GOLD: #bˈɛlt͡sə#}
439    | ... | ... | ... | ... | ... | ... | ... | *#ˌɒbʊwˈɪrtkʊ# | *#ˌɒbʊwˈɪrtkʊ# | *#hˌabwˈɪːrtk# {GOLD: >*} | *#hˌabwˈɪːɾtk# | *#həbwˈɪɾtk# | *#həbwˈɪɾtk# | *#həbwˈɪɾtk# {GOLD: #bˈɛɾk#}
440    | ... | ... | ... | ... | ... | ... | ... | *#bˌæʃɪnˈit͡sɑ# | *#bˌæʃɪnˈit͡sɑ# | *#bˌɛʒnˈiːt͡sə# {GOLD: >*} | *#bˌɛʒnˈiːt͡sə# | *#bəʒnˈit͡sə# | *#bəʒnˈit͡sə# | *#bəʒnˈit͡sə# {GOLD: #biʃnˈit͡sə#}
441    | ... | ... | ... | ... | ... | ... | ... | ... | ... | *#bˌɛsˈɛdə# {GOLD: >*} | *#bˌɛsˈɛdə# | *#bəsˈɛdə# | *#bəsˈɛdə# | *#bəsˈɛdə# {GOLD: #bisˈɛdə#}
442    | ... | ... | ... | ... | ... | ... | ... | ... | ... | *#bˌistrˈiːt͡sə# {GOLD: >*} | *#bˌistɾˈiːt͡sə# | *#bəstɾˈit͡sə# | *#bəstɾˈit͡sə# | *#bəstɾˈit͡sə# {GOLD: #bistɾˈit͡sə#}
443    | ... | ... | ... | ... | ... | ... | ... | *#bˈi?2ɪkʊ# | *#bˈi?2ɪkʊ# | *#bˈiː?2k# {GOLD: #bˈisk#} | *#bˈiː?2k# | *#bˈi?2k# | *#bˈi?2k# | *#bˈi?2k# {GOLD: #bˈisk#}
444    | ... | ... | ... | ... | ... | ... | ... | ... | ... | *#bˈiːstr# {GOLD: >*} | *#bˈiːstɾ# | *#bˈistɾ# | *#bˈistɾ# | *#bˈistɾ# {GOLD: #bˈistəɾ#}
445    | ... | ... | ... | ... | ... | ... | ... | ... | ... | *#pˈɪːstr# {GOLD: >*} | *#pˈɪːstɾ# | *#pˈɪstɾ# | *#pˈɪstɾ# | *#pˈɪstɾ# {GOLD: #bˈistəɾ#}
446    | ... | ... | ... | ... | ... | ... | ... | ... | ... | *#bˌaɡˈaːvə# {GOLD: >*} | *#bˌaɡˈaːvə# | *#bəɡˈavə# | *#bəɡˈavə# | *#bəɡˈavə# {GOLD: #bɔɡˈɔvə#}
447    | ... | ... | ... | ... | ... | ... | ... | ... | ... | *#bˌarˈikə# {GOLD: >*} | *#bˌaɾˈikə# | *#bəɾˈikə# | *#bəɾˈikə# | *#bəɾˈikə# {GOLD: #bɔɾˈiɡə#}
448    | ... | ... | ... | ... | ... | ... | ... | ... | ... | *#bˈaːlbə# {GOLD: >*} | *#bˈaːlbə# | *#bˈalbə# | *#bˈalbə# | *#bˈalbə# {GOLD: #bˈɔlbə#}
449    | ... | ... | ... | ... | ... | ... | ... | *#bˌɯwɒlˈit͡sɑ# | *#bˌɯwɒlˈit͡sɑ# | *#bˌuwalˈiːt͡sə# {GOLD: #bˌuo̯lˠˈit͡sə#} | *#bˌuwalˈiːt͡sə# | *#bˌuwəlˈit͡sə# | *#buwəlˈit͡sə# | *#buwəlˈit͡sə# {GOLD: #bua̯lˠˈit͡sə#}
450    | ... | ... | ... | ... | ... | ... | ... | *#bˌʊrlˈɒɡʊ# | *#bˌʊrlˈɒɡʊ# | *#bˌʊrlˈaɡ# {GOLD: >*} | *#bˌʊɾlˈaɡ# | *#bəɾlˈaɡ# | *#bəɾlˈaɡ# | *#bəɾlˈaɡ# {GOLD: #bulˠˈɔɡ#}
451    | ... | ... | ... | ... | ... | ... | ... | ... | ... | *#bˌut͡ʃˈat# {GOLD: >*} | *#bˌut͡ʃˈat# | *#bət͡ʃˈat# | *#bət͡ʃˈat# | *#bət͡ʃˈat# {GOLD: #but͡ʃˈat#}
452    | ... | ... | ... | ... | ... | ... | ... | *#bˌɯʃtrˈit͡sɑ# | *#bˌɯʃtrˈit͡sɑ# | *#bˌuʃtrˈiːt͡sə# {GOLD: #bˌuʃtɾˈit͡sə#} | *#bˌuʃtɾˈiːt͡sə# | *#bəʃtɾˈit͡sə# | *#bət͡ʃtɾˈit͡sə# | *#bət͡ʃtɾˈit͡sə# {GOLD: #buʃtɾˈit͡sə#}
453    | ... | ... | ... | ... | ... | ... | ... | *#bˈɯwɒlʊ# | *#bˈɯwɒlʊ# | *#bˈuwal# {GOLD: #bˈuo̯lˠ#} | *#bˈuwal# | *#bˈuwal# | *#bˈuwal# | *#bˈuwal# {GOLD: #bˈua̯lˠ#}
454    | ... | ... | ... | ... | ... | ... | ... | *#bˈɯʃtrʊ# | *#bˈɯʃtrʊ# | *#bˈuːʃtr# {GOLD: >*} | *#bˈuːʃtɾ# | *#bˈuʃtɾ# | *#bˈut͡ʃtɾ# | *#bˈut͡ʃtɾ# {GOLD: #bˈuʃtəɾ#}
455    | ... | ... | ... | ... | ... | ... | ... | ... | ... | *#blˈãːnə# {GOLD: >*} | *#blˈəːɾə# | *#blˈəɾə# | *#blˈəɾə# | *#blˈəɾə# {GOLD: #blˈanə#}
456    | ... | ... | ... | ... | ... | ... | ... | ... | *#bˌælˈuʃɪ# | *#bˌɛlˈuːʃ# {GOLD: #bˌɛlˈuʃ#} | *#bˌɛlˈuːʃ# | *#bəlˈuʃ# | *#bəlˈuʃ# | *#bəlˈuʃ# {GOLD: #blˈuʃ#}
457    | ... | ... | ... | ... | ... | ... | ... | ... | ... | *#blˈʊdə# {GOLD: >*} | *#blˈʊdə# | *#blˈʊdə# | *#blˈʊdə# | *#blˈʊdə# {GOLD: #blˈudə#}
458    | ... | ... | ... | ... | ... | ... | ... | ... | ... | *#bʎˈudə# {GOLD: >*} | *#bʎˈudə# | *#bjˈudə# | *#bjˈudə# | *#bjˈudə# {GOLD: #blˈudə#}
459    | ... | ... | ... | ... | ... | ... | ... | ... | ... | *#brˈaːzdə# {GOLD: >*} | *#bɾˈaːzdə# | *#bɾˈazdə# | *#bɾˈazdə# | *#bɾˈazdə# {GOLD: #bɾˈazə#}
460    | ... | ... | ... | ... | ... | ... | ... | ... | ... | *#brˈãːnə# {GOLD: >*} | *#bɾˈəːɾə# | *#bɾˈəɾə# | *#bɾˈəɾə# | *#bɾˈəɾə# {GOLD: #bɾˈanə#}
461    | ... | ... | ... | ... | ... | ... | ... | ... | ... | *#brˈaːvə# {GOLD: >*} | *#bɾˈaːvə# | *#bɾˈavə# | *#bɾˈavə# | *#bɾˈavə# {GOLD: #bɾˈavə#}
462    | ... | ... | ... | ... | ... | ... | ... | ... | ... | *#brˈɛɡ# {GOLD: >*} | *#bɾˈɛɡ# | *#bɾˈɛɡ# | *#bɾˈɛɡ# | *#bɾˈɛɡ# {GOLD: #bɾˈɛɡ#}
463    | ... | ... | ... | ... | ... | ... | ... | *#brˈi?2ɪkʊ# | *#brˈi?2ɪkʊ# | *#brˈiː?2k# {GOLD: #bɾˈisk#} | *#bɾˈiː?2k# | *#bɾˈi?2k# | *#bɾˈi?2k# | *#bɾˈi?2k# {GOLD: #bɾˈisk#}
464    | ... | ... | ... | ... | ... | ... | ... | *#brˈi?2ɪkɑ# | *#brˈi?2ɪkɑ# | *#brˈiː?2kə# {GOLD: #bɾˈiskə#} | *#bɾˈiː?2kə# | *#bɾˈi?2kə# | *#bɾˈi?2kə# | *#bɾˈi?2kə# {GOLD: #bɾˈiskə#}
465    | ... | ... | ... | ... | ... | ... | ... | *#xˌɒldˈitɪ# | *#xˌɒldˈitɪ# | *#xˌaldˈit# {GOLD: >*} | *#hˌaldˈit# | *#həldˈit# | *#həldˈit# | *#həldˈit# {GOLD: #flˠadˈit#}
466    | ... | ... | ... | ... | ... | ... | ... | *#xˈɒldʊ# | *#xˈɒldʊ# | *#xˈaːld# {GOLD: >*} | *#hˈaːld# | *#hˈald# | *#hˈald# | *#hˈald# {GOLD: #flˠˈad#}
467    | ... | ... | ... | ... | ... | ... | ... | *#wˌɒlkˈɒwʊ# | *#wˌɒlkˈɒwʊ# | *#wˌaʎkˈaw# {GOLD: >*} | *#wˌaʎkˈaw# | *#wəjkˈaw# | *#wəjkˈaw# | *#wəjkˈaw# {GOLD: #valˠkˈua̯#}
468    | ... | ... | ... | ... | ... | ... | ... | *#ʃʊwˌɪrʃtɪnˈikʊ# | *#ʃʊwˌɪrʃtɪnˈikʊ# | *#ʃwˌɪrʃtnˈik# {GOLD: >*} | *#ʃwˌɪɾʃtnˈik# | *#ʃwəɾʃtnˈik# | *#ʃwəɾt͡ʃtnˈik# | *#ʃwəɾt͡ʃtnˈik# {GOLD: #vəʃnˈik#}
469    | ... | ... | ... | ... | ... | ... | ... | *#wˌɪrtˈætɪ# | *#wˌɪrtˈætɪ# | *#wˌɪrtˈɛt# {GOLD: >*} | *#wˌɪɾtˈɛt# | *#wəɾtˈɛt# | *#wəɾtˈɛt# | *#wəɾtˈɛt# {GOLD: #vəɾtˈit#}
470    | ... | ... | ... | ... | ... | ... | ... | ... | ... | *#svˌɪrstnˈik# {GOLD: >*} | *#svˌɪɾstnˈik# | *#svəɾstnˈik# | *#svəɾstnˈik# | *#svəɾstnˈik# {GOLD: #vəɾsnˈik#}
471    | ... | ... | ... | ... | ... | ... | ... | *#wˌɪrwˈætɪ# | *#wˌɪrwˈætɪ# | *#wˌɪrvˈɛt# {GOLD: >*} | *#wˌɪɾvˈɛt# | *#wəɾvˈɛt# | *#wəɾvˈɛt# | *#wəɾvˈɛt# {GOLD: #vəɾvˈit#}
472    | ... | ... | ... | ... | ... | ... | ... | *#wˌɪrbɪnˈikʊ# | *#wˌɪrbɪnˈikʊ# | *#wˌɪrbnˈik# {GOLD: >*} | *#wˌɪɾbnˈik# | *#wəɾbnˈik# | *#wəɾbnˈik# | *#wəɾbnˈik# {GOLD: #vəɾmˈik#}
473    | ... | ... | ... | ... | ... | ... | ... | ... | ... | *#vrˈəːt͡ʃvə# {GOLD: >*} | *#vɾˈəːt͡ʃvə# | *#vɾˈət͡ʃvə# | *#vɾˈət͡ʃvə# | *#vɾˈət͡ʃvə# {GOLD: #vˈəɾt͡ʃə#}
474    | ... | ... | ... | ... | ... | ... | ... | ... | ... | *#vˈɪːrstə# {GOLD: >*} | *#vˈɪːɾstə# | *#vˈɪɾstə# | *#vˈɪɾstə# | *#vˈɪɾstə# {GOLD: #vˈəɾsə#}
475    | ... | ... | ... | ... | ... | ... | ... | ... | ... | *#vˈɛdrə# {GOLD: >*} | *#vˈɛdɾə# | *#vˈɛdɾə# | *#vˈɛdɾə# | *#vˈɛdɾə# {GOLD: #vˈɛdəɾ#}
476    | ... | ... | ... | ... | ... | ... | ... | *#wˌirˈɒwʊ# | *#wˌirˈɒwʊ# | *#wˌirˈaw# {GOLD: #βˌiɾˈuo̯#} | *#wˌiɾˈaw# | *#wəɾˈaw# | *#wəɾˈaw# | *#wəɾˈaw# {GOLD: #viɾˈua̯#}
477    | ... | ... | ... | ... | ... | ... | ... | ... | ... | *#vˈiːʒɲə# {GOLD: >*} | *#vˈiːʒɲə# | *#vˈiʒɲə# | *#vˈiʒɲə# | *#vˈiʒɲə# {GOLD: #vˈiʃɲə#}
478    | ... | ... | ... | ... | ... | ... | ... | ... | ... | *#vˈidrə# {GOLD: >*} | *#vˈidɾə# | *#vˈidɾə# | *#vˈidɾə# | *#vˈidɾə# {GOLD: #vˈidəɾ#}
479    | ... | ... | ... | ... | ... | ... | ... | ... | ... | *#vˈiːsk# {GOLD: >*} | *#vˈiːsk# | *#vˈisk# | *#vˈisk# | *#vˈisk# {GOLD: #vˈisk#}
480    | ... | ... | ... | ... | ... | ... | ... | *#ˈɒkɒlʊ# | *#ˈɒkɒlʊ# | *#hˈakal# {GOLD: >*} | *#hˈakal# | *#hˈakal# | *#hˈakal# | *#hˈakal# {GOLD: #vˈɔkulˠ#}
481    | ... | ... | ... | ... | ... | ... | ... | ... | ... | *#wˈaːʎə# {GOLD: >*} | *#wˈaːʎə# | *#wˈajə# | *#wˈajə# | *#wˈajə# {GOLD: #vˈɔlə#}
482    | ... | ... | ... | ... | ... | ... | ... | *#ˈɒbɒɡ# | *#ˈɒbɒɡ# | *#hˈabaɡ# {GOLD: #βˈɒbɒɡ#} | *#hˈabaɡ# | *#hˈabaɡ# | *#hˈabaɡ# | *#hˈabaɡ# {GOLD: #vˈɔbɔɡ#}
483    | ... | ... | ... | ... | ... | ... | ... | *#wˌʊlkɒdlˈɑkʊ# | *#wˌʊlkɒdlˈɑkʊ# | *#wˌʊʎkadlˈak# {GOLD: >*} | *#wˌʊʎkadlˈak# | *#wˌʊjkədlˈak# | *#wʊjkədlˈak# | *#wʊjkədlˈak# {GOLD: #vuɾkɔlˠˈak#}
484    | ... | ... | ... | ... | ... | ... | ... | *#wrˈɒ̃nʊ# | *#wrˈɒ̃nʊ# | *#wrˈãː# {GOLD: #βɾˈɑ̃ɾ̃#} | *#wɾˈəː# | *#wɾˈə# | *#wɾˈə# | *#wɾˈə# {GOLD: #vɾˈəɾ#}
485    | ... | ... | ... | ... | ... | ... | ... | *#wˈɒrnʊ# | *#wˈɒrnʊ# | *#wˈaːrn# {GOLD: #βɾˈɑ̃ɾ̃#} | *#wˈaːɾn# | *#wˈaɾn# | *#wˈaɾn# | *#wˈaɾn# {GOLD: #vɾˈəɾ#}
486    | ... | ... | ... | ... | ... | ... | ... | ... | ... | *#vˈəːrl# {GOLD: >*} | *#vˈəːɾl# | *#vˈəɾl# | *#vˈəɾl# | *#vˈəɾl# {GOLD: #vɾˈulˠ#}
487    | ... | ... | ... | ... | ... | ... | ... | *#ˌɒwɪrˈɑɡɑ# | *#ˌɒwɪrˈɑɡɑ# | *#hˌawrˈaɡə# {GOLD: >*} | *#hˌawɾˈaɡə# | *#həwɾˈaɡə# | *#həwɾˈaɡə# | *#həwɾˈaɡə# {GOLD: #vrˈaɡə#}
488    | ... | ... | ... | ... | ... | ... | ... | ... | ... | *#mˌaxnˈit# {GOLD: >*} | *#mˌahnˈit# | *#məhnˈit# | *#məhnˈit# | *#məhnˈit# {GOLD: #mahnˈit#}
489    | ... | ... | ... | ... | ... | ... | ... | *#mˌɒtˈɯkɑ# | *#mˌɒtˈɯkɑ# | *#mˌatˈukə# {GOLD: >*} | *#mˌatˈukə# | *#mətˈukə# | *#mətˈukə# | *#mətˈukə# {GOLD: #matˈukə#}
490    | ... | ... | ... | ... | ... | ... | ... | ... | ... | *#mˌarˈɛ̃ːnə# {GOLD: >*} | *#mˌaɾˈɛ̃ːɾə# | *#məɾˈɛɾə# | *#məɾˈɛɾə# | *#məɾˈɛɾə# {GOLD: #maɾˈɛnə#}
491    | ... | ... | ... | ... | ... | ... | ... | ... | ... | *#mˈak# {GOLD: >*} | *#mˈak# | *#mˈak# | *#mˈak# | *#mˈak# {GOLD: #mˈak#}
492    | ... | ... | ... | ... | ... | ... | ... | ... | ... | *#mˈaːt͡ʃə# {GOLD: >*} | *#mˈaːt͡ʃə# | *#mˈat͡ʃə# | *#mˈat͡ʃə# | *#mˈat͡ʃə# {GOLD: #mˈat͡ʃə#}
493    | ... | ... | ... | ... | ... | ... | ... | ... | ... | *#mˈatkə# {GOLD: >*} | *#mˈatkə# | *#mˈatkə# | *#mˈatkə# | *#mˈatkə# {GOLD: #mˈatkə#}
494    | ... | ... | ... | ... | ... | ... | ... | ... | ... | *#mˈaːt͡sə# {GOLD: >*} | *#mˈaːt͡sə# | *#mˈat͡sə# | *#mˈat͡sə# | *#mˈat͡sə# {GOLD: #mˈat͡sə#}
495    | ... | ... | ... | ... | ... | ... | ... | ... | ... | *#mˈaːzə# {GOLD: >*} | *#mˈaːzə# | *#mˈazə# | *#mˈazə# | *#mˈazə# {GOLD: #mˈazə#}
496    | ... | ... | ... | ... | ... | ... | ... | *#mˌɒɡˈɯlɑ# | *#mˌɒɡˈɯlɑ# | *#mˌaɡˈuːlə# {GOLD: >*} | *#mˌaɡˈuːlə# | *#məɡˈulə# | *#məɡˈulə# | *#məɡˈulə# {GOLD: #məɡˈulˠə#}
497    | ... | ... | ... | ... | ... | ... | ... | *#mˌɛrʃˈinɑ# | *#mˌɛrʃˈinɑ# | *#mˌɛrʃˈĩːnə# {GOLD: >*} | *#mˌɛɾʃˈĩːɾə# | *#məɾʃˈiɾə# | *#məɾʃˈiɾə# | *#məɾʃˈiɾə# {GOLD: #məɾʃˈinə#}
498    | ... | ... | ... | ... | ... | ... | ... | ... | ... | *#mˌərzˈit# {GOLD: >*} | *#mˌəɾzˈit# | *#məɾzˈit# | *#məɾzˈit# | *#məɾzˈit# {GOLD: #məɾzˈit#}
499    | ... | ... | ... | ... | ... | ... | ... | ... | ... | *#mˌərmərˈit# {GOLD: >*} | *#mˌəɾmbəɾˈit# | *#mˌəɾmbəɾˈit# | *#məɾmbəɾˈit# | *#məɾmbəɾˈit# {GOLD: #məɾməɾˈit#}
500    | ... | ... | ... | ... | ... | ... | ... | ... | ... | *#mˌɛtˈadlə# {GOLD: >*} | *#mˌɛtˈadlə# | *#mətˈadlə# | *#mətˈadlə# | *#mətˈadlə# {GOLD: #mɛtˈalɛ#}
501    | ... | ... | ... | ... | ... | ... | ... | ... | ... | *#mˈɛːlə# {GOLD: >*} | *#mˈɛːlə# | *#mˈɛlə# | *#mˈɛlə# | *#mˈɛlə# {GOLD: #mˈɛlˠə#}
502    | ... | ... | ... | ... | ... | ... | ... | ... | ... | *#mˈɛːrə# {GOLD: >*} | *#mˈɛːɾə# | *#mˈɛɾə# | *#mˈɛɾə# | *#mˈɛɾə# {GOLD: #mˈɛɾə#}
503    | ... | ... | ... | ... | ... | ... | ... | *#mˌælˈinʊkɑ# | *#mˌælˈinʊkɑ# | *#mˌɛlˈĩːnkə# {GOLD: >*} | *#mˌɛlˈĩːnkə# | *#məlˈinkə# | *#məlˈinkə# | *#məlˈinkə# {GOLD: #milˈiŋɡə#}
504    | ... | ... | ... | ... | ... | ... | ... | ... | ... | *#mˈitə# {GOLD: >*} | *#mˈitə# | *#mˈitə# | *#mˈitə# | *#mˈitə# {GOLD: #mˈitə#}
505    | ... | ... | ... | ... | ... | ... | ... | ... | ... | *#mˌatavˈidlə# {GOLD: >*} | *#mˌatavˈidlə# | *#mˌatəvˈidlə# | *#matəvˈidlə# | *#matəvˈidlə# {GOLD: #mɔtɔvˈilɛ#}
506    | ... | ... | ... | ... | ... | ... | ... | *#mˌɒldˈikɑ# | *#mˌɒldˈikɑ# | *#mˌaldˈikə# {GOLD: >*} | *#mˌaldˈikə# | *#məldˈikə# | *#məldˈikə# | *#məldˈikə# {GOLD: #mɔlˈikə#}
507    | ... | ... | ... | ... | ... | ... | ... | *#mˌʊdɪlˈitɪ# | *#mˌʊdɪlˈitɪ# | *#mˌʊdlˈit# {GOLD: >*} | *#mˌʊdlˈit# | *#mədlˈit# | *#mədlˈit# | *#mədlˈit# {GOLD: #mɔlˈit#}
508    | ... | ... | ... | ... | ... | ... | ... | ... | ... | *#mˌalˈiːt͡sə# {GOLD: >*} | *#mˌalˈiːt͡sə# | *#məlˈit͡sə# | *#məlˈit͡sə# | *#məlˈit͡sə# {GOLD: #mɔlˈit͡sə#}
509    | ... | ... | ... | ... | ... | ... | ... | ... | ... | *#mˌarˈaːt͡ʃə# {GOLD: >*} | *#mˌaɾˈaːt͡ʃə# | *#məɾˈat͡ʃə# | *#məɾˈat͡ʃə# | *#məɾˈat͡ʃə# {GOLD: #mɔɾˈat͡ʃə#}
510    | ... | ... | ... | ... | ... | ... | ... | *#mˌɒrβˈit͡sɑ# | *#mˌɒrβˈit͡sɑ# | *#mˌarvˈiːt͡sə# {GOLD: >*} | *#mˌaɾvˈiːt͡sə# | *#məɾvˈit͡sə# | *#məɾvˈit͡sə# | *#məɾvˈit͡sə# {GOLD: #mɔɾɔvˈit͡sə#}
511    | ... | ... | ... | ... | ... | ... | ... | ... | *#mˌɒrɒβˈinɑ# | *#mˌaravˈĩːnə# {GOLD: >*} | *#mˌaɾavˈĩːɾə# | *#mˌaɾəvˈiɾə# | *#maɾəvˈiɾə# | *#maɾəvˈiɾə# {GOLD: #mɔɾɔvˈinə#}
512    | ... | ... | ... | ... | ... | ... | ... | ... | ... | *#mˌarnˈiːt͡sə# {GOLD: >*} | *#mˌarˈiːt͡sə# | *#mərˈit͡sə# | *#mərˈit͡sə# | *#mərˈit͡sə# {GOLD: #mɔɾnˈit͡sə#}
513    | ... | ... | ... | ... | ... | ... | ... | ... | ... | *#mˈaːl# {GOLD: >*} | *#mˈaːl# | *#mˈal# | *#mˈal# | *#mˈal# {GOLD: #mˈɔl#}
514    | ... | ... | ... | ... | ... | ... | ... | ... | ... | *#mˈaːrə# {GOLD: >*} | *#mˈaːɾə# | *#mˈaɾə# | *#mˈaɾə# | *#mˈaɾə# {GOLD: #mˈɔɾə#}
515    | ... | ... | ... | ... | ... | ... | ... | ... | ... | *#mˌʊʒˈɪː̃skə# {GOLD: >*} | *#mˌʊʒˈɪː̃skə# | *#məʒˈɪskə# | *#məʒˈɪskə# | *#məʒˈɪskə# {GOLD: #muʒˈənt͡skə#}
516    | ... | ... | ... | ... | ... | ... | ... | *#mˈʊzɡɒ# | *#mˈʊzɡɒ# | *#mˈɔːʷzɡə# {GOLD: >*} | *#mˈɔːʷzɡə# | *#mˈʊzɡə# | *#mˈʊzɡə# | *#mˈʊzɡə# {GOLD: #mˈuzɡə#}
517    | ... | ... | ... | ... | ... | ... | ... | ... | ... | *#hˌɛ̃mpˈaːriː# {GOLD: >*} | *#hˌɛ̃mpˈaːɾiː# | *#həmpˈaɾi# | *#həmpˈaɾi# | *#həmpˈaɾi# {GOLD: #mbˈɔɾjɛ#}
518    | ... | ... | ... | ... | ... | ... | ... | *#ɪnbˌuxˈɑtɪ# | *#ɪnbˌuxˈɑtɪ# | *#nbˌuxˈat# {GOLD: >*} | *#nbˌuhˈat# | *#nbəhˈat# | *#nbəhˈat# | *#nbəhˈat# {GOLD: #mbufˈat#}
519    | ... | ... | ... | ... | ... | ... | ... | *#ɪnpˈɒrzdɪnʊ# | *#ɪnpˈɒrzdɪnʊ# | *#npˈaːrzdn# {GOLD: >*} | *#npˈaːɾzdn# | *#npˈaɾzdn# | *#npˈaɾzdn# | *#npˈaɾzdn# {GOLD: #mbɾˈazən#}