etID  | Proto-Indo-European | Proto-Balkan-Indo-European | Archaic Proto-Albanian | Classical Proto-Albanian | Middle Proto-Albanian I | Middle Proto-Albanian II | Late Proto-Albanian I | Late Proto-Albanian II | Late Proto-Albanian III | Proto-Tosk-SGheg {GOLD} | Proto-Tosk | Old North Tosk | Output {GOLD}
0      | ... | ... | ... | ... | ... | ... | ... | ... | ... | *#ˌaɾɡˈɔva# {GOLD: >*} | *#ˌaɾɡˈɔva# | *#ˌaɾɡˈɔvə# | *#aɾɡˈɔvə# {GOLD: #aɾɡˈɔvə#}
1      | ... | ... | ... | ... | ... | ... | ... | ... | ... | *#ˌaɾkˈita# {GOLD: >*} | *#ˌaɾkˈita# | *#ˌaɾkˈitə# | *#aɾcˈitə# {GOLD: #aɾcˈitə#}
2      | ... | ... | ... | ... | ... | ... | ... | ... | ... | *#ˌaɾdɛnˈit͡sa# {GOLD: >*} | *#ˌaɾdɛnˈit͡sa# | *#ˌaɾdɛnˈit͡sə# | *#aɾdɛnˈit͡sə# {GOLD: #aɾdɛnˈit͡sə#}
3      | ... | ... | ... | ... | ... | ... | ... | *#ˌɑwˈitɪ# | *#ˌɑwˈit# | *#ˌawˈit# {GOLD: #ˌavˈit#} | *#ˌavˈit# | *#ˌavˈit# | *#avˈit# {GOLD: #avˈit#}
4      | ... | ... | ... | ... | ... | ... | ... | *#xˌɑɾˌɑbˈɪlɪ# | *#xˌɑɾˌɑbˈɛːl# | *#xˌaɾˌabˈɛːl# {GOLD: >*} | *#hˌaɾˌabˈɛːl# | *#hˌaɾˌabˈɛl# | *#haɾabˈɛl# {GOLD: #haɾabˈɛl#}
5      | ... | ... | ... | ... | ... | ... | ... | ... | ... | *#xˌabˈit# {GOLD: >*} | *#hˌabˈit# | *#hˌabˈit# | *#habˈit# {GOLD: #habˈit#}
6      | ... | ... | ... | ... | ... | ... | ... | ... | ... | *#xˌitˈat# {GOLD: >*} | *#hˌitˈat# | *#hˌitˈat# | *#hitˈat# {GOLD: #hitˈat#}
7      | ... | ... | ... | ... | ... | ... | ... | ... | *#xˌɒrmˈɒvɑ# | *#xˌɔɾmˈɔva# {GOLD: #xˌɒrmˈɔvə#} | *#hˌɔɾmˈɔva# | *#hˌɔɾmˈɔvə# | *#hɔɾmˈɔvə# {GOLD: #hɔɾmˈɔvə#}
8      | ... | ... | ... | ... | ... | ... | ... | ... | ... | *#xˈɔːɾa# {GOLD: >*} | *#hˈɔːɾa# | *#hˈɔɾə# | *#hˈɔɾə# {GOLD: #hˈɔɾə#}
9      | ... | ... | ... | ... | ... | ... | ... | ... | ... | *#xˌukˈat# {GOLD: >*} | *#hˌukˈat# | *#hˌukˈat# | *#hukˈat# {GOLD: #hukˈat#}
10     | ... | ... | ... | ... | ... | ... | ... | ... | ... | *#jˌaɾˈina# {GOLD: >*} | *#jˌaɾˈina# | *#jˌaɾˈinə# | *#jaɾˈinə# {GOLD: #jaɾˈinə#}
11     | ... | ... | ... | ... | ... | ... | ... | *#jˌɑɾˈɔː# | *#jˌɑɾˈuo̯# | *#jˌaɾˈuo̯# {GOLD: >*} | *#jˌaɾˈua̯# | *#jˌaɾˈua̯# | *#jaɾˈua̯# {GOLD: #jaɾˈua̯#}
12     | ... | ... | ... | ... | ... | ... | ... | *#jˈɑzə# | *#jˈɑːz# | *#jˈaːz# {GOLD: >*} | *#jˈaːz# | *#jˈaz# | *#jˈaz# {GOLD: #jˈaz#}
13     | ... | ... | ... | ... | ... | ... | ... | ... | ... | *#jˈaɾm# {GOLD: >*} | *#jˈaɾm# | *#jˈaɾm# | *#jˈaɾm# {GOLD: #jˈaɾm#}
14     | ... | ... | ... | ... | ... | ... | ... | *#ˈɛːzɛɾə# | *#jˈɛzəɾ# | *#jˈɛzɾ̩# {GOLD: >*} | *#jˈɛzɾ̩# | *#jˈɛzɾ̩# | *#jˈɛzəɾ# {GOLD: #jˈɛzəɾ#}
15     | ... | ... | ... | ... | ... | ... | ... | ... | ... | *#jˈuɡ# {GOLD: >*} | *#jˈuɡ# | *#jˈuɡ# | *#jˈuɡ# {GOLD: #jˈuɡ#}
16     | ... | ... | ... | ... | ... | ... | ... | ... | ... | *#jˈud# {GOLD: >*} | *#jˈud# | *#jˈud# | *#jˈud# {GOLD: #jˈud#}
17     | ... | ... | ... | ... | ... | ... | ... | ... | ... | *#ˈiskɾ̩# {GOLD: >*} | *#ˈiskɾ̩# | *#ˈiskɾ̩# | *#ˈiskəɾ# {GOLD: #ˈiskəɾ#}
18     | ... | ... | ... | ... | ... | ... | ... | ... | ... | *#ˈiva# {GOLD: >*} | *#ˈiva# | *#ˈivə# | *#ˈivə# {GOLD: #ˈivə#}
19     | ... | ... | ... | ... | ... | ... | ... | ... | ... | *#ˌɔkˈita# {GOLD: >*} | *#ˌɔkˈita# | *#ˌɔkˈitə# | *#ɔcˈitə# {GOLD: #ɔkˈitə#}
20     | ... | ... | ... | ... | ... | ... | ... | *#ˌɒːɡɾˈɒʎɑ# | *#ˌɒːɡɾˈɒːʎɑ# | *#ˌɔːɡɾˈɔːʎa# {GOLD: >*} | *#ˌɔːɡɾˈɔːʎa# | *#ˌɔɡɾˈɔjə# | *#ɔɡɾˈɔjə# {GOLD: #ɔɡɾˈajə#}
21     | ... | ... | ... | ... | ... | ... | ... | ... | ... | *#ˌɔtˈava# {GOLD: >*} | *#ˌɔtˈava# | *#ˌɔtˈavə# | *#ɔtˈavə# {GOLD: #ɔtˈavə#}
22     | ... | ... | ... | ... | ... | ... | ... | *#ˌɒːɾˌɑ̃ndˈɪjɛ# | *#ˌɒːɾˌɑ̃ndˈɪː# | *#ˌɔːɾˌãndˈi# {GOLD: >*} | *#ˌɔːɾˌə̃ndˈi# | *#ˌɔɾəndˈi# | *#ɔɾəndˈi# {GOLD: #ɔɾəndˈi#}
23     | ... | ... | ... | ... | ... | ... | ... | ... | ... | *#ˌɔbɾˈɔk# {GOLD: >*} | *#ˌɔbɾˈɔk# | *#ˌɔbɾˈɔk# | *#ɔbɾˈɔk# {GOLD: #ɔɾˈɔk#}
24     | ... | ... | ... | ... | ... | ... | ... | *#ˌɔpˈɪ̃nkɑ# | *#ˌɔpˈɪ̃nɡɑ# | *#ˌɔpˈãŋɡa# {GOLD: #ˌɒpˈɑ̃nkə#} | *#ˌɔpˈə̃ŋɡa# | *#ˌɔpˈəŋɡə# | *#ɔpˈəŋɡə# {GOLD: #ɔpˈəŋɡə#}
25     | ... | ... | ... | ... | ... | ... | ... | ... | ... | *#ˌɔbˈɔɾ# {GOLD: >*} | *#ˌɔbˈɔɾ# | *#ˌɔbˈɔɾ# | *#ɔbˈɔɾ# {GOLD: #ɔbˈɔr#}
26     | ... | ... | ... | ... | ... | ... | ... | *#ˌɒblˈɑ̃nkə# | *#ˌɒblˈɑ̃nɡ# | *#ˌɔblˈãŋɡ# {GOLD: #ˌɒblˠˈɑ̃nk#} | *#ˌɔblˈə̃ŋɡ# | *#ˌɔblˈəŋɡ# | *#ɔblˈəŋɡ# {GOLD: #ɔblˠˈəŋɡ#}
27     | ... | ... | ... | ... | ... | ... | ... | ... | ... | *#ˈɔiʃtə# {GOLD: >*} | *#ˈɔiʃtə# | *#ˈɔiʃtə# | *#ˈɔiʃtə# {GOLD: #ˈɔʃtə#}
28     | ... | ... | ... | ... | ... | ... | ... | ... | ... | *#kˌat͡ʃuɾˈɛl# {GOLD: >*} | *#kˌat͡ʃuɾˈɛl# | *#kˌat͡ʃuɾˈɛl# | *#kat͡ʃuɾˈɛl# {GOLD: #kat͡ʃurˈɛl#}
29     | ... | ... | ... | ... | ... | ... | ... | ... | ... | *#kˌat͡ʃˈul# {GOLD: >*} | *#kˌat͡ʃˈul# | *#kˌat͡ʃˈul# | *#kat͡ʃˈul# {GOLD: #kat͡ʃˈul#}
30     | ... | ... | ... | ... | ... | ... | ... | ... | ... | *#kˌat͡ʃˈuba# {GOLD: >*} | *#kˌat͡ʃˈuba# | *#kˌat͡ʃˈubə# | *#kat͡ʃˈubə# {GOLD: #kat͡ʃˈubə#}
31     | ... | ... | ... | ... | ... | ... | ... | ... | ... | *#kˌat͡ʃˈubl̩# {GOLD: >*} | *#kˌat͡ʃˈubl̩# | *#kˌat͡ʃˈubl̩# | *#kat͡ʃˈubəl# {GOLD: #kat͡ʃˈubəl#}
32     | ... | ... | ... | ... | ... | ... | ... | ... | ... | *#kˌadˈit# {GOLD: >*} | *#kˌadˈit# | *#kˌadˈit# | *#kadˈit# {GOLD: #kadˈit#}
33     | ... | ... | ... | ... | ... | ... | ... | ... | ... | *#kˌastɾavˈɛt͡s# {GOLD: >*} | *#kˌastɾavˈɛt͡s# | *#kˌastɾavˈɛt͡s# | *#kastɾavˈɛt͡s# {GOLD: #kastɾavˈɛt͡s#}
34     | ... | ... | ... | ... | ... | ... | ... | ... | ... | *#kˌasnˈɛt͡s# {GOLD: >*} | *#kˌasnˈɛt͡s# | *#kˌasnˈɛt͡s# | *#kasnˈɛt͡s# {GOLD: #kasnˈɛt͡s#}
35     | ... | ... | ... | ... | ... | ... | ... | ... | ... | *#kˌalibˈɔb# {GOLD: >*} | *#kˌalibˈɔb# | *#kˌalibˈɔb# | *#kalibˈɔb# {GOLD: #kalibˈɔb#}
36     | ... | ... | ... | ... | ... | ... | ... | ... | ... | *#kˌɔlˈiba# {GOLD: >*} | *#kˌɔlˈiba# | *#kˌɔlˈibə# | *#kɔlˈibə# {GOLD: #kalˈibə#}
37     | ... | ... | ... | ... | ... | ... | ... | *#kˌɑɾˌɑwˈɑʎɑ# | *#kˌɑɾˌɑwˈɛːlːɑ# | *#kˌaɾˌawˈɛːlːa# {GOLD: #kˌɒɾˌɒvˈɛlə#} | *#kˌaɾˌavˈɛːlːa# | *#kˌaɾˌavˈɛlə# | *#kaɾavˈɛlə# {GOLD: #kaɾavˈɛlə#}
38     | ... | ... | ... | ... | ... | ... | ... | *#kˌɑɾˈɪt͡sɑ# | *#kˌɑɾˈɪːt͡sɑ# | *#kˌaɾˈit͡sa# {GOLD: #kˌɒɾˈit͡sə#} | *#kˌaɾˈit͡sa# | *#kˌaɾˈit͡sə# | *#kaɾˈit͡sə# {GOLD: #kaɾˈit͡sə#}
39     | ... | ... | ... | ... | ... | ... | ... | *#kˌɑɾˈɯtɒ# | *#kˌɑɾˈɯtɒ# | *#kˌaɾˈuta# {GOLD: >*} | *#kˌaɾˈuta# | *#kˌaɾˈutə# | *#kaɾˈutə# {GOLD: #karˈutə#}
40     | ... | ... | ... | ... | ... | ... | ... | *#kˌɑɾˈupə# | *#kˌɑɾˈup# | *#kˌaɾˈup# {GOLD: >*} | *#kˌaɾˈup# | *#kˌaɾˈup# | *#kaɾˈup# {GOLD: #karˈup#}
41     | ... | ... | ... | ... | ... | ... | ... | ... | ... | *#kˌapˈit# {GOLD: >*} | *#kˌapˈit# | *#kˌapˈit# | *#kapˈit# {GOLD: #kapˈit#}
42     | ... | ... | ... | ... | ... | ... | ... | *#kˌɑ̃mnˈit͡sɑ# | *#kˌɑ̃mːˈiːt͡sɑ# | *#kˌãmːˈiːt͡sa# {GOLD: >*} | *#kˌə̃mˈiːt͡sa# | *#kəmˈit͡sə# | *#kəmˈit͡sə# {GOLD: #kamˈit͡sə#}
43     | ... | ... | ... | ... | ... | ... | ... | ... | ... | *#kˈat͡ʃ# {GOLD: >*} | *#kˈat͡ʃ# | *#kˈat͡ʃ# | *#kˈat͡ʃ# {GOLD: #kˈat͡ʃ#}
44     | ... | ... | ... | ... | ... | ... | ... | *#kɾˌisˈɑtɪ# | *#kɾˌisˈɑt# | *#kɾ̩sˈat# {GOLD: >*} | *#kɾ̩t͡sˈat# | *#kɾ̩t͡sˈat# | *#kəɾt͡sˈat# {GOLD: #kəɾt͡sˈat#}
45     | ... | ... | ... | ... | ... | ... | ... | *#kəɾsˈũnə# | *#kəɾsˈũː# | *#kɾ̩sˈũː# {GOLD: #kˌɾ̩t͡sˈũ#} | *#kɾ̩t͡sˈũː# | *#kɾ̩t͡sˈu# | *#kəɾt͡sˈu# {GOLD: #kəɾt͡sˈu#}
46     | ... | ... | ... | ... | ... | ... | ... | ... | ... | *#kɾ̩bˈat͡ʃ# {GOLD: >*} | *#kɾ̩bˈat͡ʃ# | *#kɾ̩bˈat͡ʃ# | *#kəɾbˈat͡ʃ# {GOLD: #kəɾbˈat͡ʃ#}
47     | ... | ... | ... | ... | ... | ... | ... | *#kˌɑpˈuʎɑ# | *#kˌɑpˈuːʎɑ# | *#kˌapˈuːʎa# {GOLD: >*} | *#kˌapˈuːʎa# | *#kˌapˈujə# | *#kapˈujə# {GOLD: #kəpˈujə#}
48     | ... | ... | ... | ... | ... | ... | ... | *#kˌɑ̃mˈiʃtɪ# | *#kˌɑ̃mˈiːʃt# | *#kˌãmˈiːʃt# {GOLD: >*} | *#kˌə̃mˈiːʃt# | *#kəmˈiʃt# | *#kəmˈiʃt# {GOLD: #kəmˈiʃt#}
49     | ... | ... | ... | ... | ... | ... | ... | ... | ... | *#kˈəlˠk# {GOLD: >*} | *#kˈəlˠk# | *#kˈəlˠk# | *#kˈəlˠk# {GOLD: #kˈəlˠk#}
50     | ... | ... | ... | ... | ... | ... | ... | *#kˈɑ̃ntə# | *#kˈɑ̃nd# | *#kˈãnd# {GOLD: #kˈɑ̃nt#} | *#kˈə̃nd# | *#kˈənd# | *#kˈənd# {GOLD: #kˈənd#}
51     | ... | ... | ... | ... | ... | ... | ... | *#kˈʊɾsɪ# | *#kˈɔːʷɾs# | *#kˈəɾs# {GOLD: >*} | *#kˈəɾt͡s# | *#kˈəɾt͡s# | *#kˈəɾt͡s# {GOLD: #kˈəɾt͡s#}
52     | ... | ... | ... | ... | ... | ... | ... | ... | ... | *#kˈəɾpa# {GOLD: >*} | *#kˈəɾpa# | *#kˈəɾpə# | *#kˈəɾpə# {GOLD: #kˈəɾpə#}
53     | ... | ... | ... | ... | ... | ... | ... | ... | ... | *#kˌɔsˈit# {GOLD: >*} | *#kˌɔsˈit# | *#kˌɔsˈit# | *#kɔsˈit# {GOLD: #kɔsˈit#}
54     | ... | ... | ... | ... | ... | ... | ... | ... | ... | *#kˌɔsˈɔɾ# {GOLD: >*} | *#kˌɔsˈɔɾ# | *#kˌɔsˈɔɾ# | *#kɔsˈɔɾ# {GOLD: #kɔsˈɔɾɛ#}
55     | ... | ... | ... | ... | ... | ... | ... | ... | ... | *#kˌɔðɾˈand# {GOLD: >*} | *#kˌɔðɾˈand# | *#kˌɔðɾˈand# | *#kɔðɾˈand# {GOLD: #kɔðɾˈand#}
56     | ... | ... | ... | ... | ... | ... | ... | ... | ... | *#kˌɔnkˈɔl# {GOLD: >*} | *#kˌɔnkˈɔl# | *#kˌɔnkˈɔl# | *#kɔnkˈɔl# {GOLD: #kɔnkˈɔl#}
57     | ... | ... | ... | ... | ... | ... | ... | *#kˌɑlˈɛʃkɑ# | *#kˌɑlˈɛːʃkɑ# | *#kˌalˈɛːʃka# {GOLD: >*} | *#kˌalˈɛːʃka# | *#kˌalˈɛʃkə# | *#kalˈɛʃkə# {GOLD: #kɔlˈɛʃkə#}
58     | ... | ... | ... | ... | ... | ... | ... | ... | ... | *#kˌɔlˈiba# {GOLD: >*} | *#kˌɔlˈiba# | *#kˌɔlˈibə# | *#kɔlˈibə# {GOLD: #kɔlˈibɛ#}
59     | ... | ... | ... | ... | ... | ... | ... | ... | ... | *#kˌɔɾˈit# {GOLD: >*} | *#kˌɔɾˈit# | *#kˌɔɾˈit# | *#kɔɾˈit# {GOLD: #kɔɾˈit#}
60     | ... | ... | ... | ... | ... | ... | ... | ... | ... | *#kˌɔɾˈita# {GOLD: >*} | *#kˌɔɾˈita# | *#kˌɔɾˈitə# | *#kɔɾˈitə# {GOLD: #kɔɾˈitə#}
61     | ... | ... | ... | ... | ... | ... | ... | ... | ... | *#kˌɔɾˈuba# {GOLD: >*} | *#kˌɔɾˈuba# | *#kˌɔɾˈubə# | *#kɔɾˈubə# {GOLD: #kɔɾˈubə#}
62     | ... | ... | ... | ... | ... | ... | ... | ... | ... | *#kˌɔpˈit͡sa# {GOLD: >*} | *#kˌɔpˈit͡sa# | *#kˌɔpˈit͡sə# | *#kɔpˈit͡sə# {GOLD: #kɔpˈit͡sə#}
63     | ... | ... | ... | ... | ... | ... | ... | ... | ... | *#kˌɔpˈil# {GOLD: >*} | *#kˌɔpˈil# | *#kˌɔpˈil# | *#kɔpˈil# {GOLD: #kɔpˈil#}
64     | ... | ... | ... | ... | ... | ... | ... | ... | ... | *#kˌɔvˈat͡ʃ# {GOLD: >*} | *#kˌɔvˈat͡ʃ# | *#kˌɔvˈat͡ʃ# | *#kɔvˈat͡ʃ# {GOLD: #kɔvˈat͡ʃ#}
65     | ... | ... | ... | ... | ... | ... | ... | ... | ... | *#kˈɔl# {GOLD: >*} | *#kˈɔl# | *#kˈɔl# | *#kˈɔl# {GOLD: #kˈɔlˠ#}
66     | ... | ... | ... | ... | ... | ... | ... | ... | ... | *#kˈɔʃ# {GOLD: >*} | *#kˈɔʃ# | *#kˈɔʃ# | *#kˈɔʃ# {GOLD: #kˈɔʃ#}
67     | ... | ... | ... | ... | ... | ... | ... | ... | ... | *#kˈɔst# {GOLD: >*} | *#kˈɔst# | *#kˈɔst# | *#kˈɔst# {GOLD: #kˈɔt͡s#}
68     | ... | ... | ... | ... | ... | ... | ... | ... | *#kˈɒːzlət͡sɑ# | *#kˈɔːzl̩t͡sa# {GOLD: >*} | *#kˈɔːzl̩t͡sa# | *#kˈɔzl̩t͡sə# | *#kˈɔzəlt͡sə# {GOLD: #kˈɔt͡sə#}
69     | ... | ... | ... | ... | ... | ... | ... | ... | ... | *#kˈɔtt͡sa# {GOLD: >*} | *#kˈɔt͡sa# | *#kˈɔt͡sə# | *#kˈɔt͡sə# {GOLD: #kˈɔt͡sə#}
70     | ... | ... | ... | ... | ... | ... | ... | ... | ... | *#kˈɔs# {GOLD: >*} | *#kˈɔs# | *#kˈɔs# | *#kˈɔs# {GOLD: #kˈɔs#}
71     | ... | ... | ... | ... | ... | ... | ... | ... | ... | *#kˈɔsa# {GOLD: >*} | *#kˈɔsa# | *#kˈɔsə# | *#kˈɔsə# {GOLD: #kˈɔsə#}
72     | ... | ... | ... | ... | ... | ... | ... | ... | ... | *#kˈɔstɾ̩# {GOLD: >*} | *#kˈɔstɾ̩# | *#kˈɔstɾ̩# | *#kˈɔstəɾ# {GOLD: #kˈɔstəɾ#}
73     | ... | ... | ... | ... | ... | ... | ... | ... | ... | *#kˈɔɾa# {GOLD: >*} | *#kˈɔɾa# | *#kˈɔɾə# | *#kˈɔɾə# {GOLD: #kˈɔɾə#}
74     | ... | ... | ... | ... | ... | ... | ... | ... | ... | *#kˈɔɾt͡ʃa# {GOLD: >*} | *#kˈɔɾt͡ʃa# | *#kˈɔɾt͡ʃə# | *#kˈɔɾt͡ʃə# {GOLD: #kˈɔɾt͡ʃə#}
75     | ... | ... | ... | ... | ... | ... | ... | *#kˈɔɾðɑ# | *#kˈɔːɾðɑ# | *#kˈɔːɾða# {GOLD: >*} | *#kˈɔːɾða# | *#kˈɔɾðə# | *#kˈɔɾðə# {GOLD: #kˈɔɾðə#}
76     | ... | ... | ... | ... | ... | ... | ... | ... | ... | *#kˈɔpɾ̩# {GOLD: >*} | *#kˈɔpɾ̩# | *#kˈɔpɾ̩# | *#kˈɔpəɾ# {GOLD: #kˈɔpəɾ#}
77     | ... | ... | ... | ... | ... | ... | ... | ... | ... | *#kˈɔb# {GOLD: >*} | *#kˈɔb# | *#kˈɔb# | *#kˈɔb# {GOLD: #kˈɔb#}
78     | ... | ... | ... | ... | ... | ... | ... | ... | ... | *#kˌalˠpˈit# {GOLD: >*} | *#kˌalˠpˈit# | *#kˌalˠpˈit# | *#kalˠpˈit# {GOLD: #klˠapˈit#}
79     | ... | ... | ... | ... | ... | ... | ... | ... | ... | *#kˈalˠpa# {GOLD: >*} | *#kˈalˠpa# | *#kˈalˠpə# | *#kˈalˠpə# {GOLD: #klˠˈapə#}
80     | ... | ... | ... | ... | ... | ... | ... | ... | ... | *#kˌɔlˠt͡ʃˈit# {GOLD: >*} | *#kˌɔlˠt͡ʃˈit# | *#kˌɔlˠt͡ʃˈit# | *#kɔlˠt͡ʃˈit# {GOLD: #klˠɔt͡ʃˈit#}
81     | ... | ... | ... | ... | ... | ... | ... | ... | ... | *#kˌukˈat# {GOLD: >*} | *#kˌukˈat# | *#kˌukˈat# | *#kukˈat# {GOLD: #kukˈat#}
82     | ... | ... | ... | ... | ... | ... | ... | *#kˌɯʃˈɒwɑ# | *#kˌɯʃˈɒwɑ# | *#kˌuʃˈɔwa# {GOLD: #kˌuʃˈɔvə#} | *#kˌuʃˈɔva# | *#kˌuʃˈɔvə# | *#kuʃˈɔvə# {GOLD: #kuʃˈɔvə#}
83     | ... | ... | ... | ... | ... | ... | ... | ... | ... | *#kˌɔlˠˈat͡ʃ# {GOLD: >*} | *#kˌɔlˠˈat͡ʃ# | *#kˌɔlˠˈat͡ʃ# | *#kɔlˠˈat͡ʃ# {GOLD: #kulˈat͡ʃ#}
84     | ... | ... | ... | ... | ... | ... | ... | *#kˌuːpəlnˈikə# | *#kˌuːpəlnˈik# | *#kˌuːpəlːˈik# {GOLD: #kˌupl̩nˈik#} | *#kˌuːpəlːˈik# | *#kˌuplˈik# | *#kuplˈik# {GOLD: #kuplˈik#}
85     | ... | ... | ... | ... | ... | ... | ... | *#kˈɯkɑ# | *#kˈɯkɑ# | *#kˈuka# {GOLD: >*} | *#kˈuka# | *#kˈukə# | *#kˈukə# {GOLD: #kˈukə#}
86     | ... | ... | ... | ... | ... | ... | ... | ... | *#kˈuːt͡ʃ# | *#kˈuːt͡ʃ# {GOLD: #kˈut͡ʃ#} | *#kˈuːt͡ʃ# | *#kˈut͡ʃ# | *#kˈut͡ʃ# {GOLD: #kˈut͡ʃ#}
87     | ... | ... | ... | ... | ... | ... | ... | ... | *#kˈut# | *#kˈut# {GOLD: #kˈut#} | *#kˈut# | *#kˈut# | *#kˈut# {GOLD: #kˈut#}
88     | ... | ... | ... | ... | ... | ... | ... | *#kˈɯlɑ# | *#kˈɯːlˠɑ# | *#kˈuːlˠa# {GOLD: >*} | *#kˈuːlˠa# | *#kˈulˠə# | *#kˈulˠə# {GOLD: #kˈulə#}
89     | ... | ... | ... | ... | ... | ... | ... | *#kˈʊlbɑ# | *#kˈɔːʷlbɑ# | *#kˈəlba# {GOLD: >*} | *#kˈəlba# | *#kˈəlbə# | *#kˈəlbə# {GOLD: #kˈulbə#}
90     | ... | ... | ... | ... | ... | ... | ... | ... | ... | *#kˈuɾva# {GOLD: >*} | *#kˈuɾva# | *#kˈuɾvə# | *#kˈuɾvə# {GOLD: #kˈuɾvə#}
91     | ... | ... | ... | ... | ... | ... | ... | ... | ... | *#kˈum# {GOLD: >*} | *#kˈum# | *#kˈum# | *#kˈum# {GOLD: #kˈum#}
92     | ... | ... | ... | ... | ... | ... | ... | ... | ... | *#kˈuma# {GOLD: >*} | *#kˈuma# | *#kˈumə# | *#kˈumə# {GOLD: #kˈumə#}
93     | ... | ... | ... | ... | ... | ... | ... | *#kɾˌɑxˈitɪ# | *#kɾˌɑxˈit# | *#kɾˌaxˈit# {GOLD: >*} | *#kɾˌahˈit# | *#kɾˌahˈit# | *#kɾahˈit# {GOLD: #kɾahˈit#}
94     | ... | ... | ... | ... | ... | ... | ... | *#kɾˌɑxˈĩnɑ# | *#kɾˌɑxˈĩnɑ# | *#kɾˌaxˈĩna# {GOLD: >*} | *#kɾˌahˈĩna# | *#kɾˌahˈinə# | *#kɾahˈinə# {GOLD: #kɾahˈinə#}
95     | ... | ... | ... | ... | ... | ... | ... | *#ɡˌɑtˈɔ̃ːɲɔ# | *#ɡˌɑtˈũo̯ɲ# | *#ɡˌatˈũo̯ɲ# {GOLD: #ɡˌatˈuo̯ɲ#} | *#ɡˌatˈũa̯ɲ# | *#ɡˌatˈua̯ɲ# | *#ɡatˈua̯j# {GOLD: #ɡatˈua̯j#}
96     | ... | ... | ... | ... | ... | ... | ... | *#ɡˌɑlˈĩnɑ# | *#ɡˌɑlˈĩnɑ# | *#ɡˌalˈĩna# {GOLD: >*} | *#ɡˌalˈĩna# | *#ɡˌalˈinə# | *#ɡalˈinə# {GOLD: #ɡalˈinə#}
97     | ... | ... | ... | ... | ... | ... | ... | ... | ... | *#ɡˌamˈit# {GOLD: >*} | *#ɡˌamˈit# | *#ɡˌamˈit# | *#ɡamˈit# {GOLD: #ɡamˈit#}
98     | ... | ... | ... | ... | ... | ... | ... | ... | ... | *#ɡˈaj# {GOLD: >*} | *#ɡˈaj# | *#ɡˈaj# | *#ɡˈaj# {GOLD: #ɡˈaj#}
99     | ... | ... | ... | ... | ... | ... | ... | ... | ... | *#ɡˈalka# {GOLD: >*} | *#ɡˈalka# | *#ɡˈalkə# | *#ɡˈalkə# {GOLD: #ɡˈajɡə#}
100    | ... | ... | ... | ... | ... | ... | ... | *#ɡˈɑlˠwɑ# | *#ɡˈɑːlˠwɑ# | *#ɡˈaːlˠva# {GOLD: >*} | *#ɡˈaːlˠva# | *#ɡˈalˠvə# | *#ɡˈalˠvə# {GOLD: #ɡˈalˠvə#}
101    | ... | ... | ... | ... | ... | ... | ... | ... | *#ɡˈɑːʎɑ# | *#ɡˈaːla# {GOLD: >*} | *#ɡˈaːla# | *#ɡˈalə# | *#ɡˈalə# {GOLD: #ɡˈalə#}
102    | ... | ... | ... | ... | ... | ... | ... | *#ɡˈɑɾðɑ# | *#ɡˈɑːɾðɑ# | *#ɡˈaːɾða# {GOLD: >*} | *#ɡˈaːɾða# | *#ɡˈaɾðə# | *#ɡˈaɾðə# {GOLD: #ɡˈaɾðə#}
103    | ... | ... | ... | ... | ... | ... | ... | *#ɡˌʊltˈitɪ# | *#ɡˌʊltˈit# | *#ɡˌəlˠtˈit# {GOLD: >*} | *#ɡˌəlˠtˈit# | *#ɡəlˠtˈit# | *#ɡəlˠtˈit# {GOLD: #ɡəlˠtˈit#}
104    | ... | ... | ... | ... | ... | ... | ... | *#kˌʊlbˈɑzɑ# | *#kˌʊlbˈɑːzɑ# | *#kˌəlbˈaːza# {GOLD: #kˌl̩bˈazə#} | *#ɡˌəlbˈaːza# | *#ɡəlbˈazə# | *#ɡəlbˈazə# {GOLD: #ɡəlbˈazə#}
105    | ... | ... | ... | ... | ... | ... | ... | *#kˌɔːʷɾxˈɑtɪ# | *#kˌɔːʷɾxˈɑt# | *#kɾ̩xˈat# {GOLD: >*} | *#ɡɾ̩hˈat# | *#ɡɾ̩hˈat# | *#ɡəɾhˈat# {GOLD: #ɡəɾhˈat#}
106    | ... | ... | ... | ... | ... | ... | ... | ... | ... | *#ɡɾ̩kˈiɲa# {GOLD: >*} | *#ɡɾ̩kˈiɲa# | *#ɡɾ̩kˈiɲə# | *#ɡəɾcˈiɲə# {GOLD: #ɡəɾcˈiɲə#}
107    | ... | ... | ... | ... | ... | ... | ... | ... | ... | *#kɾ̩t͡ʃˈak# {GOLD: >*} | *#ɡɾ̩t͡ʃˈak# | *#ɡɾ̩t͡ʃˈak# | *#ɡəɾt͡ʃˈak# {GOLD: #ɡəɾt͡ʃˈak#}
108    | ... | ... | ... | ... | ... | ... | ... | ... | ... | *#ɡɾ̩dˈalˠa# {GOLD: >*} | *#ɡɾ̩dˈalˠa# | *#ɡɾ̩dˈalˠə# | *#ɡəɾdˈalˠə# {GOLD: #ɡəɾdˈalˠə#}
109    | ... | ... | ... | ... | ... | ... | ... | ... | ... | *#ɡˌɔɾdˈɛt͡s# {GOLD: >*} | *#ɡˌɔɾdˈɛt͡s# | *#ɡˌɔɾdˈɛt͡s# | *#ɡɔɾdˈɛt͡s# {GOLD: #ɡəɾdˈɛt͡s#}
110    | ... | ... | ... | ... | ... | ... | ... | ... | ... | *#ɡɾˌadˈɛt͡s# {GOLD: >*} | *#ɡɾˌadˈɛt͡s# | *#ɡɾˌadˈɛt͡s# | *#ɡɾadˈɛt͡s# {GOLD: #ɡəɾdˈɛt͡s#}
111    | ... | ... | ... | ... | ... | ... | ... | ... | ... | *#ɡɾ̩dˈit# {GOLD: >*} | *#ɡɾ̩dˈit# | *#ɡɾ̩dˈit# | *#ɡəɾdˈit# {GOLD: #ɡəɾdˈit#}
112    | ... | ... | ... | ... | ... | ... | ... | *#ɡˌɔːʷɾðˈitɪ# | *#ɡˌɔːʷɾðˈit# | *#ɡɾ̩ðˈit# {GOLD: #ɡɾ̩ðˈit#} | *#ɡɾ̩ðˈit# | *#ɡɾ̩ðˈit# | *#ɡəɾðˈit# {GOLD: #ɡəɾðˈit#}
113    | ... | ... | ... | ... | ... | ... | ... | *#ɡˌɔːʷɾðlˈɑsɪ# | *#ɡˌɔːʷɾlˈɑːs# | *#ɡɾ̩lˈaːs# {GOLD: >*} | *#ɡɾ̩lˈaːs# | *#ɡɾ̩lˈas# | *#ɡəɾlˈas# {GOLD: #ɡəɾlˈat͡s#}
114    | ... | ... | ... | ... | ... | ... | ... | ... | ... | *#ɡɾ̩lˈit͡sa# {GOLD: >*} | *#ɡɾ̩lˈit͡sa# | *#ɡɾ̩lˈit͡sə# | *#ɡəɾlˈit͡sə# {GOLD: #ɡəɾlˈit͡sə#}
115    | ... | ... | ... | ... | ... | ... | ... | *#ɡɾˌɒ̃mˈɑðɑ# | *#ɡɾˌɒ̃mˈɑðɑ# | *#ɡɾˌɔ̃mˈaða# {GOLD: >*} | *#ɡɾˌɔ̃mˈaða# | *#ɡɾˌɔmˈaðə# | *#ɡɾɔmˈaðə# {GOLD: #ɡəɾmˈaðə#}
116    | ... | ... | ... | ... | ... | ... | ... | ... | ... | *#ɡɾˈək# {GOLD: >*} | *#ɡɾˈək# | *#ɡɾˈək# | *#ɡɾˈək# {GOLD: #ɡˈəɾk#}
117    | ... | ... | ... | ... | ... | ... | ... | ... | ... | *#ɡˈəɾt͡ʃ# {GOLD: >*} | *#ɡˈəɾt͡ʃ# | *#ɡˈəɾt͡ʃ# | *#ɡˈəɾt͡ʃ# {GOLD: #ɡˈəɾt͡ʃ#}
118    | ... | ... | ... | ... | ... | ... | ... | ... | ... | *#ɡˈəɾba# {GOLD: >*} | *#ɡˈəɾba# | *#ɡˈəɾbə# | *#ɡˈəɾbə# {GOLD: #ɡˈəɾbə#}
119    | ... | ... | ... | ... | ... | ... | ... | ... | ... | *#ɡˌɔdˈit# {GOLD: >*} | *#ɡˌɔdˈit# | *#ɡˌɔdˈit# | *#ɡɔdˈit# {GOLD: #ɡɔdˈit#}
120    | ... | ... | ... | ... | ... | ... | ... | ... | ... | *#ɡˌɔstˈit# {GOLD: >*} | *#ɡˌɔstˈit# | *#ɡˌɔstˈit# | *#ɡɔstˈit# {GOLD: #ɡɔstˈit#}
121    | ... | ... | ... | ... | ... | ... | ... | *#ɡˌɔːɾnˈit͡sɑ# | *#ɡˌɔːrːˈiːt͡sɑ# | *#ɡˌɔːrˈiːt͡sa# {GOLD: >*} | *#ɡˌɔːrˈiːt͡sa# | *#ɡˌɔrˈit͡sə# | *#ɡɔrˈit͡sə# {GOLD: #ɡɔrˈit͡sə#}
122    | ... | ... | ... | ... | ... | ... | ... | ... | ... | *#ɡˌɔmˈilˠa# {GOLD: >*} | *#ɡˌɔmˈilˠa# | *#ɡˌɔmˈilˠə# | *#ɡɔmˈilˠə# {GOLD: #ɡɔmˈilə#}
123    | ... | ... | ... | ... | ... | ... | ... | ... | ... | *#ɡˌɔmbˈɛl# {GOLD: >*} | *#ɡˌɔmbˈɛl# | *#ɡˌɔmbˈɛl# | *#ɡɔmbˈɛl# {GOLD: #ɡɔmbˈɛl#}
124    | ... | ... | ... | ... | ... | ... | ... | *#ɡwˈɒzdɑ# | *#ɡwˈɒːzdɑ# | *#ɡˈɔːzda# {GOLD: >*} | *#ɡˈɔːzda# | *#ɡˈɔzdə# | *#ɡˈɔzdə# {GOLD: #ɡˈɔʒdə#}
125    | ... | ... | ... | ... | ... | ... | ... | *#ɡlˠˌaw̃nˈikə# | *#ɡlˠˌaw̃nˈik# | *#ɡlˠˌaw̃nˈik# {GOLD: >*} | *#ɡlˠˌaw̃nˈik# | *#ɡlˠˌawnˈik# | *#ɡlˠawnˈik# {GOLD: #ɡlˠanˈik#}
126    | ... | ... | ... | ... | ... | ... | ... | ... | ... | *#ɡˌalˠvˈina# {GOLD: >*} | *#ɡˌalˠvˈina# | *#ɡˌalˠvˈinə# | *#ɡalˠvˈinə# {GOLD: #ɡlˠavˈinə#}
127    | ... | ... | ... | ... | ... | ... | ... | ... | ... | *#ɡɾˌaʃˈina# {GOLD: >*} | *#ɡɾˌaʃˈina# | *#ɡɾˌaʃˈinə# | *#ɡɾaʃˈinə# {GOLD: #ɡɾaʃˈinə#}
128    | ... | ... | ... | ... | ... | ... | ... | ... | ... | *#ɡɾˌadˈina# {GOLD: >*} | *#ɡɾˌadˈina# | *#ɡɾˌadˈinə# | *#ɡɾadˈinə# {GOLD: #ɡɾadˈinə#}
129    | ... | ... | ... | ... | ... | ... | ... | ... | ... | *#ɡɾˌabˈit# {GOLD: >*} | *#ɡɾˌabˈit# | *#ɡɾˌabˈit# | *#ɡɾabˈit# {GOLD: #ɡɾabˈit#}
130    | ... | ... | ... | ... | ... | ... | ... | ... | ... | *#ɡɾˈada# {GOLD: >*} | *#ɡɾˈada# | *#ɡɾˈadə# | *#ɡɾˈadə# {GOLD: #ɡɾˈadə#}
131    | ... | ... | ... | ... | ... | ... | ... | ... | ... | *#ɡɾ̩bˈaʃ# {GOLD: >*} | *#ɡɾ̩bˈaʃ# | *#ɡɾ̩bˈaʃ# | *#ɡəɾbˈaʃ# {GOLD: #ɡɾɛbˈaʃ#}
132    | ... | ... | ... | ... | ... | ... | ... | ... | ... | *#ɡˈɔɾʃ# {GOLD: >*} | *#ɡˈɔɾʃ# | *#ɡˈɔɾʃ# | *#ɡˈɔɾʃ# {GOLD: #ɡɾˈɔʃ#}
133    | ... | ... | ... | ... | ... | ... | ... | *#ɡɾˈɒzdɪlɪ# | *#ɡɾˈɒːzdəl# | *#ɡɾˈɔːzdl̩# {GOLD: >*} | *#ɡɾˈɔːzdl̩# | *#ɡɾˈɔzdl̩# | *#ɡɾˈɔzdəl# {GOLD: #ɡɾˈɔʒəl#}
134    | ... | ... | ... | ... | ... | ... | ... | *#ɡˈʊɾʃtɪ# | *#ɡˈɔːʷɾʃt# | *#ɡɾˈuʃt# {GOLD: >*} | *#ɡɾˈuʃt# | *#ɡɾˈuʃt# | *#ɡɾˈuʃt# {GOLD: #ɡɾˈuʃt#}
135    | ... | ... | ... | ... | ... | ... | ... | *#lˠˌɑpˈuʃɪ# | *#lˠˌɑpˈuːʃ# | *#lˠˌapˈuːʃ# {GOLD: >*} | *#lˠˌapˈuːʃ# | *#lˠˌapˈuʃ# | *#lˠapˈuʃ# {GOLD: #lˠapˈuʃ#}
136    | ... | ... | ... | ... | ... | ... | ... | *#lˠˌɑpˈuʃɑ# | *#lˠˌɑpˈuːʃɑ# | *#lˠˌapˈuːʃa# {GOLD: >*} | *#lˠˌapˈuːʃa# | *#lˠˌapˈuʃə# | *#lˠapˈuʃə# {GOLD: #lˠapˈuʃə#}
137    | ... | ... | ... | ... | ... | ... | ... | *#lˠˈɑʃkɑ# | *#lˠˈɑːʃkɑ# | *#lˠˈaːʃka# {GOLD: >*} | *#lˠˈaːʃka# | *#lˠˈaʃkə# | *#lˠˈaʃkə# {GOLD: #lˠˈaʃkə#}
138    | ... | ... | ... | ... | ... | ... | ... | *#lˠˈɑzɪt͡sɑ# | *#lˠˈɑːst͡sɑ# | *#lˠˈaːst͡sa# {GOLD: >*} | *#lˠˈaːst͡sa# | *#lˠˈast͡sə# | *#lˠˈast͡sə# {GOLD: #lˠˈat͡sə#}
139    | ... | ... | ... | ... | ... | ... | ... | *#lˠˈɔzkɑ# | *#lˠˈɔːskɑ# | *#lˠˈɔːska# {GOLD: >*} | *#lˠˈɔːska# | *#lˠˈɔskə# | *#lˠˈɔskə# {GOLD: #lˠˈaskə#}
140    | ... | ... | ... | ... | ... | ... | ... | *#lˠˈɑzɒɾɑ# | *#lˠˈɑːzɒɾ# | *#lˠˈaːzɾ̩# {GOLD: >*} | *#lˠˈaːzɾ̩# | *#lˠˈazɾ̩# | *#lˠˈazəɾ# {GOLD: #lˠˈazuɾə#}
141    | ... | ... | ... | ... | ... | ... | ... | *#lˠˈɑ̃nɡɑ# | *#lˠˈɑ̃nɡɑ# | *#lˠˈãŋɡa# {GOLD: #lˠˈɑ̃ŋkə#} | *#lˠˈə̃ŋɡa# | *#lˠˈəŋɡə# | *#lˠˈəŋɡə# {GOLD: #lˠˈəŋɡə#}
142    | ... | ... | ... | ... | ... | ... | ... | ... | ... | *#lˠˌɔmˈit# {GOLD: >*} | *#lˠˌɔmˈit# | *#lˠˌɔmˈit# | *#lˠɔmˈit# {GOLD: #lˠɔmˈit#}
143    | ... | ... | ... | ... | ... | ... | ... | ... | ... | *#lˠˈɔska# {GOLD: >*} | *#lˠˈɔska# | *#lˠˈɔskə# | *#lˠˈɔskə# {GOLD: #lˠˈɔskə#}
144    | ... | ... | ... | ... | ... | ... | ... | ... | *#lˈɯkɑ# | *#lˠˈuka# {GOLD: >*} | *#lˠˈuka# | *#lˠˈukə# | *#lˠˈukə# {GOLD: #lˠˈukə#}
145    | ... | ... | ... | ... | ... | ... | ... | ... | ... | *#ˌukɾˈaja# {GOLD: >*} | *#ˌukɾˈaja# | *#ˌukɾˈajə# | *#ukɾˈajə# {GOLD: #ukɾˈajə#}
146    | ... | ... | ... | ... | ... | ... | ... | ... | ... | *#ˌudˈɔb# {GOLD: >*} | *#ˌudˈɔb# | *#ˌudˈɔb# | *#udˈɔb# {GOLD: #udˈɔb#}
147    | ... | ... | ... | ... | ... | ... | ... | ... | ... | *#jˌunˈak# {GOLD: >*} | *#jˌunˈak# | *#jˌunˈak# | *#junˈak# {GOLD: #unˈak#}
148    | ... | ... | ... | ... | ... | ... | ... | ... | ... | *#ˌulˈiʃtə# {GOLD: >*} | *#ˌulˈiʃtə# | *#ˌulˈiʃtə# | *#ulˈiʃtə# {GOLD: #ulˈiʃtə#}
149    | ... | ... | ... | ... | ... | ... | ... | ... | ... | *#ˌuɾˈɔk# {GOLD: >*} | *#ˌuɾˈɔk# | *#ˌuɾˈɔk# | *#uɾˈɔk# {GOLD: #uɾˈɔk#}
150    | ... | ... | ... | ... | ... | ... | ... | ... | ... | *#cˈɛ̃ʒna# {GOLD: >*} | *#cˈɛ̃ʒna# | *#cˈɛʒnə# | *#cˈɛʒnə# {GOLD: #cˈaʒnə#}
151    | ... | ... | ... | ... | ... | ... | ... | ... | ... | *#cɛsˈat# {GOLD: >*} | *#cɛsˈat# | *#cɛsˈat# | *#cɛsˈat# {GOLD: #cɛsˈat#}
152    | ... | ... | ... | ... | ... | ... | ... | *#klˌɛpˈɑðlɒ# | *#klˌɛpˈɑːlɒ# | *#kʎˌɛpˈaːlˠa# {GOLD: >*} | *#kʎˌɛpˈaːlˠa# | *#cˌɛpˈalˠə# | *#cɛpˈalˠə# {GOLD: #cɛpˈalˠə#}
153    | ... | ... | ... | ... | ... | ... | ... | *#klˈɛpə# | *#klˈɛp# | *#kʎˈɛp# {GOLD: >*} | *#kʎˈɛp# | *#cˈɛp# | *#cˈɛp# {GOLD: #cˈɛp#}
154    | ... | ... | ... | ... | ... | ... | ... | ... | *#kʎˈuːt͡ʃ# | *#kʎˈuːt͡ʃ# {GOLD: #kʎˈyt͡ʃ#} | *#kʎˈuːt͡ʃ# | *#cˈut͡ʃ# | *#cˈut͡ʃ# {GOLD: #cˈyt͡ʃ#}
155    | ... | ... | ... | ... | ... | ... | ... | ... | ... | *#ɡʎˌavnˈit͡sa# {GOLD: >*} | *#ɡʎˌavnˈit͡sa# | *#ɟˌavnˈit͡sə# | *#ɟavnˈit͡sə# {GOLD: #ɟanˈit͡sə#}
156    | ... | ... | ... | ... | ... | ... | ... | ... | *#ɡlˌɒ̃bɒt͡ʃˈɑːr# | *#ɡʎˌɔmbɔt͡ʃˈaːɾ# {GOLD: >*} | *#ɡʎˌɔmbɔt͡ʃˈaːɾ# | *#ɟˌɔmbɔt͡ʃˈaɾ# | *#ɟɔmbɔt͡ʃˈaɾ# {GOLD: #ɟəmbɔt͡ʃˈaɾ#}
157    | ... | ... | ... | ... | ... | ... | ... | ... | ... | *#ɟˌɛzdˈit# {GOLD: >*} | *#ɟˌɛzdˈit# | *#ɟˌɛzdˈit# | *#ɟɛzdˈit# {GOLD: #ɟɛzdˈit#}
158    | ... | ... | ... | ... | ... | ... | ... | ... | ... | *#ɡʎˌɔmbɔt͡ʃˈaɾ# {GOLD: >*} | *#ɡʎˌɔmbɔt͡ʃˈaɾ# | *#ɟˌɔmbɔt͡ʃˈaɾ# | *#ɟɔmbɔt͡ʃˈaɾ# {GOLD: #ɟɔmbɔt͡ʃˈaɾ#}
159    | ... | ... | ... | ... | ... | ... | ... | ... | ... | *#ɡʎˈɔba# {GOLD: >*} | *#ɡʎˈɔba# | *#ɟˈɔbə# | *#ɟˈɔbə# {GOLD: #ɟˈɔbə#}
160    | ... | ... | ... | ... | ... | ... | ... | ... | ... | *#ɲˌuxˈat# {GOLD: >*} | *#ɲˌuhˈat# | *#ɲˌuhˈat# | *#ɲuhˈat# {GOLD: #ɲuhˈat#}
161    | ... | ... | ... | ... | ... | ... | ... | ... | ... | *#t͡ʃˈas# {GOLD: >*} | *#t͡ʃˈas# | *#t͡ʃˈas# | *#t͡ʃˈas# {GOLD: #t͡ʃˈas#}
162    | ... | ... | ... | ... | ... | ... | ... | *#tʃˈɑɾɑ# | *#t͡ʃˈɑːɾɑ# | *#t͡ʃˈaːɾa# {GOLD: >*} | *#t͡ʃˈaːɾa# | *#t͡ʃˈaɾə# | *#t͡ʃˈaɾə# {GOLD: #t͡ʃˈaɾə#}
163    | ... | ... | ... | ... | ... | ... | ... | ... | ... | *#t͡ʃˈafka# {GOLD: >*} | *#t͡ʃˈafka# | *#t͡ʃˈafkə# | *#t͡ʃˈafkə# {GOLD: #t͡ʃˈafkə#}
164    | ... | ... | ... | ... | ... | ... | ... | ... | ... | *#t͡ʃˈam# {GOLD: >*} | *#t͡ʃˈam# | *#t͡ʃˈam# | *#t͡ʃˈam# {GOLD: #t͡ʃˈam#}
165    | ... | ... | ... | ... | ... | ... | ... | *#t͡sɪɾnˈɑwɑ# | *#t͡sərːˈɑwɑ# | *#t͡sərˈawa# {GOLD: >*} | *#t͡sərˈava# | *#t͡sərˈavə# | *#t͡sərˈavə# {GOLD: #t͡ʃərˈavə#}
166    | ... | ... | ... | ... | ... | ... | ... | ... | ... | *#t͡ʃˌɛtˈina# {GOLD: >*} | *#t͡ʃˌɛtˈina# | *#t͡ʃˌɛtˈinə# | *#t͡ʃɛtˈinə# {GOLD: #t͡ʃɛtˈinə#}
167    | ... | ... | ... | ... | ... | ... | ... | ... | ... | *#t͡ʃˌɛlˈit# {GOLD: >*} | *#t͡ʃˌɛlˈit# | *#t͡ʃˌɛlˈit# | *#t͡ʃɛlˈit# {GOLD: #t͡ʃɛlˈit#}
168    | ... | ... | ... | ... | ... | ... | ... | ... | ... | *#t͡ʃˌɛlnˈik# {GOLD: >*} | *#t͡ʃˌɛlnˈik# | *#t͡ʃˌɛlnˈik# | *#t͡ʃɛlnˈik# {GOLD: #t͡ʃɛlnˈik#}
169    | ... | ... | ... | ... | ... | ... | ... | ... | ... | *#t͡ʃˈɛta# {GOLD: >*} | *#t͡ʃˈɛta# | *#t͡ʃˈɛtə# | *#t͡ʃˈɛtə# {GOLD: #t͡ʃˈɛtə#}
170    | ... | ... | ... | ... | ... | ... | ... | ... | ... | *#t͡ʃˈɛlˠa# {GOLD: >*} | *#t͡ʃˈɛlˠa# | *#t͡ʃˈɛlˠə# | *#t͡ʃˈɛlˠə# {GOLD: #t͡ʃˈɛlə#}
171    | ... | ... | ... | ... | ... | ... | ... | *#t͡sˈɛːɾðɑ# | *#t͡sˈie̯ɾðɑ# | *#t͡sjˈɛɾða# {GOLD: >*} | *#t͡sjˈɛɾða# | *#t͡sjˈɛɾðə# | *#t͡sjˈɛɾðə# {GOLD: #t͡ʃˈɛɾðə#}
172    | ... | ... | ... | ... | ... | ... | ... | *#t͡sˈɪɾnə# | *#t͡sˈɪːrː# | *#t͡sˈir# {GOLD: >*} | *#t͡sˈir# | *#t͡sˈir# | *#t͡sˈir# {GOLD: #t͡ʃˈɛr#}
173    | ... | ... | ... | ... | ... | ... | ... | ... | ... | *#t͡ʃˌɔɾnɔvˈɔda# {GOLD: >*} | *#t͡ʃˌɔɾnɔvˈɔda# | *#t͡ʃˌɔɾnɔvˈɔdə# | *#t͡ʃɔɾnɔvˈɔdə# {GOLD: #t͡ʃɔɾɔvˈɔdə#}
174    | ... | ... | ... | ... | ... | ... | ... | ... | ... | *#t͡ʃˌudˈit# {GOLD: >*} | *#t͡ʃˌudˈit# | *#t͡ʃˌudˈit# | *#t͡ʃudˈit# {GOLD: #t͡ʃudˈit#}
175    | ... | ... | ... | ... | ... | ... | ... | ... | ... | *#t͡ʃˈuka# {GOLD: >*} | *#t͡ʃˈuka# | *#t͡ʃˈukə# | *#t͡ʃˈukə# {GOLD: #t͡ʃˈukə#}
176    | ... | ... | ... | ... | ... | ... | ... | ... | ... | *#t͡ʃˈulˠa# {GOLD: >*} | *#t͡ʃˈulˠa# | *#t͡ʃˈulˠə# | *#t͡ʃˈulˠə# {GOLD: #t͡ʃˈulˠə#}
177    | ... | ... | ... | ... | ... | ... | ... | ... | ... | *#t͡ʃˈuda# {GOLD: >*} | *#t͡ʃˈuda# | *#t͡ʃˈudə# | *#t͡ʃˈudə# {GOLD: #t͡ʃˈudə#}
178    | ... | ... | ... | ... | ... | ... | ... | ... | ... | *#t͡ʃˈuba# {GOLD: >*} | *#t͡ʃˈuba# | *#t͡ʃˈubə# | *#t͡ʃˈubə# {GOLD: #t͡ʃˈubə#}
179    | ... | ... | ... | ... | ... | ... | ... | ... | ... | *#ʃˌatˈɔra# {GOLD: >*} | *#ʃˌatˈɔra# | *#ʃˌatˈɔrə# | *#ʃatˈɔrə# {GOLD: #ʃatˈɔrɛ#}
180    | ... | ... | ... | ... | ... | ... | ... | *#ʃˈɑkɑ# | *#ʃˈɑkɑ# | *#ʃˈaka# {GOLD: >*} | *#ʃˈaka# | *#ʃˈakə# | *#ʃˈakə# {GOLD: #ʃˈakə#}
181    | ... | ... | ... | ... | ... | ... | ... | *#ʃˈɒɾɑ# | *#ʃˈɒːɾɑ# | *#ʃˈɔːɾa# {GOLD: >*} | *#ʃˈɔːɾa# | *#ʃˈɔɾə# | *#ʃˈɔɾə# {GOLD: #ʃˈaɾə#}
182    | ... | ... | ... | ... | ... | ... | ... | *#ʃˈɒɾkɑ# | *#ʃˈɒːɾkɑ# | *#ʃˈɔːɾka# {GOLD: >*} | *#ʃˈɔːɾka# | *#ʃˈɔɾkə# | *#ʃˈɔɾkə# {GOLD: #ʃˈaɾkə#}
183    | ... | ... | ... | ... | ... | ... | ... | *#ʃˈɑpə# | *#ʃˈɑp# | *#ʃˈap# {GOLD: >*} | *#ʃˈap# | *#ʃˈap# | *#ʃˈap# {GOLD: #ʃˈap#}
184    | ... | ... | ... | ... | ... | ... | ... | *#ʃˈɛtkɑ# | *#ʃˈɛtkɑ# | *#ʃˈɛtka# {GOLD: >*} | *#ʃˈɛtka# | *#ʃˈɛtkə# | *#ʃˈɛtkə# {GOLD: #ʃˈɛtkə#}
185    | ... | ... | ... | ... | ... | ... | ... | *#ʃˈɛlɪsɑ# | *#ʃˈɛːləsɑ# | *#ʃˈɛːləsa# {GOLD: >*} | *#ʃˈɛːləsa# | *#ʃˈɛləsə# | *#ʃˈɛləsə# {GOLD: #ʃˈɛlt͡sə#}
186    | ... | ... | ... | ... | ... | ... | ... | *#ʃˈẽnbɾə# | *#ʃˈɛ̃nbɾ# | *#ʃˈɛ̃mbɾ̩# {GOLD: >*} | *#ʃˈɛ̃mbɾ̩# | *#ʃˈɛmbɾ̩# | *#ʃˈɛmbəɾ# {GOLD: #ʃˈɛməɾ#}
187    | ... | ... | ... | ... | ... | ... | ... | *#ʃˌiːtˈɒwɑ# | *#ʃˌiːtˈɒwɑ# | *#ʃˌiːtˈɔwa# {GOLD: >*} | *#ʃˌiːtˈɔva# | *#ʃˌitˈɔvə# | *#ʃitˈɔvə# {GOLD: #ʃitˈɔvə#}
188    | ... | ... | ... | ... | ... | ... | ... | ... | ... | *#ʃˈipka# {GOLD: >*} | *#ʃˈipka# | *#ʃˈipkə# | *#ʃˈipkə# {GOLD: #ʃˈipkə#}
189    | ... | ... | ... | ... | ... | ... | ... | *#ʃˌuːˈɛsɪ# | *#ʃˈɛːs# | *#ʃˈɛːs# {GOLD: >*} | *#ʃˈɛːs# | *#ʃˈɛs# | *#ʃˈɛs# {GOLD: #ʃˈye̯t͡s#}
190    | ... | ... | ... | ... | ... | ... | ... | *#ʃˈɒpə# | *#ʃˈɒp# | *#ʃˈɔp# {GOLD: >*} | *#ʃˈɔp# | *#ʃˈɔp# | *#ʃˈɔp# {GOLD: #ʃˈɔp#}
191    | ... | ... | ... | ... | ... | ... | ... | *#ʃkəˌɒːɾðˈɪt͡sɪ# | *#ʃkˌɒɾðˈɛːt͡s# | *#ʃkˌɔɾðˈɛːt͡s# {GOLD: >*} | *#ʃkˌɔɾðˈɛːt͡s# | *#ʃkˌɔɾðˈɛt͡s# | *#ʃkɔɾðˈɛt͡s# {GOLD: #ʃkəɾðˈɛt͡s#}
192    | ... | ... | ... | ... | ... | ... | ... | *#ʃkˌɒːpˈitɪ# | *#ʃkˌɒːpˈit# | *#ʃkˌɔːpˈit# {GOLD: >*} | *#ʃkˌɔːpˈit# | *#ʃkˌɔpˈit# | *#ʃkɔpˈit# {GOLD: #ʃkɔpˈit#}
193    | ... | ... | ... | ... | ... | ... | ... | *#ʃkɾˈɑpi# | *#ʃkɾˈɑp# | *#ʃkɾˈap# {GOLD: >*} | *#ʃkɾˈap# | *#ʃkɾˈap# | *#ʃkɾˈap# {GOLD: #ʃkɾˈap#}
194    | ... | ... | ... | ... | ... | ... | ... | *#ʃˌuʃˈit͡sɑ# | *#ʃˌuʃˈiːt͡sɑ# | *#ʃˌuʃˈiːt͡sa# {GOLD: #ʃˌuʃˈit͡sə#} | *#ʃˌuʃˈiːt͡sa# | *#ʃˌuʃˈit͡sə# | *#ʃuʃˈit͡sə# {GOLD: #ʃuʃˈit͡sə#}
195    | ... | ... | ... | ... | ... | ... | ... | *#ʃˌɯpʎˈɑkɑ# | *#ʃˌɯpʎˈɑkɑ# | *#ʃˌuplˈaka# {GOLD: >*} | *#ʃˌuplˈaka# | *#ʃˌuplˈakə# | *#ʃuplˈakə# {GOLD: #ʃuplˈakə#}
196    | ... | ... | ... | ... | ... | ... | ... | *#ʃˈʊlɑ# | *#ʃˈɔːʷlˠɑ# | *#ʃˈulˠa# {GOLD: >*} | *#ʃˈulˠa# | *#ʃˈulˠə# | *#ʃˈulˠə# {GOLD: #ʃˈulˠə#}
197    | ... | ... | ... | ... | ... | ... | ... | ... | ... | *#ʃˈul# {GOLD: >*} | *#ʃˈul# | *#ʃˈul# | *#ʃˈul# {GOLD: #ʃˈul#}
198    | ... | ... | ... | ... | ... | ... | ... | *#ʃlˈɒtɑ# | *#ʃlˈɒtɑ# | *#ʃkʎˈɔta# {GOLD: >*} | *#ʃkʎˈɔta# | *#ʃcˈɔtə# | *#ʃcˈɔtə# {GOLD: #ʃcˈɔtə#}
199    | ... | ... | ... | ... | ... | ... | ... | *#ʃtˌʊɾmˈɛ̃nnɛ# | *#ʃtˌʊɾmˈɛ̃nː# | *#ʃtɾ̩mˈɛ̃nː# {GOLD: #ʃtˌɾ̩mˈɛnː#} | *#ʃtɾ̩mˈɛ̃n# | *#ʃtɾ̩mˈɛn# | *#ʃtəɾmˈɛn# {GOLD: #ʃtəɾmˈɛn#}
200    | ... | ... | ... | ... | ... | ... | ... | *#ʃtəpˈɑ̃njɑ# | *#ʃtəpˈɑ̃ːjɑ# | *#ʃtəpˈãːja# {GOLD: #ʃtəpˈɑ̃ɲə#} | *#ʃtəpˈãːja# | *#ʃtəpˈajə# | *#ʃtəpˈajə# {GOLD: #ʃtəpˈajə#}
201    | ... | ... | ... | ... | ... | ... | ... | *#ʃtəpˈɑ̃nzɑ# | *#ʃtəpˈɑ̃zɑ# | *#ʃtəpˈãza# {GOLD: #ʃtəpˈɑ̃ːzə#} | *#ʃtəpˈə̃za# | *#ʃtəpˈəzə# | *#ʃtəpˈəzə# {GOLD: #ʃtəpˈəzə#}
202    | ... | ... | ... | ... | ... | ... | ... | *#ʃtəpə̃ɾ̃ˈɛʃɑ# | *#ʃtəpə̃ɾ̃ˈɛːʃɑ# | *#ʃtəpə̃ɾ̃ˈɛːʃa# {GOLD: >*} | *#ʃtəpə̃ɾ̃ˈɛːʃa# | *#ʃtəpɾˈɛʃə# | *#ʃtəpɾˈɛʃə# {GOLD: #ʃtəpɾˈɛʃə#}
203    | ... | ... | ... | ... | ... | ... | ... | *#ʃtəpˈɑ̃ɾ̃ə# | *#ʃtəpˈɑ̃ɾ̃# | *#ʃtəpˈãɾ̃# {GOLD: #ʃtəpˈɑ̃ɾ̃#} | *#ʃtəpˈə̃ɾ̃# | *#ʃtˈəpəɾ# | *#ʃtˈəpəɾ# {GOLD: #ʃtˈəpəɾ#}
204    | ... | ... | ... | ... | ... | ... | ... | *#ʃtˈɯ̃njɑ# | *#ʃtˈɯ̃ɲɑ# | *#ʃtˈũɲa# {GOLD: #ʃtˈũɲə#} | *#ʃtˈũɲa# | *#ʃtˈuɲə# | *#ʃtˈuɲə# {GOLD: #ʃtˈuɲə#}
205    | ... | ... | ... | ... | ... | ... | ... | *#ʃtɾˈɑzɑ# | *#ʃtɾˈɑːzɑ# | *#ʃtɾˈaːza# {GOLD: >*} | *#ʃtɾˈaːza# | *#ʃtɾˈazə# | *#ʃtɾˈazə# {GOLD: #ʃtɾˈazə#}
206    | ... | ... | ... | ... | ... | ... | ... | *#ʃɐɟˈitɪ# | *#ʃɐɟˈit# | *#ʃəɟˈit# {GOLD: #ʃˌaɡˈit#} | *#ʃəɟˈit# | *#ʃəɟˈit# | *#ʃəɟˈit# {GOLD: #ʒaɡˈit#}
207    | ... | ... | ... | ... | ... | ... | ... | ... | ... | *#ʒˈɛɡ# {GOLD: >*} | *#ʒˈɛɡ# | *#ʒˈɛɡ# | *#ʒˈɛɡ# {GOLD: #ʒˈɛɡ#}
208    | ... | ... | ... | ... | ... | ... | ... | ... | ... | *#ʒˌũmbˈina# {GOLD: >*} | *#ʒˌũmbˈina# | *#ʒˌumbˈinə# | *#ʒumbˈinə# {GOLD: #ʒumbˈinə#}
209    | ... | ... | ... | ... | ... | ... | ... | ... | *#tˈɒ̃ɡɑ# | *#tˈɔŋɡa# {GOLD: >*} | *#tˈɔŋɡa# | *#tˈɔŋɡə# | *#tˈɔŋɡə# {GOLD: #tˈaŋɡə#}
210    | ... | ... | ... | ... | ... | ... | ... | *#tˌʊɾkˈɑtɪ# | *#tˌʊɾkˈɑt# | *#tɾ̩kˈat# {GOLD: >*} | *#tɾ̩kˈat# | *#tɾ̩kˈat# | *#təɾkˈat# {GOLD: #təɾkˈat#}
211    | ... | ... | ... | ... | ... | ... | ... | *#təɾpˈiːtɪ# | *#təɾpˈiːt# | *#tɾ̩pˈiːt# {GOLD: >*} | *#tɾ̩pˈiːt# | *#tɾ̩pˈit# | *#təɾpˈit# {GOLD: #təɾpˈit#}
212    | ... | ... | ... | ... | ... | ... | ... | ... | ... | *#tˈɛk# {GOLD: >*} | *#tˈɛk# | *#tˈɛk# | *#tˈɛk# {GOLD: #tˈɛk#}
213    | ... | ... | ... | ... | ... | ... | ... | ... | ... | *#tˈis# {GOLD: >*} | *#tˈis# | *#tˈis# | *#tˈis# {GOLD: #tˈis#}
214    | ... | ... | ... | ... | ... | ... | ... | *#tˈɑj̃nɑ# | *#tˈɑj̃nɑ# | *#tˈaj̃na# {GOLD: >*} | *#tˈaj̃na# | *#tˈajnə# | *#tˈajnə# {GOLD: #tˈinə#}
215    | ... | ... | ... | ... | ... | ... | ... | ... | ... | *#tˈina# {GOLD: >*} | *#tˈina# | *#tˈinə# | *#tˈinə# {GOLD: #tˈinə#}
216    | ... | ... | ... | ... | ... | ... | ... | ... | ... | *#tˌɔt͡ʃˈilˠa# {GOLD: >*} | *#tˌɔt͡ʃˈilˠa# | *#tˌɔt͡ʃˈilˠə# | *#tɔt͡ʃˈilˠə# {GOLD: #tɔt͡ʃˈilˠə#}
217    | ... | ... | ... | ... | ... | ... | ... | ... | ... | *#tˌɔt͡ʃˈit# {GOLD: >*} | *#tˌɔt͡ʃˈit# | *#tˌɔt͡ʃˈit# | *#tɔt͡ʃˈit# {GOLD: #tɔt͡ʃˈit#}
218    | ... | ... | ... | ... | ... | ... | ... | ... | ... | *#tˌɔɾˈiʃtə# {GOLD: >*} | *#tˌɔɾˈiʃtə# | *#tˌɔɾˈiʃtə# | *#tɔɾˈiʃtə# {GOLD: #tɔɾˈiʃtə#}
219    | ... | ... | ... | ... | ... | ... | ... | *#tˌɒɾˈɔː# | *#tˌɒɾˈuo̯# | *#tˌɔɾˈuo̯# {GOLD: >*} | *#tˌɔɾˈua̯# | *#tˌɔɾˈua̯# | *#tɔɾˈua̯# {GOLD: #tɔɾˈua̯#}
220    | ... | ... | ... | ... | ... | ... | ... | ... | ... | *#tˌɔpˈil# {GOLD: >*} | *#tˌɔpˈil# | *#tˌɔpˈil# | *#tɔpˈil# {GOLD: #tɔpˈil#}
221    | ... | ... | ... | ... | ... | ... | ... | ... | ... | *#tˈɔka# {GOLD: >*} | *#tˈɔka# | *#tˈɔkə# | *#tˈɔkə# {GOLD: #tˈɔkə#}
222    | ... | ... | ... | ... | ... | ... | ... | *#tˈɒpɔɾə# | *#tˈɒpɔɾ# | *#tˈɔpɾ̩# {GOLD: >*} | *#tˈɔpɾ̩# | *#tˈɔpɾ̩# | *#tˈɔpəɾ# {GOLD: #tˈɔpəɾ#}
223    | ... | ... | ... | ... | ... | ... | ... | ... | ... | *#tˌunt͡ʃˈan# {GOLD: >*} | *#tˌunt͡ʃˈan# | *#tˌunt͡ʃˈan# | *#tunt͡ʃˈan# {GOLD: #tunt͡ʃˈan#}
224    | ... | ... | ... | ... | ... | ... | ... | *#tˈɯ̃njɑ# | *#tˈɯ̃ɲɑ# | *#tˈũɲa# {GOLD: #tˈũɲə#} | *#tˈũɲa# | *#tˈuɲə# | *#tˈuɲə# {GOLD: #tˈuɲə#}
225    | ... | ... | ... | ... | ... | ... | ... | ... | ... | *#tˈun# {GOLD: >*} | *#tˈun# | *#tˈun# | *#tˈun# {GOLD: #tˈun#}
226    | ... | ... | ... | ... | ... | ... | ... | ... | ... | *#tɾˈap# {GOLD: >*} | *#tɾˈap# | *#tɾˈap# | *#tɾˈap# {GOLD: #tɾˈap#}
227    | ... | ... | ... | ... | ... | ... | ... | *#tɾˈɪʃə# | *#tɾˈɪːʃ# | *#tɾˈiʃ# {GOLD: >*} | *#tɾˈiʃ# | *#tɾˈiʃ# | *#tɾˈiʃ# {GOLD: #tɾˈiʃ#}
228    | ... | ... | ... | ... | ... | ... | ... | *#tˈɪɾʃu# | *#tˈɪːɾʃ# | *#tˈɛɾʃ# {GOLD: >*} | *#tˈɛɾʃ# | *#tˈɛɾʃ# | *#tˈɛɾʃ# {GOLD: #tɾˈiʃ#}
229    | ... | ... | ... | ... | ... | ... | ... | ... | ... | *#tɾˌɔndˈit# {GOLD: >*} | *#tɾˌɔndˈit# | *#tɾˌɔndˈit# | *#tɾɔndˈit# {GOLD: #tɾɔndˈit#}
230    | ... | ... | ... | ... | ... | ... | ... | ... | ... | *#tɾˈɔxa# {GOLD: >*} | *#tɾˈɔha# | *#tɾˈɔhə# | *#tɾˈɔhə# {GOLD: #tɾˈɔhə#}
231    | ... | ... | ... | ... | ... | ... | ... | ... | ... | *#dˌaɾˈɔva# {GOLD: >*} | *#dˌaɾˈɔva# | *#dˌaɾˈɔvə# | *#daɾˈɔvə# {GOLD: #daɾˈɔvə#}
232    | ... | ... | ... | ... | ... | ... | ... | *#dˈɒlbtɑ# | *#dˈɒːlptɑ# | *#dˈɔːlta# {GOLD: >*} | *#dˈɔːlta# | *#dˈɔltə# | *#dˈɔltə# {GOLD: #dˈaltə#}
233    | ... | ... | ... | ... | ... | ... | ... | *#dɪʃnˈit͡sɑ# | *#dəʃnˈiːt͡sɑ# | *#dəʃnˈiːt͡sa# {GOLD: #dˌɪʃnˈit͡sə#} | *#dəʃnˈiːt͡sa# | *#dəʃnˈit͡sə# | *#dəʃnˈit͡sə# {GOLD: #dəʃnˈit͡sə#}
234    | ... | ... | ... | ... | ... | ... | ... | ... | ... | *#dˌɛltˈina# {GOLD: >*} | *#dˌɛltˈina# | *#dˌɛltˈinə# | *#dɛltˈinə# {GOLD: #dɛltˈinə#}
235    | ... | ... | ... | ... | ... | ... | ... | ... | ... | *#dˌixˈat# {GOLD: >*} | *#dˌihˈat# | *#dˌihˈat# | *#dihˈat# {GOLD: #dihˈat#}
236    | ... | ... | ... | ... | ... | ... | ... | ... | ... | *#dˈiɾa# {GOLD: >*} | *#dˈiɾa# | *#dˈiɾə# | *#dˈiɾə# {GOLD: #dˈiɾə#}
237    | ... | ... | ... | ... | ... | ... | ... | ... | ... | *#dˈibɾ̩# {GOLD: >*} | *#dˈibɾ̩# | *#dˈibɾ̩# | *#dˈibəɾ# {GOLD: #dˈibəɾ#}
238    | ... | ... | ... | ... | ... | ... | ... | *#dˈɪbɾjə# | *#dˈɪbɾj# | *#dˈibr̩# {GOLD: #dˈibər#} | *#dˈibr̩# | *#dˈibr̩# | *#dˈibər# {GOLD: #dˈibər#}
239    | ... | ... | ... | ... | ... | ... | ... | ... | ... | *#dˌɔlˈina# {GOLD: >*} | *#dˌɔlˈina# | *#dˌɔlˈinə# | *#dɔlˈinə# {GOLD: #dɔlˈinə#}
240    | ... | ... | ... | ... | ... | ... | ... | ... | ... | *#dˌɔbˈit# {GOLD: >*} | *#dˌɔbˈit# | *#dˌɔbˈit# | *#dɔbˈit# {GOLD: #dɔbˈit#}
241    | ... | ... | ... | ... | ... | ... | ... | ... | ... | *#dˈɔjka# {GOLD: >*} | *#dˈɔjka# | *#dˈɔjkə# | *#dˈɔjkə# {GOLD: #dˈɔjkə#}
242    | ... | ... | ... | ... | ... | ... | ... | ... | ... | *#dˈɔb# {GOLD: >*} | *#dˈɔb# | *#dˈɔb# | *#dˈɔb# {GOLD: #dˈɔb#}
243    | ... | ... | ... | ... | ... | ... | ... | ... | *#dˌɒ̃brˈɛː# | *#dˌũmbɾˈɛː# {GOLD: #dumbɾˈɛː#} | *#dˌũmbɾˈɛː# | *#dˌumbɾˈɛ# | *#dumbɾˈɛ# {GOLD: #dumbɾˈɛ#}
244    | ... | ... | ... | ... | ... | ... | ... | ... | ... | *#dˈũmbɾ̩# {GOLD: >*} | *#dˈũmbɾ̩# | *#dˈumbɾ̩# | *#dˈumbəɾ# {GOLD: #dˈumbəɾ#}
245    | ... | ... | ... | ... | ... | ... | ... | ... | ... | *#dɾˈaɡa# {GOLD: >*} | *#dɾˈaɡa# | *#dɾˈaɡə# | *#dɾˈaɡə# {GOLD: #dɾˈaɡə#}
246    | ... | ... | ... | ... | ... | ... | ... | *#dɾˈɑ̃nɡə# | *#dɾˈɑ̃nɡ# | *#dɾˈãŋɡ# {GOLD: #dɾˈɑ̃nk#} | *#dɾˈə̃ŋɡ# | *#dɾˈəŋɡ# | *#dɾˈəŋɡ# {GOLD: #dɾˈəŋɡ#}
247    | ... | ... | ... | ... | ... | ... | ... | ... | ... | *#dɾˌɛmˈit# {GOLD: >*} | *#dɾˌɛmˈit# | *#dɾˌɛmˈit# | *#dɾɛmˈit# {GOLD: #dɾɛmˈit#}
248    | ... | ... | ... | ... | ... | ... | ... | ... | ... | *#dɾˌɔbˈit# {GOLD: >*} | *#dɾˌɔbˈit# | *#dɾˌɔbˈit# | *#dɾɔbˈit# {GOLD: #dɾɔbˈit#}
249    | ... | ... | ... | ... | ... | ... | ... | *#dɾˈɒkə# | *#dɾˈɒk# | *#dɾˈɔk# {GOLD: >*} | *#dɾˈɔk# | *#dɾˈɔk# | *#dɾˈɔk# {GOLD: #dɾˈɔk#}
250    | ... | ... | ... | ... | ... | ... | ... | *#dɾˈɔbnit͡sɑ# | *#dɾˈɔbnit͡sɑ# | *#dɾˈɔmːt͡sa# {GOLD: >*} | *#dɾˈɔmt͡sa# | *#dɾˈɔmt͡sə# | *#dɾˈɔmt͡sə# {GOLD: #dɾˈɔmt͡sə#}
251    | ... | ... | ... | ... | ... | ... | ... | *#t͡sˌɑlˈikə# | *#t͡sˌɑlˈik# | *#t͡sˌalˈik# {GOLD: >*} | *#t͡sˌalˈik# | *#t͡sˌalˈik# | *#t͡salˈik# {GOLD: #t͡salˈik#}
252    | ... | ... | ... | ... | ... | ... | ... | ... | ... | *#t͡sˌaɾˈina# {GOLD: >*} | *#t͡sˌaɾˈina# | *#t͡sˌaɾˈinə# | *#t͡saɾˈinə# {GOLD: #t͡saɾˈinə#}
253    | ... | ... | ... | ... | ... | ... | ... | *#t͡sˈɑɾɑ# | *#t͡sˈɑːɾɑ# | *#t͡sˈaːɾa# {GOLD: >*} | *#t͡sˈaːɾa# | *#t͡sˈaɾə# | *#t͡sˈaɾə# {GOLD: #t͡sˈaɾə#}
254    | ... | ... | ... | ... | ... | ... | ... | *#t͡sˈɑɾɪbɑ# | *#t͡sˈɑːɾbɑ# | *#t͡sˈaːɾba# {GOLD: >*} | *#t͡sˈaːɾba# | *#t͡sˈaɾbə# | *#t͡sˈaɾbə# {GOLD: #t͡sˈaɾbə#}
255    | ... | ... | ... | ... | ... | ... | ... | *#t͡sɪɾnˈiðlə# | *#t͡sərːˈiːl# | *#t͡sərˈiːl# {GOLD: >*} | *#t͡sərˈiːl# | *#t͡sərˈil# | *#t͡sərˈil# {GOLD: #t͡səɾˈil#}
256    | ... | ... | ... | ... | ... | ... | ... | *#t͡sɪɾnˈikə# | *#t͡sərːˈik# | *#t͡sərˈik# {GOLD: >*} | *#t͡sərˈik# | *#t͡sərˈik# | *#t͡sərˈik# {GOLD: #t͡sərˈik#}
257    | ... | ... | ... | ... | ... | ... | ... | ... | ... | *#t͡sˌɛnˈit# {GOLD: >*} | *#t͡sˌɛnˈit# | *#t͡sˌɛnˈit# | *#t͡sɛnˈit# {GOLD: #t͡sɛnˈit#}
258    | ... | ... | ... | ... | ... | ... | ... | *#t͡sˈɪɾmɑ# | *#t͡sˈɪːɾmɑ# | *#t͡sˈɛɾma# {GOLD: >*} | *#t͡sˈɛɾma# | *#t͡sˈɛɾmə# | *#t͡sˈɛɾmə# {GOLD: #t͡sˈɛɾmə#}
259    | ... | ... | ... | ... | ... | ... | ... | *#t͡sˈitɑ# | *#t͡sˈitɑ# | *#t͡sˈita# {GOLD: >*} | *#t͡sˈita# | *#t͡sˈitə# | *#t͡sˈitə# {GOLD: #t͡sˈitə#}
260    | ... | ... | ... | ... | ... | ... | ... | *#t͡sˈubə# | *#t͡sˈub# | *#t͡sˈub# {GOLD: >*} | *#t͡sˈub# | *#t͡sˈub# | *#t͡sˈub# {GOLD: #t͡sˈub#}
261    | ... | ... | ... | ... | ... | ... | ... | ... | *#sˈɑ̃ːjɑ# | *#sˈãːja# {GOLD: #sˈɑ̃jə#} | *#sˈãːja# | *#sˈajə# | *#sˈajə# {GOLD: #sˈajə#}
262    | ... | ... | ... | ... | ... | ... | ... | ... | ... | *#sˈɛna# {GOLD: >*} | *#sˈɛna# | *#sˈɛnə# | *#sˈɛnə# {GOLD: #sˈanə#}
263    | ... | ... | ... | ... | ... | ... | ... | ... | ... | *#sjˈana# {GOLD: >*} | *#sjˈana# | *#sjˈanə# | *#sjˈanə# {GOLD: #sˈanə#}
264    | ... | ... | ... | ... | ... | ... | ... | ... | ... | *#sˈabʎɛ# {GOLD: >*} | *#sˈabʎɛ# | *#sˈabjɛ# | *#sˈabjɛ# {GOLD: #sˈabjɛ#}
265    | ... | ... | ... | ... | ... | ... | ... | ... | ... | *#sˈɛlt͡sa# {GOLD: >*} | *#sˈɛlt͡sa# | *#sˈɛlt͡sə# | *#sˈɛlt͡sə# {GOLD: #sˈɛlt͡sə#}
266    | ... | ... | ... | ... | ... | ... | ... | ... | ... | *#sˈɛɾa# {GOLD: >*} | *#sˈɛɾa# | *#sˈɛɾə# | *#sˈɛɾə# {GOLD: #sˈɛɾə#}
267    | ... | ... | ... | ... | ... | ... | ... | ... | ... | *#sˈɛmbɾ̩# {GOLD: >*} | *#sˈɛmbɾ̩# | *#sˈɛmbɾ̩# | *#sˈɛmbəɾ# {GOLD: #sˈɛmbəɾ#}
268    | ... | ... | ... | ... | ... | ... | ... | ... | ... | *#sˈilˠa# {GOLD: >*} | *#sˈilˠa# | *#sˈilˠə# | *#sˈilˠə# {GOLD: #sˈilˠə#}
269    | ... | ... | ... | ... | ... | ... | ... | ... | ... | *#sˌɛ̃ˈit# {GOLD: >*} | *#sˌɛ̃ˈit# | *#sˌɛˈit# | *#sɛˈit# {GOLD: #sˈit#}
270    | ... | ... | ... | ... | ... | ... | ... | ... | ... | *#sˈita# {GOLD: >*} | *#sˈita# | *#sˈitə# | *#sˈitə# {GOLD: #sˈitə#}
271    | ... | ... | ... | ... | ... | ... | ... | ... | ... | *#sˈitka# {GOLD: >*} | *#sˈitka# | *#sˈitkə# | *#sˈitkə# {GOLD: #sˈitkə#}
272    | ... | ... | ... | ... | ... | ... | ... | ... | ... | *#sˈitka# {GOLD: >*} | *#sˈitka# | *#sˈitkə# | *#sˈitkə# {GOLD: #sˈitkə#}
273    | ... | ... | ... | ... | ... | ... | ... | ... | ... | *#sˌɔtˈina# {GOLD: >*} | *#sˌɔtˈina# | *#sˌɔtˈinə# | *#sɔtˈinə# {GOLD: #sɔtˈinə#}
274    | ... | ... | ... | ... | ... | ... | ... | ... | ... | *#sˌɔndˈit# {GOLD: >*} | *#sˌɔndˈit# | *#sˌɔndˈit# | *#sɔndˈit# {GOLD: #sɔdˈit#}
275    | ... | ... | ... | ... | ... | ... | ... | ... | ... | *#sˌɔvˈaʎka# {GOLD: >*} | *#sˌɔvˈaʎka# | *#sˌɔvˈajkə# | *#sɔvˈajkə# {GOLD: #sɔvˈajkə#}
276    | ... | ... | ... | ... | ... | ... | ... | ... | ... | *#skˈɔɾa# {GOLD: >*} | *#skˈɔɾa# | *#skˈɔɾə# | *#skˈɔɾə# {GOLD: #skˈɔrə#}
277    | ... | ... | ... | ... | ... | ... | ... | ... | ... | *#skˌɔlˠˈupa# {GOLD: >*} | *#skˌɔlˠˈupa# | *#skˌɔlˠˈupə# | *#skɔlˠˈupə# {GOLD: #sklˠˈupə#}
278    | ... | ... | ... | ... | ... | ... | ... | ... | ... | *#skɾˈɔmːa# {GOLD: >*} | *#skɾˈɔma# | *#skɾˈɔmə# | *#skɾˈɔmə# {GOLD: #skɾˈɔmə#}
279    | ... | ... | ... | ... | ... | ... | ... | ... | ... | *#slˈɔɡ# {GOLD: >*} | *#slˈɔɡ# | *#slˈɔɡ# | *#slˈɔɡ# {GOLD: #slˠˈɔɡ#}
280    | ... | ... | ... | ... | ... | ... | ... | ... | ... | *#sˈuxa# {GOLD: >*} | *#sˈuha# | *#sˈuhə# | *#sˈuhə# {GOLD: #sˈuhə#}
281    | ... | ... | ... | ... | ... | ... | ... | ... | *#sˈukulˠ# | *#sˈukulˠ# {GOLD: >*} | *#sˈukulˠ# | *#sˈukulˠ# | *#sˈukulˠ# {GOLD: #sˈukulˠ#}
282    | ... | ... | ... | ... | ... | ... | ... | ... | *#sˈɒ̃d# | *#sˈɔnd# {GOLD: >*} | *#sˈɔnd# | *#sˈɔnd# | *#sˈɔnd# {GOLD: #sˈund#}
283    | ... | ... | ... | ... | ... | ... | ... | ... | ... | *#skʎˈɔta# {GOLD: >*} | *#skʎˈɔta# | *#scˈɔtə# | *#scˈɔtə# {GOLD: #scˈɔtə#}
284    | ... | ... | ... | ... | ... | ... | ... | ... | *#slˈuːfur# | *#skʎˈuːfuɾ# {GOLD: >*} | *#skʎˈuːfuɾ# | *#scˈufuɾ# | *#scˈufuɾ# {GOLD: #scˈufuɾ#}
285    | ... | ... | ... | ... | ... | ... | ... | ... | ... | *#stɾ̩kˈat# {GOLD: >*} | *#stɾ̩kˈat# | *#stɾ̩kˈat# | *#stəɾkˈat# {GOLD: #stəɾkˈat#}
286    | ... | ... | ... | ... | ... | ... | ... | ... | ... | *#stɾ̩vˈit# {GOLD: >*} | *#stɾ̩vˈit# | *#stɾ̩vˈit# | *#stəɾvˈit# {GOLD: #stəɾvˈit#}
287    | ... | ... | ... | ... | ... | ... | ... | ... | ... | *#stɾ̩vˈina# {GOLD: >*} | *#stɾ̩vˈina# | *#stɾ̩vˈinə# | *#stəɾvˈinə# {GOLD: #stəɾvˈinə#}
288    | ... | ... | ... | ... | ... | ... | ... | ... | ... | *#stˈɛʎa# {GOLD: >*} | *#stˈɛʎa# | *#stˈɛjə# | *#stˈɛjə# {GOLD: #stˈɛjə#}
289    | ... | ... | ... | ... | ... | ... | ... | ... | ... | *#stˈɛŋɡa# {GOLD: >*} | *#stˈɛŋɡa# | *#stˈɛŋɡə# | *#stˈɛŋɡə# {GOLD: #stˈɛɡə#}
290    | ... | ... | ... | ... | ... | ... | ... | ... | ... | *#stˈɛp# {GOLD: >*} | *#stˈɛp# | *#stˈɛp# | *#stˈɛp# {GOLD: #stˈɛp#}
291    | ... | ... | ... | ... | ... | ... | ... | ... | ... | *#stɾˈɛxa# {GOLD: >*} | *#stɾˈɛha# | *#stɾˈɛhə# | *#stɾˈɛhə# {GOLD: #stɾˈɛhə#}
292    | ... | ... | ... | ... | ... | ... | ... | ... | ... | *#stɾˈɔka# {GOLD: >*} | *#stɾˈɔka# | *#stɾˈɔkə# | *#stɾˈɔkə# {GOLD: #stɾˈɔkə#}
293    | ... | ... | ... | ... | ... | ... | ... | ... | ... | *#stɾˈuka# {GOLD: >*} | *#stɾˈuka# | *#stɾˈukə# | *#stɾˈukə# {GOLD: #stɾˈukə#}
294    | ... | ... | ... | ... | ... | ... | ... | ... | ... | *#stɾˈumi# {GOLD: >*} | *#stɾˈumi# | *#stɾˈumi# | *#stɾˈumi# {GOLD: #stɾˈum#}
295    | ... | ... | ... | ... | ... | ... | ... | ... | *#sʊmiʎˈɑt# | *#smʎˈat# {GOLD: >*} | *#smʎˈat# | *#smjˈat# | *#smjˈat# {GOLD: #smilˈat#}
296    | ... | ... | ... | ... | ... | ... | ... | ... | ... | *#zˌabˈɛl# {GOLD: >*} | *#zˌabˈɛl# | *#zˌabˈɛl# | *#zabˈɛl# {GOLD: #zabˈɛl#}
297    | ... | ... | ... | ... | ... | ... | ... | *#zˌɑbˈɔːjɪ# | *#zˌɑbˈuo̯# | *#zˌabˈuo̯# {GOLD: #zˌabˈuo̯#} | *#zˌabˈua̯# | *#zˌabˈua̯# | *#zabˈua̯# {GOLD: #zabˈua̯#}
298    | ... | ... | ... | ... | ... | ... | ... | ... | *#zˌɒ̃bˈiːʃt# | *#zˌũmbˈiːʃt# {GOLD: >*} | *#zˌũmbˈiːʃt# | *#zˌumbˈiʃt# | *#zumbˈiʃt# {GOLD: #zambˈiʃt#}
299    | ... | ... | ... | ... | ... | ... | ... | *#zˌɑ̃nblˈɑkə# | *#zˌɑ̃nblˈɑk# | *#zˌãmblˈak# {GOLD: #zˌɑ̃mblˈak#} | *#zˌə̃mblˈak# | *#zəmblˈak# | *#zəmblˈak# {GOLD: #zəmblˈak#}
300    | ... | ... | ... | ... | ... | ... | ... | *#zˈɑ̃nbʃɑ# | *#zˈɑ̃npʃɑ# | *#zˈãmʃa# {GOLD: #zˈɑ̃mpʃə#} | *#zˈə̃mt͡ʃa# | *#zˈəmt͡ʃə# | *#zˈəmt͡ʃə# {GOLD: #zˈəmt͡ʃə#}
301    | ... | ... | ... | ... | ... | ... | ... | *#zˈɯʃɑ# | *#zˈɯːʃɑ# | *#zˈuːʃa# {GOLD: >*} | *#zˈuːʃa# | *#zˈuʃə# | *#zˈuʃə# {GOLD: #zˈuʃə#}
302    | ... | ... | ... | ... | ... | ... | ... | ... | ... | *#zbavˈit# {GOLD: >*} | *#zbavˈit# | *#zbavˈit# | *#zbavˈit# {GOLD: #zbavˈit#}
303    | ... | ... | ... | ... | ... | ... | ... | *#zwˌɑɾˈiʃtɛ# | *#zwˌɑɾˈiːʃt# | *#zvˌaɾˈiːʃt# {GOLD: >*} | *#zvˌaɾˈiːʃt# | *#zvˌaɾˈiʃt# | *#zvaɾˈiʃt# {GOLD: #zvaɾˈiʃt#}
304    | ... | ... | ... | ... | ... | ... | ... | *#nˌɛɾˈɑ̃nt͡sɑ# | *#nˌɛɾˈɑ̃nd͡zɑ# | *#nˌɛɾˈãnd͡za# {GOLD: >*} | *#nˌɛɾˈə̃nd͡za# | *#nˌɛɾˈənd͡zə# | *#nɛɾˈənd͡zə# {GOLD: #nɛɾˈənd͡zə#}
305    | ... | ... | ... | ... | ... | ... | ... | ... | ... | *#nˌɛpˈəɾkə# {GOLD: >*} | *#nˌɛpˈəɾkə# | *#nˌɛpˈəɾkə# | *#nɛpˈəɾkə# {GOLD: #nɛpˈəɾkə#}
306    | ... | ... | ... | ... | ... | ... | ... | ... | ... | *#nˌɛvˌɛɾˈit# {GOLD: >*} | *#nˌɛvˌɛɾˈit# | *#nˌɛvˌɛɾˈit# | *#nɛvɛɾˈit# {GOLD: #nɛvɛɾˈit#}
307    | ... | ... | ... | ... | ... | ... | ... | ... | ... | *#nˌɛvˈɔʎa# {GOLD: >*} | *#nˌɛvˈɔʎa# | *#nˌɛvˈɔjə# | *#nɛvˈɔjə# {GOLD: #nɛvˈɔjə#}
308    | ... | ... | ... | ... | ... | ... | ... | ... | ... | *#nˈɛm# {GOLD: >*} | *#nˈɛm# | *#nˈɛm# | *#nˈɛm# {GOLD: #nˈɛm#}
309    | ... | ... | ... | ... | ... | ... | ... | ... | ... | *#nˈɛmˌɛt͡s# {GOLD: >*} | *#nˈɛmˌɛt͡s# | *#nˈɛmˌɛt͡s# | *#nˈɛmɛt͡s# {GOLD: #nˈɛmɛt͡s#}
310    | ... | ... | ... | ... | ... | ... | ... | ... | ... | *#nˌɔʒˈika# {GOLD: >*} | *#nˌɔʒˈika# | *#nˌɔʒˈikə# | *#nɔʒˈikə# {GOLD: #nɔzˈikə#}
311    | ... | ... | ... | ... | ... | ... | ... | ... | ... | *#nˈɔfka# {GOLD: >*} | *#nˈɔfka# | *#nˈɔfkə# | *#nˈɔfkə# {GOLD: #nˈɔfkə#}
312    | ... | ... | ... | ... | ... | ... | ... | *#ləkɒ̃ːmˈɪjɛ# | *#ləkɒ̃ːmˈɪː# | *#ləmˈi# {GOLD: >*} | *#ləmˈi# | *#ləmˈi# | *#ləmˈi# {GOLD: #lakmˈi#}
313    | ... | ... | ... | ... | ... | ... | ... | *#lˌɑʃˈɒwɑ# | *#lˌɑʃˈɒwɑ# | *#lˌaʃˈɔwa# {GOLD: >*} | *#lˌaʃˈɔva# | *#lˌaʃˈɔvə# | *#laʃˈɔvə# {GOLD: #laʃˈɔvə#}
314    | ... | ... | ... | ... | ... | ... | ... | ... | ... | *#lˌapˈuʃa# {GOLD: >*} | *#lˌapˈuʃa# | *#lˌapˈuʃə# | *#lapˈuʃə# {GOLD: #lapˈuʃə#}
315    | ... | ... | ... | ... | ... | ... | ... | *#lˌɑbˈɒwɑ# | *#lˌɑbˈɒwɑ# | *#lˌabˈɔwa# {GOLD: >*} | *#lˌabˈɔva# | *#lˌabˈɔvə# | *#labˈɔvə# {GOLD: #labˈɔvə#}
316    | ... | ... | ... | ... | ... | ... | ... | *#lˈakɒ̃mə# | *#lˈakɒ̃m# | *#lˈakm̩# {GOLD: >*} | *#lˈakm̩# | *#lˈakm̩# | *#lˈakəm# {GOLD: #lˈakəm#}
317    | ... | ... | ... | ... | ... | ... | ... | ... | ... | *#lˈata# {GOLD: >*} | *#lˈata# | *#lˈatə# | *#lˈatə# {GOLD: #lˈatə#}
318    | ... | ... | ... | ... | ... | ... | ... | *#lˈɑbə# | *#lˈɑb# | *#lˈab# {GOLD: >*} | *#lˈab# | *#lˈab# | *#lˈab# {GOLD: #lˈab#}
319    | ... | ... | ... | ... | ... | ... | ... | *#lˌɑ̃nɡə# | *#lˌɑ̃nɡ# | *#lˌãŋɡ# {GOLD: >*} | *#lˌə̃ŋɡ# | *#ləŋɡ# | *#ləŋɡ# {GOLD: #ləŋɡ#}
320    | ... | ... | ... | ... | ... | ... | ... | *#lə̃ndˈĩnɑ# | *#lə̃ndˈĩnɑ# | *#lə̃ndˈĩna# {GOLD: >*} | *#lə̃ndˈĩna# | *#ləndˈinə# | *#ləndˈinə# {GOLD: #ləndˈinə#}
321    | ... | ... | ... | ... | ... | ... | ... | *#lˈɑ̃nɡt͡skɑ# | *#lˈɑ̃nɡt͡skɑ# | *#lˈãnt͡ska# {GOLD: >*} | *#lˈə̃nt͡ska# | *#lˈənt͡skə# | *#lˈənt͡skə# {GOLD: #lˈənt͡skə#}
322    | ... | ... | ... | ... | ... | ... | ... | ... | ... | *#lˌit͡ʃˈit# {GOLD: >*} | *#lˌit͡ʃˈit# | *#lˌit͡ʃˈit# | *#lit͡ʃˈit# {GOLD: #lɛt͡ʃˈit#}
323    | ... | ... | ... | ... | ... | ... | ... | *#lˌeːʃnˈit͡sɑ# | *#lˌɛːʃnˈiːt͡sɑ# | *#lˌɛːʃnˈiːt͡sa# {GOLD: >*} | *#lˌɛːʃnˈiːt͡sa# | *#lˌɛʃnˈit͡sə# | *#lɛʃnˈit͡sə# {GOLD: #lɛʃnˈit͡sə#}
324    | ... | ... | ... | ... | ... | ... | ... | ... | ... | *#lˌɛbɛtˈit# {GOLD: >*} | *#lˌɛbɛtˈit# | *#lˌɛbɛtˈit# | *#lɛbɛtˈit# {GOLD: #lɛbɛtˈit#}
325    | ... | ... | ... | ... | ... | ... | ... | ... | ... | *#lˈɛxa# {GOLD: >*} | *#lˈɛha# | *#lˈɛhə# | *#lˈɛhə# {GOLD: #lˈɛhə#}
326    | ... | ... | ... | ... | ... | ... | ... | *#lˈɑʃɑ# | *#lˈɑːʃɑ# | *#lˈaːʃa# {GOLD: >*} | *#lˈaːʃa# | *#lˈaʃə# | *#lˈaʃə# {GOLD: #lˈɛʃə#}
327    | ... | ... | ... | ... | ... | ... | ... | *#lˈeːʃnjɑ# | *#lˈɛːʃɲɑ# | *#lˈɛːʒɲa# {GOLD: >*} | *#lˈɛːʒɲa# | *#lˈɛʒɲə# | *#lˈɛʒɲə# {GOLD: #lˈɛʃɲə#}
328    | ... | ... | ... | ... | ... | ... | ... | ... | ... | *#lˈɛsa# {GOLD: >*} | *#lˈɛsa# | *#lˈɛsə# | *#lˈɛsə# {GOLD: #lˈɛsə#}
329    | ... | ... | ... | ... | ... | ... | ... | ... | ... | *#lˈistkɾ̩# {GOLD: >*} | *#lˈistkɾ̩# | *#lˈistkɾ̩# | *#lˈistkəɾ# {GOLD: #lˈɛskəɾ#}
330    | ... | ... | ... | ... | ... | ... | ... | ... | ... | *#lˈɛʎa# {GOLD: >*} | *#lˈɛʎa# | *#lˈɛjə# | *#lˈɛjə# {GOLD: #lˈɛlə#}
331    | ... | ... | ... | ... | ... | ... | ... | *#lˈixɒ# | *#lˈixɒ# | *#lˈixa# {GOLD: >*} | *#lˈiha# | *#lˈihə# | *#lˈihə# {GOLD: #lˈijə#}
332    | ... | ... | ... | ... | ... | ... | ... | ... | ... | *#lˈipa# {GOLD: >*} | *#lˈipa# | *#lˈipə# | *#lˈipə# {GOLD: #lˈipə#}
333    | ... | ... | ... | ... | ... | ... | ... | ... | ... | *#lˠˌɔpˈata# {GOLD: >*} | *#lˠˌɔpˈata# | *#lˠˌɔpˈatə# | *#lˠɔpˈatə# {GOLD: #lɔpˈatə#}
334    | ... | ... | ... | ... | ... | ... | ... | ... | ... | *#lˈɔɡ# {GOLD: >*} | *#lˈɔɡ# | *#lˈɔɡ# | *#lˈɔɡ# {GOLD: #lˈɔɡ#}
335    | ... | ... | ... | ... | ... | ... | ... | ... | ... | *#lˈɔza# {GOLD: >*} | *#lˈɔza# | *#lˈɔzə# | *#lˈɔzə# {GOLD: #lˈɔzə#}
336    | ... | ... | ... | ... | ... | ... | ... | ... | ... | *#lˌuxˈat# {GOLD: >*} | *#lˌuhˈat# | *#lˌuhˈat# | *#luhˈat# {GOLD: #luhˈat#}
337    | ... | ... | ... | ... | ... | ... | ... | ... | ... | *#lˌuʒˈiɛ# {GOLD: >*} | *#lˌuʒˈiɛ# | *#lˌuʒˈiɛ# | *#luʒˈiɛ# {GOLD: #luʒˈi#}
338    | ... | ... | ... | ... | ... | ... | ... | *#ʎˈutʃɑ# | *#ʎˈuːt͡ʃɑ# | *#lˈuːt͡ʃa# {GOLD: >*} | *#lˈuːt͡ʃa# | *#lˈut͡ʃə# | *#lˈut͡ʃə# {GOLD: #lˈuʃə#}
339    | ... | ... | ... | ... | ... | ... | ... | *#ʎˈutɑ# | *#ʎˈutɑ# | *#lˈuta# {GOLD: >*} | *#lˈuta# | *#lˈutə# | *#lˈutə# {GOLD: #lˈutə#}
340    | ... | ... | ... | ... | ... | ... | ... | ... | ... | *#lˈuspa# {GOLD: >*} | *#lˈuspa# | *#lˈuspə# | *#lˈuspə# {GOLD: #lˈuspə#}
341    | ... | ... | ... | ... | ... | ... | ... | *#rːˌɑɡˈɑlɪ# | *#rːˌɑɡˈɑːl# | *#rəɡˈaːl# {GOLD: >*} | *#rəɡˈaːl# | *#rəɡˈal# | *#rəɡˈal# {GOLD: #ɾaɡˈal#}
342    | ... | ... | ... | ... | ... | ... | ... | *#ɾˌɑðˈĩmɑ# | *#ɾˌɑðˈĩmɑ# | *#ɾˌaðˈĩma# {GOLD: >*} | *#ɾˌaðˈĩma# | *#ɾˌaðˈimə# | *#ɾaðˈimə# {GOLD: #ɾaðˈimə#}
343    | ... | ... | ... | ... | ... | ... | ... | *#wˌɒɾbˈɪt͡sɪ# | *#wˌɒɾbˈɛːt͡s# | *#wˌɔɾbˈɛːt͡s# {GOLD: >*} | *#vˌaɾbˈɛːt͡s# | *#vˌaɾbˈɛt͡s# | *#vaɾbˈɛt͡s# {GOLD: #ɾabˈɛt͡s#}
344    | ... | ... | ... | ... | ... | ... | ... | *#ɾˈɒwɑ# | *#ɾˈɒwɑ# | *#ɾˈɔwa# {GOLD: >*} | *#ɾˈɔva# | *#ɾˈɔvə# | *#ɾˈɔvə# {GOLD: #ɾˈavə#}
345    | ... | ... | ... | ... | ... | ... | ... | *#rːˈɔːkɑ# | *#rːˈuo̯kɑ# | *#rˈuo̯ka# {GOLD: >*} | *#rˈua̯ka# | *#rˈua̯kə# | *#rˈua̯kə# {GOLD: #ɾˈavɡə#}
346    | ... | ... | ... | ... | ... | ... | ... | ... | ... | *#ɾˈɛʒɡa# {GOLD: >*} | *#ɾˈɛʒɡa# | *#ɾˈɛʒɡə# | *#ɾˈɛʒɡə# {GOLD: #ɾˈɛʒɡə#}
347    | ... | ... | ... | ... | ... | ... | ... | *#ɾˈẽndə# | *#ɾˈɛ̃nd# | *#ɾˈɛ̃nd# {GOLD: >*} | *#ɾˈɛ̃nd# | *#ɾˈɛnd# | *#ɾˈɛnd# {GOLD: #ɾˈɛnd#}
348    | ... | ... | ... | ... | ... | ... | ... | ... | ... | *#ɾˌɔˈit# {GOLD: >*} | *#ɾˌɔˈit# | *#ɾˌɔˈit# | *#ɾɔˈit# {GOLD: #ɾɔˈit#}
349    | ... | ... | ... | ... | ... | ... | ... | *#rːˌɑɡɒːwˈɪsɪkɑ# | *#rːˌɑɡɒːwˈɛːskɑ# | *#rəɡɔːwˈɛːska# {GOLD: >*} | *#rəɡɔːvˈɛːska# | *#rəɡɔvˈɛskə# | *#rəɡɔvˈɛskə# {GOLD: #ɾɔɡɔvˈɛt͡skə#}
350    | ... | ... | ... | ... | ... | ... | ... | ... | ... | *#ɾˌɔtˈaɾ# {GOLD: >*} | *#ɾˌɔtˈaɾ# | *#ɾˌɔtˈaɾ# | *#ɾɔtˈaɾ# {GOLD: #ɾɔtˈaɾ#}
351    | ... | ... | ... | ... | ... | ... | ... | ... | ... | *#ɾˌɔbɔtˈit# {GOLD: >*} | *#ɾˌɔbɔtˈit# | *#ɾˌɔbɔtˈit# | *#ɾɔbɔtˈit# {GOLD: #ɾɔbtˈit#}
352    | ... | ... | ... | ... | ... | ... | ... | ... | ... | *#ɾˈɔj# {GOLD: >*} | *#ɾˈɔj# | *#ɾˈɔj# | *#ɾˈɔj# {GOLD: #ɾˈɔj#}
353    | ... | ... | ... | ... | ... | ... | ... | ... | ... | *#ɾˈɔjka# {GOLD: >*} | *#ɾˈɔjka# | *#ɾˈɔjkə# | *#ɾˈɔjkə# {GOLD: #ɾˈɔjkə#}
354    | ... | ... | ... | ... | ... | ... | ... | ... | ... | *#ɾˈɔɡa# {GOLD: >*} | *#ɾˈɔɡa# | *#ɾˈɔɡə# | *#ɾˈɔɡə# {GOLD: #ɾˈɔɡə#}
355    | ... | ... | ... | ... | ... | ... | ... | ... | ... | *#ɾˈɔb# {GOLD: >*} | *#ɾˈɔb# | *#ɾˈɔb# | *#ɾˈɔb# {GOLD: #ɾˈɔb#}
356    | ... | ... | ... | ... | ... | ... | ... | ... | ... | *#ɾˈunˌɛt͡s# {GOLD: >*} | *#ɾˈunˌɛt͡s# | *#ɾˈunˌɛt͡s# | *#ɾˈunɛt͡s# {GOLD: #ɾˈuns#}
357    | ... | ... | ... | ... | ... | ... | ... | *#ɾˌɑ̃nɡˈɑtɪ# | *#ɾˌɑ̃nɡˈɑt# | *#ɾˌãŋɡˈat# {GOLD: >*} | *#ɾˌə̃ŋɡˈat# | *#ɾəŋɡˈat# | *#ɾəŋɡˈat# {GOLD: #raɡˈat#}
358    | ... | ... | ... | ... | ... | ... | ... | *#rːˌɑɡɒːzˈĩnɑ# | *#rːˌɑɡɒːzˈĩnɑ# | *#rəɡɔːzˈĩna# {GOLD: #rˌɒɡˌɒzˈĩnə#} | *#rəɡɔːzˈĩna# | *#rəɡɔzˈinə# | *#rəɡɔzˈinə# {GOLD: #raɡɔzˈinə#}
359    | ... | ... | ... | ... | ... | ... | ... | *#ɾˌaʃˈɔlə# | *#ɾˌaʃˈuo̯lˠ# | *#ɾˌaʃˈuo̯lˠ# {GOLD: >*} | *#ɾˌaʃˈua̯lˠ# | *#ɾˌaʃˈua̯lˠ# | *#ɾaʃˈua̯lˠ# {GOLD: #rasˈɔlˠ#}
360    | ... | ... | ... | ... | ... | ... | ... | ... | ... | *#rˌanˈit͡sa# {GOLD: >*} | *#rˌanˈit͡sa# | *#rˌanˈit͡sə# | *#ranˈit͡sə# {GOLD: #ranˈit͡sə#}
361    | ... | ... | ... | ... | ... | ... | ... | ... | ... | *#rˌapˈat# {GOLD: >*} | *#rˌapˈat# | *#rˌapˈat# | *#rapˈat# {GOLD: #rapˈat#}
362    | ... | ... | ... | ... | ... | ... | ... | *#rːˈɑklɑ# | *#rːˈɑklɑ# | *#rˈakʎɛ# {GOLD: >*} | *#rˈakʎɛ# | *#rˈacɛ# | *#rˈacɛ# {GOLD: #rˈacɛ#}
363    | ... | ... | ... | ... | ... | ... | ... | ... | ... | *#rˈap# {GOLD: >*} | *#rˈap# | *#rˈap# | *#rˈap# {GOLD: #rˈap#}
364    | ... | ... | ... | ... | ... | ... | ... | *#ɾˈawɛʃə# | *#ɾˈawəʃ# | *#ɾˈawəʃ# {GOLD: >*} | *#ɾˈavəʃ# | *#ɾˈavəʃ# | *#ɾˈavəʃ# {GOLD: #rˈafʃ#}
365    | ... | ... | ... | ... | ... | ... | ... | *#rːəkˈɒjɑ̃n# | *#rːəkˈɒjɑ̃# | *#rəkˈɔjã# {GOLD: >*} | *#rəkˈɔjə̃# | *#rəkˈɔjə# | *#rəkˈɔjə# {GOLD: #rəkˈajə#}
366    | ... | ... | ... | ... | ... | ... | ... | *#rːˌɑɡˈɑlɑ# | *#rːˌɑɡˈɑːlˠɑ# | *#rəɡˈaːlˠa# {GOLD: >*} | *#rəɡˈaːlˠa# | *#rəɡˈalˠə# | *#rəɡˈalˠə# {GOLD: #rəɡˈalˠə#}
367    | ... | ... | ... | ... | ... | ... | ... | *#ɾˈẽnʃɪkɑ# | *#ɾˈɛ̃ʃəkɑ# | *#ɾˈɛ̃ʃka# {GOLD: >*} | *#ɾˈɛ̃ʃka# | *#ɾˈɛʃkə# | *#ɾˈɛʃkə# {GOLD: #rˈɛt͡skə#}
368    | ... | ... | ... | ... | ... | ... | ... | *#rːˌɑɡˈɔzə# | *#rːˌɑɡˈɔːz# | *#rəɡˈɔːz# {GOLD: >*} | *#rəɡˈɔːz# | *#rəɡˈɔz# | *#rəɡˈɔz# {GOLD: #rɔɡˈɔz#}
369    | ... | ... | ... | ... | ... | ... | ... | *#rːəpˈɑkə# | *#rːəpˈɑk# | *#rəpˈak# {GOLD: >*} | *#rəpˈak# | *#rəpˈak# | *#rəpˈak# {GOLD: #rɔpˈak#}
370    | ... | ... | ... | ... | ... | ... | ... | *#rːˈɒɡɑ# | *#rːˈɒɡɑ# | *#rˈɔɡa# {GOLD: >*} | *#rˈɔɡa# | *#rˈɔɡə# | *#rˈɔɡə# {GOLD: #rˈɔɡə#}
371    | ... | ... | ... | ... | ... | ... | ... | *#rːˈɔzɪkə# | *#rːˈɔːsk# | *#rˈɔːsk# {GOLD: >*} | *#rˈɔːsk# | *#rˈɔsk# | *#rˈɔsk# {GOLD: #rˈɔzɡ#}
372    | ... | ... | ... | ... | ... | ... | ... | *#rːˈũnɒ# | *#rːˈũnɒ# | *#rˈũna# {GOLD: >*} | *#rˈũna# | *#rˈunə# | *#rˈunə# {GOLD: #rˈunə#}
373    | ... | ... | ... | ... | ... | ... | ... | ... | ... | *#pˌaʃnˈik# {GOLD: >*} | *#pˌaʃnˈik# | *#pˌaʃnˈik# | *#paʃnˈik# {GOLD: #paʃnˈik#}
374    | ... | ... | ... | ... | ... | ... | ... | *#pˌɑdkˈɔː# | *#pˌɑtkˈuo̯# | *#pˌatkˈuo̯# {GOLD: #pˌɒtkˈuo̯#} | *#pˌatkˈua̯# | *#pˌatkˈua̯# | *#patkˈua̯# {GOLD: #patkˈua̯#}
375    | ... | ... | ... | ... | ... | ... | ... | ... | ... | *#pˌadˈit# {GOLD: >*} | *#pˌadˈit# | *#pˌadˈit# | *#padˈit# {GOLD: #padˈit#}
376    | ... | ... | ... | ... | ... | ... | ... | ... | ... | *#pˈata# {GOLD: >*} | *#pˈata# | *#pˈatə# | *#pˈatə# {GOLD: #pˈatə#}
377    | ... | ... | ... | ... | ... | ... | ... | *#pɐɡˈɑ̃ɲə# | *#pɐɡˈɑ̃ɲ# | *#pəɡˈãɲ# {GOLD: #pˌɒɡˈɑ̃ɲ#} | *#pəɡˈə̃ɲ# | *#pəɡˈəɲ# | *#pəɡˈəj# {GOLD: #pəɡˈəj#}
378    | ... | ... | ... | ... | ... | ... | ... | *#pɐɡˈɑ̃ɾ̃ɑ# | *#pɐɡˈɑ̃ɾ̃ɑ# | *#pəɡˈãɾ̃a# {GOLD: #pˌɒɡˈɑ̃ɾ̃ə#} | *#pəɡˈə̃ɾ̃a# | *#pəɡˈəɾə# | *#pəɡˈəɾə# {GOLD: #pəɡˈəɾə#}
379    | ... | ... | ... | ... | ... | ... | ... | *#pˌɑ̃ndˈɑɾɪ# | *#pˌɑ̃ndˈɑːɾ# | *#pˌãndˈaːɾ# {GOLD: >*} | *#pˌə̃ndˈaːɾ# | *#pəndˈaɾ# | *#pəndˈaɾ# {GOLD: #pəndˈaɾ#}
380    | ... | ... | ... | ... | ... | ... | ... | *#pˌɒkɾˈɒwɑ# | *#pˌɒkɾˈɒwɑ# | *#pˌɔkɾˈɔwa# {GOLD: >*} | *#pˌɔkɾˈɔva# | *#pˌɔkɾˈɔvə# | *#pɔkɾˈɔvə# {GOLD: #pəɾkˈavə#}
381    | ... | ... | ... | ... | ... | ... | ... | ... | ... | *#pˌɛlˈɛna# {GOLD: >*} | *#pˌɛlˈɛna# | *#pˌɛlˈɛnə# | *#pɛlˈɛnə# {GOLD: #pɛlˈɛnə#}
382    | ... | ... | ... | ... | ... | ... | ... | ... | ... | *#pˌɛlˈin# {GOLD: >*} | *#pˌɛlˈin# | *#pˌɛlˈin# | *#pɛlˈin# {GOLD: #pɛlˈin#}
383    | ... | ... | ... | ... | ... | ... | ... | ... | ... | *#pˈɛk# {GOLD: >*} | *#pˈɛk# | *#pˈɛk# | *#pˈɛk# {GOLD: #pˈɛk#}
384    | ... | ... | ... | ... | ... | ... | ... | ... | ... | *#pˌijavˈit͡sa# {GOLD: >*} | *#pˌijavˈit͡sa# | *#pˌijavˈit͡sə# | *#pijavˈit͡sə# {GOLD: #pjavˈit͡sə#}
385    | ... | ... | ... | ... | ... | ... | ... | ... | ... | *#pˌixˈat# {GOLD: >*} | *#pˌihˈat# | *#pˌihˈat# | *#pihˈat# {GOLD: #pihˈat#}
386    | ... | ... | ... | ... | ... | ... | ... | *#pˈiʃkɑ# | *#pˈiːʃkɑ# | *#pˈiːʃka# {GOLD: >*} | *#pˈiːʃka# | *#pˈiʃkə# | *#pˈiʃkə# {GOLD: #pˈizɡə#}
387    | ... | ... | ... | ... | ... | ... | ... | ... | *#pˈɨːrjɐ# | *#pˈiːrə# {GOLD: >*} | *#pˈiːrə# | *#pˈirə# | *#pˈirə# {GOLD: #pˈirə#}
388    | ... | ... | ... | ... | ... | ... | ... | ... | ... | *#pˌɔʎˈak# {GOLD: >*} | *#pˌɔʎˈak# | *#pˌɔjˈak# | *#pɔjˈak# {GOLD: #pɔjˈak#}
389    | ... | ... | ... | ... | ... | ... | ... | ... | ... | *#pˌɔʎˈata# {GOLD: >*} | *#pˌɔʎˈata# | *#pˌɔjˈatə# | *#pɔjˈatə# {GOLD: #pɔjˈatə#}
390    | ... | ... | ... | ... | ... | ... | ... | ... | ... | *#pˌɔʎˈan# {GOLD: >*} | *#pˌɔʎˈa# | *#pˌɔjˈa# | *#pɔjˈa# {GOLD: #pɔjˈan#}
391    | ... | ... | ... | ... | ... | ... | ... | ... | ... | *#pˌɔtˈɛra# {GOLD: >*} | *#pˌɔtˈɛra# | *#pˌɔtˈɛrə# | *#pɔtˈɛrə# {GOLD: #pɔtˈɛɾɛ#}
392    | ... | ... | ... | ... | ... | ... | ... | *#pˌɑdkˈɔː# | *#pˌɑtkˈuo̯# | *#pˌatkˈuo̯# {GOLD: #pˌɒtkˈuo̯#} | *#pˌatkˈua̯# | *#pˌatkˈua̯# | *#patkˈua̯# {GOLD: #pɔtkˈua̯#}
393    | ... | ... | ... | ... | ... | ... | ... | ... | ... | *#pˌɔstˈaja# {GOLD: >*} | *#pˌɔstˈaja# | *#pˌɔstˈajə# | *#pɔstˈajə# {GOLD: #pɔstˈahɛ#}
394    | ... | ... | ... | ... | ... | ... | ... | ... | ... | *#pˌɔstˈat# {GOLD: >*} | *#pˌɔstˈat# | *#pˌɔstˈat# | *#pɔstˈat# {GOLD: #pɔstˈat#}
395    | ... | ... | ... | ... | ... | ... | ... | ... | ... | *#pˌɔstɾˈɛxa# {GOLD: >*} | *#pˌɔstɾˈɛha# | *#pˌɔstɾˈɛhə# | *#pɔstɾˈɛhə# {GOLD: #pɔstɾˈɛ#}
396    | ... | ... | ... | ... | ... | ... | ... | ... | ... | *#pˌɔnːˈit# {GOLD: >*} | *#pˌɔnˈit# | *#pˌɔnˈit# | *#pɔnˈit# {GOLD: #pɔnˈit#}
397    | ... | ... | ... | ... | ... | ... | ... | *#pˌɒɾˈẽndə# | *#pˌɒɾˈɛ̃nd# | *#pˌɔɾˈɛ̃nd# {GOLD: >*} | *#pˌɔɾˈɛ̃nd# | *#pˌɔɾˈɛnd# | *#pɔɾˈɛnd# {GOLD: #pɔɾˈɛnd#}
398    | ... | ... | ... | ... | ... | ... | ... | *#pˌɒɾˌɑ̃nsˈitɪ# | *#pˌɒɾˌɔ̃sˈit# | *#pˌɔɾˌɔ̃sˈit# {GOLD: >*} | *#pˌɔɾˌɔ̃sˈit# | *#pˌɔɾˌɔsˈit# | *#pɔɾɔsˈit# {GOLD: #pɔɾɔsˈit#}
399    | ... | ... | ... | ... | ... | ... | ... | *#pˌɒðɾˈitɪ# | *#pˌɒɾˈit# | *#pˌɔɾˈit# {GOLD: >*} | *#pˌɔɾˈit# | *#pˌɔɾˈit# | *#pɔɾˈit# {GOLD: #pɔrˈit#}
400    | ... | ... | ... | ... | ... | ... | ... | ... | ... | *#pˈɔtka# {GOLD: >*} | *#pˈɔtka# | *#pˈɔtkə# | *#pˈɔtkə# {GOLD: #pˈɔtkə#}
401    | ... | ... | ... | ... | ... | ... | ... | ... | ... | *#plˠˌaʃˈit͡sa# {GOLD: >*} | *#plˠˌaʃˈit͡sa# | *#plˠˌaʃˈit͡sə# | *#plˠaʃˈit͡sə# {GOLD: #plˠaʃˈit͡sə#}
402    | ... | ... | ... | ... | ... | ... | ... | ... | ... | *#plˠˈaz# {GOLD: >*} | *#plˠˈaz# | *#plˠˈaz# | *#plˠˈaz# {GOLD: #plˠˈaz#}
403    | ... | ... | ... | ... | ... | ... | ... | ... | ... | *#plˠˈɔt͡ʃa# {GOLD: >*} | *#plˠˈɔt͡ʃa# | *#plˠˈɔt͡ʃə# | *#plˠˈɔt͡ʃə# {GOLD: #plˠˈɔt͡ʃə#}
404    | ... | ... | ... | ... | ... | ... | ... | *#plˈɒʃkɑ# | *#plˈɒːʃkɑ# | *#plˠˈɔːʃka# {GOLD: >*} | *#plˠˈɔːʃka# | *#plˠˈɔʃkə# | *#plˠˈɔʃkə# {GOLD: #plˠˈɔt͡ʃkə#}
405    | ... | ... | ... | ... | ... | ... | ... | *#plˈat͡skɑ# | *#plˈaːt͡skɑ# | *#plˠˈaːt͡ska# {GOLD: >*} | *#plˠˈaːt͡ska# | *#plˠˈat͡skə# | *#plˠˈat͡skə# {GOLD: #plˠˈɔt͡skə#}
406    | ... | ... | ... | ... | ... | ... | ... | ... | ... | *#plˠˈɔska# {GOLD: >*} | *#plˠˈɔska# | *#plˠˈɔskə# | *#plˠˈɔskə# {GOLD: #plˠˈɔskə#}
407    | ... | ... | ... | ... | ... | ... | ... | ... | *#pˌɒsˈɯːlˠɑ# | *#pˌɔsˈuːlˠa# {GOLD: >*} | *#pˌɔsˈuːlˠa# | *#pˌɔsˈulˠə# | *#pɔsˈulˠə# {GOLD: #pusˈulˠə#}
408    | ... | ... | ... | ... | ... | ... | ... | *#pˈɯɾjɪ# | *#pˈɯːɾjɐ# | *#pˈuːrə# {GOLD: >*} | *#pˈuːrə# | *#pˈurə# | *#pˈurə# {GOLD: #pˈurə#}
409    | ... | ... | ... | ... | ... | ... | ... | *#plˌaʃtnˈikə# | *#plɐʃtnˈik# | *#pl̩ʃnˈik# {GOLD: >*} | *#pl̩ʃnˈik# | *#pl̩ʃnˈik# | *#pəlʃnˈik# {GOLD: #plaʃnˈik#}
410    | ... | ... | ... | ... | ... | ... | ... | ... | ... | *#plˌivˈat# {GOLD: >*} | *#plˌivˈat# | *#plˌivˈat# | *#plivˈat# {GOLD: #plɛvˈat#}
411    | ... | ... | ... | ... | ... | ... | ... | ... | ... | *#plˌɛvnˈit͡sa# {GOLD: >*} | *#plˌɛvnˈit͡sa# | *#plˌɛvnˈit͡sə# | *#plɛvnˈit͡sə# {GOLD: #plɛvˈit͡sə#}
412    | ... | ... | ... | ... | ... | ... | ... | *#pɪlˈɛ̃nkɑ# | *#pəlˠˈɛ̃nɡɑ# | *#pəlˠˈɛ̃ŋɡa# {GOLD: >*} | *#pəlˠˈɛ̃ŋɡa# | *#pəlˠˈɛŋɡə# | *#pəlˠˈɛŋɡə# {GOLD: #plˈɛŋɡə#}
413    | ... | ... | ... | ... | ... | ... | ... | ... | ... | *#plˈuska# {GOLD: >*} | *#plˈuska# | *#plˈuskə# | *#plˈuskə# {GOLD: #plˈuskə#}
414    | ... | ... | ... | ... | ... | ... | ... | *#pɾˈɒxə# | *#pɾˈɒx# | *#pɾˈɔx# {GOLD: >*} | *#pɾˈɔh# | *#pɾˈɔh# | *#pɾˈɔh# {GOLD: #pɾˈaf#}
415    | ... | ... | ... | ... | ... | ... | ... | ... | ... | *#pɾˈisk# {GOLD: >*} | *#pɾˈisk# | *#pɾˈisk# | *#pɾˈisk# {GOLD: #pɾˈisk#}
416    | ... | ... | ... | ... | ... | ... | ... | ... | ... | *#pɾˌɔndˈit# {GOLD: >*} | *#pɾˌɔndˈit# | *#pɾˌɔndˈit# | *#pɾɔndˈit# {GOLD: #pɾɔndˈit#}
417    | ... | ... | ... | ... | ... | ... | ... | ... | *#pˌɒbrɑtˈim# | *#pˌɔbɾatˈim# {GOLD: >*} | *#pˌɔbɾatˈim# | *#pˌɔbɾatˈim# | *#pɔbɾatˈim# {GOLD: #pɾɔbatˈin#}
418    | ... | ... | ... | ... | ... | ... | ... | *#bˌɑɡətˈɪjɛ# | *#bˌɑɡətˈɪː# | *#bˌaɡətˈi# {GOLD: #bˌɒɡətˈi#} | *#bˌaɡətˈi# | *#bˌaɡətˈi# | *#baktˈi# {GOLD: #baktˈi#}
419    | ... | ... | ... | ... | ... | ... | ... | ... | ... | *#bˌatˈit# {GOLD: >*} | *#bˌatˈit# | *#bˌatˈit# | *#batˈit# {GOLD: #batˈit#}
420    | ... | ... | ... | ... | ... | ... | ... | *#bˌɑlˈɒʃɪ# | *#bˌɑlˠˈɒːʃ# | *#bˌalˠˈɔːʃ# {GOLD: #bˌalˈɒʃ#} | *#bˌalˠˈɔːʃ# | *#bˌalˠˈɔʃ# | *#balˠˈɔʃ# {GOLD: #balˈaʃ#}
421    | ... | ... | ... | ... | ... | ... | ... | *#bˌɑlˈɒʃɪ# | *#bˌɑlˠˈɒːʃ# | *#bˌalˠˈɔːʃ# {GOLD: #bˌalˈɒʃ#} | *#bˌalˠˈɔːʃ# | *#bˌalˠˈɔʃ# | *#balˠˈɔʃ# {GOLD: #balˈɔʃ#}
422    | ... | ... | ... | ... | ... | ... | ... | *#bˌɑɾðmˈɒʃɪ# | *#bˌɑɾmˈɒːʃ# | *#bˌaɾmˈɔːʃ# {GOLD: >*} | *#bˌaɾmˈɔːʃ# | *#bˌaɾmˈɔʃ# | *#baɾmˈɔʃ# {GOLD: #baɾmˈaʃ#}
423    | ... | ... | ... | ... | ... | ... | ... | *#bˈɑtjə# | *#bˈɑtj# | *#bˈac# {GOLD: >*} | *#bˈac# | *#bˈac# | *#bˈac# {GOLD: #bˈac#}
424    | ... | ... | ... | ... | ... | ... | ... | ... | ... | *#bˈaba# {GOLD: >*} | *#bˈaba# | *#bˈabə# | *#bˈabə# {GOLD: #bˈabə#}
425    | ... | ... | ... | ... | ... | ... | ... | *#bɐɡˈɑtɑ# | *#bɐɡˈɑtɑ# | *#bəɡˈata# {GOLD: #bˌɒɡˈatə#} | *#bəɡˈata# | *#bəɡˈatə# | *#bəɡˈatə# {GOLD: #bəɡˈatə#}
426    | ... | ... | ... | ... | ... | ... | ... | ... | ... | *#bɾ̩t͡ʃˈik# {GOLD: >*} | *#bɾ̩t͡ʃˈik# | *#bɾ̩t͡ʃˈik# | *#bəɾt͡ʃˈik# {GOLD: #bəɾt͡ʃˈik#}
427    | ... | ... | ... | ... | ... | ... | ... | *#bɾˌɑʃtnˈikə# | *#bɾɐʃtnˈik# | *#bɾ̩ʃnˈik# {GOLD: #bˌɾ̩ʃtnˈik#} | *#bɾ̩ʃnˈik# | *#bɾ̩ʃnˈik# | *#bəɾʃnˈik# {GOLD: #bəɾʃnˈik#}
428    | ... | ... | ... | ... | ... | ... | ... | *#bˌʊɾtwˈɑtɪ# | *#bˌʊɾtwˈɑt# | *#bɾ̩tˈat# {GOLD: >*} | *#bɾ̩tˈat# | *#bɾ̩tˈat# | *#bəɾtˈat# {GOLD: #bəɾtˈat#}
429    | ... | ... | ... | ... | ... | ... | ... | *#bˌʊɾɪt͡sˈɛllə# | *#bˌʊɾt͡sˈɛːlː# | *#bɾ̩t͡sˈɛːlː# {GOLD: >*} | *#bɾ̩t͡sˈɛːlː# | *#bɾ̩t͡sˈɛl# | *#bəɾt͡sˈɛl# {GOLD: #bəɾt͡sˈɛl#}
430    | ... | ... | ... | ... | ... | ... | ... | *#bəɾzˈɑ̃ɾ̃ɑ# | *#bəɾzˈɑ̃ɾ̃ɑ# | *#bɾ̩zˈãɾ̃a# {GOLD: #bˌɾ̩zˈãɾ̃ə#} | *#bɾ̩zˈə̃ɾ̃a# | *#bɾ̩zˈəɾə# | *#bəɾzˈəɾə# {GOLD: #bəɾzˈəɾə#}
431    | ... | ... | ... | ... | ... | ... | ... | *#bəɾzˈẽnʃtɑ# | *#bəɾzˈɛ̃ʃtɑ# | *#bɾ̩zˈɛ̃ʃta# {GOLD: #bɾ̩zˈɛʃtə#} | *#bɾ̩zˈɛ̃ʃta# | *#bɾ̩zˈɛʃtə# | *#bəɾzˈɛʃtə# {GOLD: #bəɾzˈɛʃtə#}
432    | ... | ... | ... | ... | ... | ... | ... | ... | ... | *#bˌɛlˈɛva# {GOLD: >*} | *#bˌɛlˈɛva# | *#bˌɛlˈɛvə# | *#bɛlˈɛvə# {GOLD: #bɛlˈɛvə#}
433    | ... | ... | ... | ... | ... | ... | ... | *#bˌɛːlbˈit͡sɑ# | *#bˌɛːlbˈiːt͡sɑ# | *#bˌɛːlbˈiːt͡sa# {GOLD: #bˌɛlbˈit͡sə#} | *#bˌɛːlbˈiːt͡sa# | *#bˌɛlbˈit͡sə# | *#bɛlbˈit͡sə# {GOLD: #bɛlbˈit͡sə#}
434    | ... | ... | ... | ... | ... | ... | ... | *#bˌɛːlwˈit͡sɑ# | *#bˌɛːlwˈiːt͡sɑ# | *#bˌɛːlvˈiːt͡sa# {GOLD: #bˌɛlvˈit͡sə#} | *#bˌɛːlvˈiːt͡sa# | *#bˌɛlvˈit͡sə# | *#bɛlvˈit͡sə# {GOLD: #bɛlvˈit͡sə#}
435    | ... | ... | ... | ... | ... | ... | ... | ... | ... | *#bˌɛlɾˈat# {GOLD: >*} | *#bˌɛlɾˈat# | *#bˌɛlɾˈat# | *#bɛlɾˈat# {GOLD: #bɛɾˈat#}
436    | ... | ... | ... | ... | ... | ... | ... | ... | ... | *#bˈɛʎka# {GOLD: >*} | *#bˈɛʎka# | *#bˈɛjkə# | *#bˈɛjkə# {GOLD: #bˈɛjkə#}
437    | ... | ... | ... | ... | ... | ... | ... | ... | ... | *#bˈɛl# {GOLD: >*} | *#bˈɛl# | *#bˈɛl# | *#bˈɛl# {GOLD: #bˈɛl#}
438    | ... | ... | ... | ... | ... | ... | ... | ... | ... | *#bˈɛlt͡sa# {GOLD: >*} | *#bˈɛlt͡sa# | *#bˈɛlt͡sə# | *#bˈɛlt͡sə# {GOLD: #bˈɛlt͡sə#}
439    | ... | ... | ... | ... | ... | ... | ... | *#bwˈɪɾtkə# | *#bwˈɪːɾtk# | *#bˈɛɾk# {GOLD: >*} | *#bˈɛɾk# | *#bˈɛɾk# | *#bˈɛɾk# {GOLD: #bˈɛɾk#}
440    | ... | ... | ... | ... | ... | ... | ... | *#bˌiːʃnˈit͡sɑ# | *#bˌiːʃnˈiːt͡sɑ# | *#bˌiːʃnˈiːt͡sa# {GOLD: >*} | *#bˌiːʃnˈiːt͡sa# | *#bˌiʃnˈit͡sə# | *#biʃnˈit͡sə# {GOLD: #biʃnˈit͡sə#}
441    | ... | ... | ... | ... | ... | ... | ... | ... | ... | *#bˌɛsˈɛda# {GOLD: >*} | *#bˌɛsˈɛda# | *#bˌɛsˈɛdə# | *#bɛsˈɛdə# {GOLD: #bisˈɛdə#}
442    | ... | ... | ... | ... | ... | ... | ... | ... | ... | *#bˌistɾˈit͡sa# {GOLD: >*} | *#bˌistɾˈit͡sa# | *#bˌistɾˈit͡sə# | *#bistɾˈit͡sə# {GOLD: #bistɾˈit͡sə#}
443    | ... | ... | ... | ... | ... | ... | ... | *#bˈisɪkə# | *#bˈiːsk# | *#bˈiːsk# {GOLD: #bˈisk#} | *#bˈiːsk# | *#bˈisk# | *#bˈisk# {GOLD: #bˈisk#}
444    | ... | ... | ... | ... | ... | ... | ... | ... | ... | *#bˈistɾ̩# {GOLD: >*} | *#bˈistɾ̩# | *#bˈistɾ̩# | *#bˈistəɾ# {GOLD: #bˈistəɾ#}
445    | ... | ... | ... | ... | ... | ... | ... | ... | ... | *#pˈistɾ̩# {GOLD: >*} | *#pˈistɾ̩# | *#pˈistɾ̩# | *#pˈistəɾ# {GOLD: #bˈistəɾ#}
446    | ... | ... | ... | ... | ... | ... | ... | ... | ... | *#bˌɔɡˈɔva# {GOLD: >*} | *#bˌɔɡˈɔva# | *#bˌɔɡˈɔvə# | *#bɔɡˈɔvə# {GOLD: #bɔɡˈɔvə#}
447    | ... | ... | ... | ... | ... | ... | ... | ... | ... | *#bˌɔɾˈika# {GOLD: >*} | *#bˌɔɾˈika# | *#bˌɔɾˈikə# | *#bɔɾˈikə# {GOLD: #bɔɾˈiɡə#}
448    | ... | ... | ... | ... | ... | ... | ... | ... | ... | *#bˈɔlba# {GOLD: >*} | *#bˈɔlba# | *#bˈɔlbə# | *#bˈɔlbə# {GOLD: #bˈɔlbə#}
449    | ... | ... | ... | ... | ... | ... | ... | *#bˌuə̯lˈit͡sɑ# | *#bˌuo̯lˠˈiːt͡sɑ# | *#bˌuo̯lˠˈiːt͡sa# {GOLD: #bˌuo̯lˠˈit͡sə#} | *#bˌua̯lˠˈiːt͡sa# | *#bˌua̯lˠˈit͡sə# | *#bua̯lˠˈit͡sə# {GOLD: #bua̯lˠˈit͡sə#}
450    | ... | ... | ... | ... | ... | ... | ... | *#bˌʊɾlˈɔɡə# | *#bˌʊɾlˈɔɡ# | *#bˌulˠˈɔɡ# {GOLD: >*} | *#bˌulˠˈɔɡ# | *#bˌulˠˈɔɡ# | *#bulˠˈɔɡ# {GOLD: #bulˠˈɔɡ#}
451    | ... | ... | ... | ... | ... | ... | ... | ... | ... | *#bˌut͡ʃˈat# {GOLD: >*} | *#bˌut͡ʃˈat# | *#bˌut͡ʃˈat# | *#but͡ʃˈat# {GOLD: #but͡ʃˈat#}
452    | ... | ... | ... | ... | ... | ... | ... | *#bˌɯʃtɾˈit͡sɑ# | *#bˌɯʃtɾˈiːt͡sɑ# | *#bˌuʃtɾˈiːt͡sa# {GOLD: #bˌuʃtɾˈit͡sə#} | *#bˌuʃtɾˈiːt͡sa# | *#bˌuʃtɾˈit͡sə# | *#buʃtɾˈit͡sə# {GOLD: #buʃtɾˈit͡sə#}
453    | ... | ... | ... | ... | ... | ... | ... | *#bˈuə̯lə# | *#bˈuo̯lˠ# | *#bˈuo̯lˠ# {GOLD: #bˈuo̯lˠ#} | *#bˈua̯lˠ# | *#bˈua̯lˠ# | *#bˈua̯lˠ# {GOLD: #bˈua̯lˠ#}
454    | ... | ... | ... | ... | ... | ... | ... | *#bˈɯʃtɾə# | *#bˈɯːʃtɾ# | *#bˈuːʃtɾ̩# {GOLD: >*} | *#bˈuːʃtɾ̩# | *#bˈuʃtɾ̩# | *#bˈuʃtəɾ# {GOLD: #bˈuʃtəɾ#}
455    | ... | ... | ... | ... | ... | ... | ... | ... | ... | *#blˈana# {GOLD: >*} | *#blˈana# | *#blˈanə# | *#blˈanə# {GOLD: #blˈanə#}
456    | ... | ... | ... | ... | ... | ... | ... | ... | *#bˌælˠˈuːʃ# | *#bˌɛlˠˈuːʃ# {GOLD: #bˌɛlˈuʃ#} | *#bˌɛlˠˈuːʃ# | *#bˌɛlˠˈuʃ# | *#bɛlˠˈuʃ# {GOLD: #blˈuʃ#}
457    | ... | ... | ... | ... | ... | ... | ... | ... | ... | *#blˈuda# {GOLD: >*} | *#blˈuda# | *#blˈudə# | *#blˈudə# {GOLD: #blˈudə#}
458    | ... | ... | ... | ... | ... | ... | ... | ... | ... | *#blˈuda# {GOLD: >*} | *#blˈuda# | *#blˈudə# | *#blˈudə# {GOLD: #blˈudə#}
459    | ... | ... | ... | ... | ... | ... | ... | ... | ... | *#bɾˈazda# {GOLD: >*} | *#bɾˈazda# | *#bɾˈazdə# | *#bɾˈazdə# {GOLD: #bɾˈazə#}
460    | ... | ... | ... | ... | ... | ... | ... | ... | ... | *#bɾˈana# {GOLD: >*} | *#bɾˈana# | *#bɾˈanə# | *#bɾˈanə# {GOLD: #bɾˈanə#}
461    | ... | ... | ... | ... | ... | ... | ... | ... | ... | *#bɾˈava# {GOLD: >*} | *#bɾˈava# | *#bɾˈavə# | *#bɾˈavə# {GOLD: #bɾˈavə#}
462    | ... | ... | ... | ... | ... | ... | ... | ... | ... | *#bɾˈɛɡ# {GOLD: >*} | *#bɾˈɛɡ# | *#bɾˈɛɡ# | *#bɾˈɛɡ# {GOLD: #bɾˈɛɡ#}
463    | ... | ... | ... | ... | ... | ... | ... | *#bɾˈisɪkə# | *#bɾˈiːsk# | *#bɾˈiːsk# {GOLD: #bɾˈisk#} | *#bɾˈiːsk# | *#bɾˈisk# | *#bɾˈisk# {GOLD: #bɾˈisk#}
464    | ... | ... | ... | ... | ... | ... | ... | *#bɾˈisɪkɑ# | *#bɾˈiːskɑ# | *#bɾˈiːska# {GOLD: #bɾˈiskə#} | *#bɾˈiːska# | *#bɾˈiskə# | *#bɾˈiskə# {GOLD: #bɾˈiskə#}
465    | ... | ... | ... | ... | ... | ... | ... | *#xˌɑlðˈitɪ# | *#xˌɑlðˈit# | *#xˌalːˈit# {GOLD: >*} | *#hˌalːˈit# | *#hˌalˈit# | *#halˈit# {GOLD: #flˠadˈit#}
466    | ... | ... | ... | ... | ... | ... | ... | *#xˈɑlðə# | *#xˈɑːlð# | *#xˈaːlː# {GOLD: >*} | *#hˈaːlː# | *#hˈal# | *#hˈal# {GOLD: #flˠˈad#}
467    | ... | ... | ... | ... | ... | ... | ... | *#wˌɒlkˈɔː# | *#wˌɒlkˈuo̯# | *#wˌɔlˠkˈuo̯# {GOLD: >*} | *#vˌalˠkˈua̯# | *#vˌalˠkˈua̯# | *#valˠkˈua̯# {GOLD: #valˠkˈua̯#}
468    | ... | ... | ... | ... | ... | ... | ... | *#ʃwˌɪɾʃtnˈikə# | *#ʃwˌɪɾʃtnˈik# | *#vˌəʃnˈik# {GOLD: >*} | *#vˌəʃnˈik# | *#vəʃnˈik# | *#vəʃnˈik# {GOLD: #vəʃnˈik#}
469    | ... | ... | ... | ... | ... | ... | ... | *#wˌɪɾtˈiːtɪ# | *#wˌɪɾtˈiːt# | *#wɾ̩tˈiːt# {GOLD: >*} | *#vɾ̩tˈiːt# | *#vɾ̩tˈit# | *#vəɾtˈit# {GOLD: #vəɾtˈit#}
470    | ... | ... | ... | ... | ... | ... | ... | ... | ... | *#vɾ̩snˈik# {GOLD: >*} | *#vɾ̩snˈik# | *#vɾ̩snˈik# | *#vəɾsnˈik# {GOLD: #vəɾsnˈik#}
471    | ... | ... | ... | ... | ... | ... | ... | *#wˌɪɾwˈeːtɪ# | *#wˌɪɾwˈɛːt# | *#wɾ̩vˈɛːt# {GOLD: >*} | *#vɾ̩vˈɛːt# | *#vɾ̩vˈɛt# | *#vəɾvˈɛt# {GOLD: #vəɾvˈit#}
472    | ... | ... | ... | ... | ... | ... | ... | *#wˌɪɾbnˈikə# | *#wˌɪɾbnˈik# | *#wɾ̩mːˈik# {GOLD: >*} | *#vɾ̩mˈik# | *#vɾ̩mˈik# | *#vəɾmˈik# {GOLD: #vəɾmˈik#}
473    | ... | ... | ... | ... | ... | ... | ... | ... | ... | *#vɾˈət͡ʃa# {GOLD: >*} | *#vɾˈət͡ʃa# | *#vɾˈət͡ʃə# | *#vɾˈət͡ʃə# {GOLD: #vˈəɾt͡ʃə#}
474    | ... | ... | ... | ... | ... | ... | ... | ... | ... | *#vˈɛɾsta# {GOLD: >*} | *#vˈɛɾsta# | *#vˈɛɾstə# | *#vˈɛɾstə# {GOLD: #vˈəɾsə#}
475    | ... | ... | ... | ... | ... | ... | ... | ... | ... | *#vˈɛdɾ̩# {GOLD: >*} | *#vˈɛdɾ̩# | *#vˈɛdɾ̩# | *#vˈɛdəɾ# {GOLD: #vˈɛdəɾ#}
476    | ... | ... | ... | ... | ... | ... | ... | *#wˌiɾˈɔː# | *#wˌiɾˈuo̯# | *#wˌiɾˈuo̯# {GOLD: #βˌiɾˈuo̯#} | *#vˌiɾˈua̯# | *#vˌiɾˈua̯# | *#viɾˈua̯# {GOLD: #viɾˈua̯#}
477    | ... | ... | ... | ... | ... | ... | ... | ... | ... | *#vˈiʃɲa# {GOLD: >*} | *#vˈiʃɲa# | *#vˈiʃɲə# | *#vˈiʃɲə# {GOLD: #vˈiʃɲə#}
478    | ... | ... | ... | ... | ... | ... | ... | ... | ... | *#vˈidɾ̩# {GOLD: >*} | *#vˈidɾ̩# | *#vˈidɾ̩# | *#vˈidəɾ# {GOLD: #vˈidəɾ#}
479    | ... | ... | ... | ... | ... | ... | ... | ... | ... | *#vˈisk# {GOLD: >*} | *#vˈisk# | *#vˈisk# | *#vˈisk# {GOLD: #vˈisk#}
480    | ... | ... | ... | ... | ... | ... | ... | *#βˈɔkɔlə# | *#vˈɔkɔlˠ# | *#vˈɔkulˠ# {GOLD: >*} | *#vˈɔkulˠ# | *#vˈɔkulˠ# | *#vˈɔkulˠ# {GOLD: #vˈɔkulˠ#}
481    | ... | ... | ... | ... | ... | ... | ... | ... | ... | *#wˈɔla# {GOLD: >*} | *#vˈala# | *#vˈalə# | *#vˈalə# {GOLD: #vˈɔlə#}
482    | ... | ... | ... | ... | ... | ... | ... | *#βˈɔbɒɡ# | *#vˈɔbɒɡ# | *#vˈɔbɔɡ# {GOLD: #βˈɒbɒɡ#} | *#vˈɔbɔɡ# | *#vˈɔbɔɡ# | *#vˈɔbɔɡ# {GOLD: #vˈɔbɔɡ#}
483    | ... | ... | ... | ... | ... | ... | ... | *#wˌʊlkɒːðlˈɑkə# | *#wˌʊlkɒːlˈɑk# | *#wˌulkɔːlˠˈak# {GOLD: >*} | *#vˌulkɔːlˠˈak# | *#vˌulkɔlˠˈak# | *#vulkɔlˠˈak# {GOLD: #vuɾkɔlˠˈak#}
484    | ... | ... | ... | ... | ... | ... | ... | *#wɾˈɒ̃ɾ̃ə# | *#wɾˈɒ̃# | *#wɾˈɔ̃# {GOLD: #βɾˈɑ̃ɾ̃#} | *#vɾˈɔ̃# | *#vɾˈɔ# | *#vɾˈɔ# {GOLD: #vɾˈəɾ#}
485    | ... | ... | ... | ... | ... | ... | ... | *#wˈɒɾnə# | *#wˈɒːrː# | *#wˈɔːr# {GOLD: #βɾˈɑ̃ɾ̃#} | *#vˈaːr# | *#vˈar# | *#vˈar# {GOLD: #vɾˈəɾ#}
486    | ... | ... | ... | ... | ... | ... | ... | ... | ... | *#vɾˈul# {GOLD: >*} | *#vɾˈul# | *#vɾˈul# | *#vɾˈul# {GOLD: #vɾˈulˠ#}
487    | ... | ... | ... | ... | ... | ... | ... | *#wɪɾˈɑɡɑ# | *#wəɾˈɑɡɑ# | *#wəɾˈaɡa# {GOLD: >*} | *#vəɾˈaɡa# | *#vɾˈaɡə# | *#vɾˈaɡə# {GOLD: #vrˈaɡə#}
488    | ... | ... | ... | ... | ... | ... | ... | ... | ... | *#mˌaxnˈit# {GOLD: >*} | *#mˌahnˈit# | *#mˌahnˈit# | *#mahnˈit# {GOLD: #mahnˈit#}
489    | ... | ... | ... | ... | ... | ... | ... | *#mˌɑːtˈɯkɑ# | *#mˌɑːtˈɯkɑ# | *#mˌaːtˈuka# {GOLD: >*} | *#mˌaːtˈuka# | *#mˌatˈukə# | *#matˈukə# {GOLD: #matˈukə#}
490    | ... | ... | ... | ... | ... | ... | ... | ... | ... | *#mˌaɾˈɛna# {GOLD: >*} | *#mˌaɾˈɛna# | *#mˌaɾˈɛnə# | *#maɾˈɛnə# {GOLD: #maɾˈɛnə#}
491    | ... | ... | ... | ... | ... | ... | ... | ... | ... | *#mˈak# {GOLD: >*} | *#mˈak# | *#mˈak# | *#mˈak# {GOLD: #mˈak#}
492    | ... | ... | ... | ... | ... | ... | ... | ... | ... | *#mˈat͡ʃa# {GOLD: >*} | *#mˈat͡ʃa# | *#mˈat͡ʃə# | *#mˈat͡ʃə# {GOLD: #mˈat͡ʃə#}
493    | ... | ... | ... | ... | ... | ... | ... | ... | ... | *#mˈatka# {GOLD: >*} | *#mˈatka# | *#mˈatkə# | *#mˈatkə# {GOLD: #mˈatkə#}
494    | ... | ... | ... | ... | ... | ... | ... | ... | ... | *#mˈat͡sa# {GOLD: >*} | *#mˈat͡sa# | *#mˈat͡sə# | *#mˈat͡sə# {GOLD: #mˈat͡sə#}
495    | ... | ... | ... | ... | ... | ... | ... | ... | ... | *#mˈaza# {GOLD: >*} | *#mˈaza# | *#mˈazə# | *#mˈazə# {GOLD: #mˈazə#}
496    | ... | ... | ... | ... | ... | ... | ... | *#mɐɡˈɯlɑ# | *#mɐɡˈɯːlˠɑ# | *#məɡˈuːlˠa# {GOLD: >*} | *#məɡˈuːlˠa# | *#məɡˈulˠə# | *#məɡˈulˠə# {GOLD: #məɡˈulˠə#}
497    | ... | ... | ... | ... | ... | ... | ... | *#məɾʃˈĩnɑ# | *#məɾʃˈĩnɑ# | *#mɾ̩ʃˈĩna# {GOLD: >*} | *#mɾ̩ʃˈĩna# | *#mɾ̩ʃˈinə# | *#məɾʃˈinə# {GOLD: #məɾʃˈinə#}
498    | ... | ... | ... | ... | ... | ... | ... | ... | ... | *#mɾ̩zˈit# {GOLD: >*} | *#mɾ̩zˈit# | *#mɾ̩zˈit# | *#məɾzˈit# {GOLD: #məɾzˈit#}
499    | ... | ... | ... | ... | ... | ... | ... | ... | ... | *#mɾ̩məɾˈit# {GOLD: >*} | *#mɾ̩məɾˈit# | *#mɾ̩məɾˈit# | *#məɾməɾˈit# {GOLD: #məɾməɾˈit#}
500    | ... | ... | ... | ... | ... | ... | ... | ... | ... | *#mˌɛtˈalɛ# {GOLD: >*} | *#mˌɛtˈalɛ# | *#mˌɛtˈalɛ# | *#mɛtˈalɛ# {GOLD: #mɛtˈalɛ#}
501    | ... | ... | ... | ... | ... | ... | ... | ... | ... | *#mˈɛlˠa# {GOLD: >*} | *#mˈɛlˠa# | *#mˈɛlˠə# | *#mˈɛlˠə# {GOLD: #mˈɛlˠə#}
502    | ... | ... | ... | ... | ... | ... | ... | ... | ... | *#mˈɛɾa# {GOLD: >*} | *#mˈɛɾa# | *#mˈɛɾə# | *#mˈɛɾə# {GOLD: #mˈɛɾə#}
503    | ... | ... | ... | ... | ... | ... | ... | *#mˌiːlˈĩnkɑ# | *#mˌiːlˈĩnɡɑ# | *#mˌiːlˈĩŋɡa# {GOLD: >*} | *#mˌiːlˈĩŋɡa# | *#mˌilˈiŋɡə# | *#milˈiŋɡə# {GOLD: #milˈiŋɡə#}
504    | ... | ... | ... | ... | ... | ... | ... | ... | ... | *#mˈita# {GOLD: >*} | *#mˈita# | *#mˈitə# | *#mˈitə# {GOLD: #mˈitə#}
505    | ... | ... | ... | ... | ... | ... | ... | ... | ... | *#mˌɔtɔvˈilɛ# {GOLD: >*} | *#mˌɔtɔvˈilɛ# | *#mˌɔtɔvˈilɛ# | *#mɔtɔvˈilɛ# {GOLD: #mɔtɔvˈilɛ#}
506    | ... | ... | ... | ... | ... | ... | ... | *#mˌɒlðˈikɑ# | *#mˌɒlðˈikɑ# | *#mˌɔlːˈika# {GOLD: >*} | *#mˌɔlːˈika# | *#mˌɔlˈikə# | *#mɔlˈikə# {GOLD: #mɔlˈikə#}
507    | ... | ... | ... | ... | ... | ... | ... | *#mˌɔːʷðɪlˈitɪ# | *#mˌɔːʷlˈit# | *#mˌɔlˈit# {GOLD: >*} | *#mˌɔlˈit# | *#mˌɔlˈit# | *#mɔlˈit# {GOLD: #mɔlˈit#}
508    | ... | ... | ... | ... | ... | ... | ... | ... | ... | *#mˌɔlˈit͡sa# {GOLD: >*} | *#mˌɔlˈit͡sa# | *#mˌɔlˈit͡sə# | *#mɔlˈit͡sə# {GOLD: #mɔlˈit͡sə#}
509    | ... | ... | ... | ... | ... | ... | ... | ... | ... | *#mˌɔɾˈat͡ʃa# {GOLD: >*} | *#mˌɔɾˈat͡ʃa# | *#mˌɔɾˈat͡ʃə# | *#mɔɾˈat͡ʃə# {GOLD: #mɔɾˈat͡ʃə#}
510    | ... | ... | ... | ... | ... | ... | ... | *#mˌɒɾˌɑβˈit͡sɑ# | *#mˌɒɾˌɔvˈiːt͡sɑ# | *#mˌɔɾˌɔvˈiːt͡sa# {GOLD: >*} | *#mˌɔɾˌɔvˈiːt͡sa# | *#mˌɔɾˌɔvˈit͡sə# | *#mɔɾɔvˈit͡sə# {GOLD: #mɔɾɔvˈit͡sə#}
511    | ... | ... | ... | ... | ... | ... | ... | ... | *#mˌɒrɒvˈinɑ# | *#mˌɔɾɔvˈina# {GOLD: >*} | *#mˌɔɾɔvˈina# | *#mˌɔɾɔvˈinə# | *#mɔɾɔvˈinə# {GOLD: #mɔɾɔvˈinə#}
512    | ... | ... | ... | ... | ... | ... | ... | ... | ... | *#mˌɔɾnˈit͡sa# {GOLD: >*} | *#mˌɔɾnˈit͡sa# | *#mˌɔɾnˈit͡sə# | *#mɔɾnˈit͡sə# {GOLD: #mɔɾnˈit͡sə#}
513    | ... | ... | ... | ... | ... | ... | ... | ... | ... | *#mˈɔl# {GOLD: >*} | *#mˈɔl# | *#mˈɔl# | *#mˈɔl# {GOLD: #mˈɔl#}
514    | ... | ... | ... | ... | ... | ... | ... | ... | ... | *#mˈɔɾa# {GOLD: >*} | *#mˈɔɾa# | *#mˈɔɾə# | *#mˈɔɾə# {GOLD: #mˈɔɾə#}
515    | ... | ... | ... | ... | ... | ... | ... | ... | ... | *#mˌuʒˈɛnska# {GOLD: >*} | *#mˌuʒˈɛnska# | *#mˌuʒˈɛnskə# | *#muʒˈɛnskə# {GOLD: #muʒˈənt͡skə#}
516    | ... | ... | ... | ... | ... | ... | ... | *#mˈʊzɡɒ# | *#mˈɔːʷzɡɒ# | *#mˈuzɡa# {GOLD: >*} | *#mˈuzɡa# | *#mˈuzɡə# | *#mˈuzɡə# {GOLD: #mˈuzɡə#}
517    | ... | ... | ... | ... | ... | ... | ... | ... | ... | *#ˌɛmbˈɔɾjɛ# {GOLD: >*} | *#ˌɛmbˈɔɾjɛ# | *#mbˈɔɾjɛ# | *#mbˈɔɾjɛ# {GOLD: #mbˈɔɾjɛ#}
518    | ... | ... | ... | ... | ... | ... | ... | *#ɪ̃nbəxˈɑtɪ# | *#ə̃nbəxˈɑt# | *#ə̃mbəxˈat# {GOLD: >*} | *#ə̃mbəhˈat# | *#mbəhˈat# | *#mbəhˈat# {GOLD: #mbufˈat#}
519    | ... | ... | ... | ... | ... | ... | ... | *#ɪ̃npɾˈazdnə# | *#ə̃npɾˈaːzdn# | *#ə̃mbɾˈaːzn̩# {GOLD: >*} | *#ə̃mbɾˈaːzn̩# | *#mbɾˈazn̩# | *#mbɾˈazən# {GOLD: #mbɾˈazən#}