etID  | Middle Proto-Albanian | Late Proto-Albanian |  Proto-Tosk |  Old Northern Tosk Albanian | Output [REFERENCE]
0      | #ˌɑerːˈɑːre# | #ɛrːˈie̯r# | #hɛrˈie̯ɾ# | #hərˈie̯ɾ# | #hərˈie̯ɾ# {GOLD: #harˈɔj#}
1      | #ˌɑbjˈeːɲu# | #bjˈiːɲ# | #bjˈĩːɲ# | #bjˈiɲ# | #bjˈiɲ# {GOLD: #vɟˈɛ#}
2      | #ˌɑbjˈeːɲu# | #bjˈiːɲ# | #bjˈĩːɲ# | #bjˈiɲ# | #bjˈiɲ# {GOLD: #vɟˈɛɲə#}
3      | #ˌɑbleˈɑːre# | #blˈiːe̯r# | #blˈiːe̯ɾ# | #blˈie̯ɾ# | #blˈie̯ɾ# {GOLD: #blˈɛj#}
4      | #ˌɑdjyːnˈɑːre# | #?ənˈie̯r# | #?ə̃ɾˈie̯ɾ# | #?əɾˈie̯ɾ# | #?əɾˈie̯ɾ# {GOLD: #aɟəɾˈɔj#}
5      | #ˌɑwɒːrˈɑːre# | #ɔrˈie̯r# | #hɔɾˈie̯ɾ# | #həɾˈie̯ɾ# | #həɾˈie̯ɾ# {GOLD: #aðuɾˈoj#}
6      | #ˈɑːər# | #ˈaɜr# | #hˈaɜɾ# | #hˈaɜɾ# | #hˈaɜɾ# {GOLD: #ˈɛɾə#}
7      | #ˈɑːər# | #ˈaɜr# | #hˈaɜɾ# | #hˈaɜɾ# | #hˈaɜɾ# {GOLD: #ˈajəɾ#}
8      | #ˌeːrˈɑme# | #rˈɛːm# | #ɾˈɛ̃ːɱb# | #ɾˈɛɱb# | #ɾˈɛɱb# {GOLD: #rˈɛmb#}
9      | #ˌeːstimˈɑːre# | #ʃtəmˈie̯r# | #ʃtə̃ɱˈie̯ɾ# | #ʃtəɱˈie̯ɾ# | #t͡ʃtəɱˈie̯ɾ# {GOLD: #t͡ʃmˈɔj#}
10     | #ˈeːtəte# | #ˈɛtɜt# | #hˈɛtɜt# | #hˈɛtɜt# | #hˈɛtɜt# {GOLD: #jˈɛtə#}
11     | #ˌɑkˈinɡlu# | #kˈɛːnɡl# | #kˈɛ̃ːnɡʎ# | #kˈɛnɟ# | #cˈɛnɟ# {GOLD: #cˈɛɲɟ#}
12     | #ˌɑkkˈipətu# | #kkˈɛpɜt# | #kkˈɛpɜt# | #kkˈɛpɜt# | #kcˈɛpɜt# {GOLD: #cˈift#}
13     | #ˌɑksˈuɲjɑ# | #fʃˈyːɲ# | #fʃˈỹːɲ# | #fʃˈyɲ# | #fʃˈyɲ# {GOLD: #aʃˈuɲə#}
14     | #ˈɑlbənu# | #ˈaːlbɜn# | #hˈaːlbɜ̃n# | #hˈalbɜn# | #hˈalbɜn# {GOLD: #ˈaɾbəɾ#}
15     | #ˌɑlbɑːnˈeːsi# | #əlbənˈiːʃ# | #həlbə̃ɾˈiːʃ# | #həlbəɾˈiʃ# | #həlbəɾˈiʃ# {GOLD: #aɾbəɾɛʃ#}
16     | #ˈɑʎu# | #ˈɛːʎ# | #hˈɛːʎ# | #hˈɛj# | #hˈɛj# {GOLD: #ˈaj#}
17     | #ˌɑlˈeːɡərˈiɑ# | #lˈɛɡərˈɛ# | #lˈɛɡəɾˈɛ# | #lˈɛɡəɾˈɛ# | #lˈɛɡəɾˈɛ# {GOLD: #lˈɔɡɔɾˈi#}
18     | #ˌɑltˈɑːrju# | #əltˈiːrj# | #həltˈiːɾj# | #həltˈiɾj# | #həltˈiɾj# {GOLD: #ltˈɛɾ#}
19     | #ˌɑlterˈɑːre# | #əltərˈie̯r# | #həltəɾˈie̯ɾ# | #həltəɾˈie̯ɾ# | #həltəɾˈie̯ɾ# {GOLD: #ndərˈɔj#}
20     | #ˌɑlbˈeəlːu# | #əlbˈɛːlː# | #həlbˈɛːlˠ# | #həlbˈɛlˠ# | #həlbˈɛlˠ# {GOLD: #nˈulˠə#}
21     | #ˌɑmˈɑːrəkiː# | #mˈaːrɜk# | #ɱˈaːɾɜk# | #ɱˈaɾɜk# | #ɱˈaɾɜk# {GOLD: #maɾˈac#}
22     | #ɑmbiˌorjˈɑːnu# | #əmbəərjˈaːn# | #hə̃ɱbəəɾjˈəːn# | #həɱbəəɾjˈən# | #həɱbəəɾjˈən# {GOLD: #mˈurə#}
23     | #ɑmbipˌɑtˈiːnu# | #əmbəpətˈiːn# | #hə̃ɱbəpətˈĩːn# | #həɱbəpətˈin# | #həɱbəpətˈin# {GOLD: #mtˈi#}
24     | #ɑmbipˌekkˈɑːtu# | #əmbəpəkkˈat# | #hə̃ɱbəpəkkˈat# | #həɱbəpəkkˈat# | #həɱbəpəkkˈat# {GOLD: #məkˈat#}
25     | #ɑmbipˌeːsˈɑːre# | #əmbəpəʃˈie̯r# | #hə̃ɱbəpəʃˈie̯ɾ# | #həɱbəpəʃˈie̯ɾ# | #həɱbəpəʃˈie̯ɾ# {GOLD: #məʃˈɔj#}
26     | #ˌɑmbulːˈɑːre# | #əmbəlːˈie̯r# | #hə̃ɱbəlˠˈie̯ɾ# | #həɱbəlˠˈie̯ɾ# | #həɱbəlˠˈie̯ɾ# {GOLD: #mbalˠˈɔj#}
27     | #ˌɑmˈendəlːɑ# | #mˈɛːndɜlː# | #mˈɛ̃ːndɜlˠ# | #mˈɛndɜlˠ# | #mˈɛndɜlˠ# {GOLD: #mˈɛndulˠ#}
28     | #ˈɑmjɑ# | #ˈiːm# | #hˈĩːɱb# | #hˈiɱb# | #hˈiɱb# {GOLD: #ˈamɛ#}
29     | #ˌɑmˈiːku# | #mˈik# | #ɱˈik# | #ɱˈik# | #ɱˈik# {GOLD: #mˈik#}
30     | #ˈɑmətɑ# | #ˈaːmɜt# | #hˈəːɱɜt# | #hˈəɱɜt# | #hˈəɱɜt# {GOLD: #ˈɛmtə#}
31     | #ˌɑmˈurɡɑ# | #mˈuːrɡ# | #ɱˈuːɾɡ# | #ɱˈuɾɡ# | #ɱˈuɾɡ# {GOLD: #mˈuɾɡə#}
32     | #ˈɑnɡəlːu# | #ˈaːnɡɜlː# | #hˈəːnɡɜlˠ# | #hˈənɡɜlˠ# | #hˈənɡɜlˠ# {GOLD: #ˈənɟəlˠ#}
33     | #ˌɑnɡˈilɑ# | #ənɡˈɛːl# | #hə̃nɡˈɛːl# | #hənɡˈɛl# | #hənɟˈɛl# {GOLD: #ŋɟˈɛlə#}
34     | #ˌɑnɡˈilɑ# | #ənɡˈɛːl# | #hə̃nɡˈɛːl# | #hənɡˈɛl# | #hənɟˈɛl# {GOLD: #ŋɟˈalə#}
35     | #ˌɑn̪ɡˈilɑ# | #ən̪ɡˈɛːl# | #hə̃n̪ɡˈɛːl# | #hən̪ɡˈɛl# | #hən̪ɟˈɛl# {GOLD: #ɲˈilə#}
36     | #ˌɑnɡˈustu# | #ənɡˈuːʃt# | #hə̃nɡˈuːʃt# | #hənɡˈuʃt# | #hənɡˈut͡ʃt# {GOLD: #ŋɡˈuʃtə#}
37     | #ˌɑnɡustˈɑre# | #ənɡəʃtˈie̯r# | #hə̃nɡəʃtˈie̯ɾ# | #hənɡəʃtˈie̯ɾ# | #hənɡət͡ʃtˈie̯ɾ# {GOLD: #ŋɡuʃtˈɔj#}
38     | #ˌɑntwˈøːɲu# | #əndw?ɲ# | #hə̃ndw?ɲ# | #həndw?ɲ# | #həndw?ɲ# {GOLD: #ndˈue#}
39     | #ˌɑnˈulɑ# | #nˈuːl# | #nˈuːl# | #nˈul# | #nˈul# {GOLD: #nˈulə#}
40     | #ˌɑppˌɑrɑmˈentu# | #ppərəmˈɛːnd# | #ppəɾə̃mˈɛ̃ːnd# | #ppəɾəmˈɛnd# | #ppəɾəmˈɛnd# {GOLD: #paɾmˈɛndə#}
41     | #ˌɑprˈiːʎi# | #prˈiːʎ# | #pɾˈiːʎ# | #pɾˈij# | #pɾˈij# {GOLD: #prˈilˠ#}
42     | #ˈɑptu# | #ˈaːft# | #hˈaːft# | #hˈaft# | #hˈaft# {GOLD: #ˈaftə#}
43     | #ˌɑrˈeːnɑ# | #rˈɛːn# | #ɾˈɛ̃ːn# | #ɾˈɛn# | #ɾˈɛn# {GOLD: #ɾˈəɾə#}
44     | #ˌɑrɡˈentu# | #ərɡˈɛːnd# | #həɾɡˈɛ̃ːnd# | #həɾɡˈɛnd# | #həɾɟˈɛnd# {GOLD: #aɾɟˈɛnd#}
45     | #ˌɑrɡˈentu# | #ərɡˈɛːnd# | #həɾɡˈɛ̃ːnd# | #həɾɡˈɛnd# | #həɾɟˈɛnd# {GOLD: #ɛɾɟˈɛnd#}
46     | #ˈɑrmɑ# | #ˈaːrm# | #hˈaːɾɱb# | #hˈaɾɱb# | #hˈaɾɱb# {GOLD: #ˈaɾmə#}
47     | #ˌɑrmissˈɑːrju# | #ərməʃʃˈiːrj# | #həɾɱəʃʃˈiːɾj# | #həɾɱəʃʃˈiɾj# | #həɾɱət͡ʃʃˈiɾj# {GOLD: #harməʃˈɔɾ#}
48     | #ˌɑrːiˈɑːre# | #rːˈiːe̯r# | #rˈiːe̯ɾ# | #rˈie̯ɾ# | #rˈie̯ɾ# {GOLD: #arˈij#}
49     | #ˌɑrˈeːnɑ# | #rˈɛːn# | #ɾˈɛ̃ːn# | #ɾˈɛn# | #ɾˈɛn# {GOLD: #ɾˈəɾə#}
50     | #ˈɑrku# | #ˈaːrk# | #hˈaːɾk# | #hˈaɾk# | #hˈaɾk# {GOLD: #hˈaɾk#}
51     | #ˈɑrku# | #ˈaːrk# | #hˈaːɾk# | #hˈaɾk# | #hˈaɾk# {GOLD: #ˈaɾk#}
52     | #ˈɑrkɑ# | #ˈaːrk# | #hˈaːɾk# | #hˈaɾk# | #hˈaɾk# {GOLD: #ˈaɾkə#}
53     | #ˈɑspər# | #ˈaːʃpɜr# | #hˈaːʃpɜɾ# | #hˈaʃpɜɾ# | #hˈat͡ʃpɜɾ# {GOLD: #ˈaʃpəɾ#}
54     | #ˌɑwlɑmˈentu# | #ləmˈɛːnd# | #lə̃mˈɛ̃ːnd# | #ləmˈɛnd# | #ləmˈɛnd# {GOLD: #avləmˈɛnd#}
55     | #ˌɑwɡˈustu# | #ɡˈuːʃt# | #ɡˈuːʃt# | #ɡˈuʃt# | #ɡˈut͡ʃt# {GOLD: #ɡˈuʃt#}
56     | #ˈɑwru# | #ˈaːr# | #hˈaːɾ# | #hˈaɾ# | #hˈaɾ# {GOLD: #ˈaɾ#}
57     | #ˌɑˈunkəlːu# | #ˈuːnɡɜlː# | #hˈũːnɡɜlˠ# | #hˈunɡɜlˠ# | #hˈunɡɜlˠ# {GOLD: #uŋɟ#}
58     | #bˈɑlbiː# | #bˈɛːlb# | #bˈɛːlb# | #bˈɛlb# | #bˈɛlb# {GOLD: #bˈɛlbə#}
59     | #bˈɑlsəmu# | #bˈaːlʃɜm# | #bˈaːlʃɜ̃ɱb# | #bˈalʃɜɱb# | #bˈalʃɜɱb# {GOLD: #bˈalt͡ʃəm#}
60     | #bˈɑɲɑ# | #bˈɛːɲ# | #bˈɛ̃ːɲ# | #bˈɛɲ# | #bˈɛɲ# {GOLD: #bˈaɲə#}
61     | #bˌɑrˈɑtru# | #bərˈatr# | #bəɾˈatɾ# | #bəɾˈatɾ# | #bəɾˈatɾ# {GOLD: #balˈadəɾ#}
62     | #bˈɑrkɑ# | #bˈaːrk# | #bˈaːɾk# | #bˈaɾk# | #bˈaɾk# {GOLD: #bˈaɾkə#}
63     | #bˌɑttbˈɑːʎɑ# | #bəttbˈɛːʎ# | #bəttbˈɛːʎ# | #bəttbˈɛj# | #bəttbˈɛj# {GOLD: #bˌɛtˈɛjə#}
64     | #bˌɑttbˈɑːʎɑ# | #bəttbˈɛːʎ# | #bəttbˈɛːʎ# | #bəttbˈɛj# | #bəttbˈɛj# {GOLD: #bətˈajə#}
65     | #bˌeneˈiːkəre# | #bənˈiːkɜr# | #bə̃ɾˈiːkɜɾ# | #bəɾˈikɜɾ# | #bəɾˈikɜɾ# {GOLD: #bənkˈɔj#}
66     | #bˈeːstjɑ# | #bˈiːʃ?# | #bˈiːʃ?# | #bˈiʃ?# | #bˈit͡ʃ?# {GOLD: #bˈiʃə#}
67     | #bˌiːnˈɑːrju# | #bənˈiːrj# | #bə̃ɾˈiːɾj# | #bəɾˈiɾj# | #bəɾˈiɾj# {GOLD: #bˌiɲˈaɾ#}
68     | #bˈolːɑ# | #bˈɔːlː# | #bˈɔːlˠ# | #bˈɔlˠ# | #bˈɔlˠ# {GOLD: #bˈɔlˠə#}
69     | #brˈɑːkeː# | #brˈɛk# | #bɾˈɛk# | #bɾˈɛk# | #bɾˈɛk# {GOLD: #bɾˈɛkə#}
70     | #brˈokkɑ# | #brˈɔkk# | #bɾˈɔkk# | #bɾˈɔkk# | #bɾˈɔkk# {GOLD: #pɾˈɔkə#}
71     | #brwˈøːtəku# | #brw?tɜk# | #bɾw?tɜk# | #bɾw?tɜk# | #bɾw?tɜk# {GOLD: #bɾˈɛtk#}
72     | #brwˈøːtəsku# | #brw?tɜʃk# | #bɾw?tɜʃk# | #bɾw?tɜʃk# | #bɾw?tɜt͡ʃk# {GOLD: #bɾˈɛʃkə#}
73     | #brˈyːmɑ# | #brˈye̯m# | #bɾˈye̯ɱb# | #bɾˈye̯ɱb# | #bɾˈye̯ɱb# {GOLD: #bɾˈymə#}
74     | #bˈuəlːu# | #bˈuːlː# | #bˈuːlˠ# | #bˈulˠ# | #bˈulˠ# {GOLD: #bˈualˠ#}
75     | #bˌuˈulku# | #bˈuːlk# | #bˈuːʎk# | #bˈujk# | #bˈujk# {GOLD: #bˈujk#}
76     | #bˈulɑ# | #bˈuːl# | #bˈuːl# | #bˈul# | #bˈul# {GOLD: #bˈulə#}
77     | #bˈukkɑ# | #bˈukk# | #bˈukk# | #bˈukk# | #bˈukk# {GOLD: #bˈukə#}
78     | #bˈuksu# | #bˈuːfʃ# | #bˈuːfʃ# | #bˈufʃ# | #bˈufʃ# {GOLD: #bˈuʃ#}
79     | #bˈurɡu# | #bˈuːrɡ# | #bˈuːɾɡ# | #bˈuɾɡ# | #bˈuɾɡ# {GOLD: #bˈuɾɡ#}
80     | #bˈutti# | #bˈytt# | #bˈytt# | #bˈytt# | #bˈytt# {GOLD: #bˈut#}
81     | #dˈeːməne# | #dˈɛːmɜn# | #dˈɛ̃ːɱɜ̃n# | #dˈɛɱɜn# | #dˈɛɱɜn# {GOLD: #djˈɛməɾ#}
82     | #dˈɑmnu# | #dˈaːmn# | #dˈəːɱn# | #dˈəɱn# | #dˈəɱn# {GOLD: #dˈəm#}
83     | #dˌeːitwˈɒːre# | #dəətwˈye̯r# | #dəətwˈye̯ɾ# | #dəətwˈye̯ɾ# | #dəətwˈye̯ɾ# {GOLD: #dɛtˈuaɾ#}
84     | #dˌeːit̪ˈyːrɑ# | #dəət̪?r# | #dəət̪?ɾ# | #dəət̪?ɾ# | #dəət̪?ɾ# {GOLD: #dɛtˈyɾə#}
85     | #dˌeːʎeːɡˈɑːre# | #dəʎɡˈie̯r# | #dəʎɡˈie̯ɾ# | #dəjɡˈie̯ɾ# | #dəjɟˈie̯ɾ# {GOLD: #dəɾɡˈɔj#}
86     | #dˌeʎierˈɑːre# | #dəʎəərˈie̯r# | #dəʎəəɾˈie̯ɾ# | #dəjəəɾˈie̯ɾ# | #dəjəəɾˈie̯ɾ# {GOLD: #dəliɾˈɔj#}
87     | #dˌeːkɑptˈɑːre# | #dəkəftˈie̯r# | #dəkəftˈie̯ɾ# | #dəkəftˈie̯ɾ# | #dəkəftˈie̯ɾ# {GOLD: #diktˈɔj#}
88     | #dˌeːpˌenetrˈɑːre# | #dəpəndrˈie̯r# | #dəpə̃ndɾˈie̯ɾ# | #dəpəndɾˈie̯ɾ# | #dəpəndɾˈie̯ɾ# {GOLD: #dɛpəɾtˈɔj#}
89     | #dˌeːpositˈɑːre# | #dəpəʃətˈie̯r# | #dəpəʃətˈie̯ɾ# | #dəpəʃətˈie̯ɾ# | #dəpəʃətˈie̯ɾ# {GOLD: #dəʃtˈɔj#}
90     | #dˌeːraːmˈaːre# | #dərəmˈaːr# | #dəɾə̃ɱˈaːɾ# | #dəɾəɱˈaɾ# | #dəɾəɱˈaɾ# {GOLD: #dəɾmˈɔj#}
91     | #dˌeːsˈiːərˈaːre# | #dəʃˈiːrˈaːr# | #dəʃˈiːɾˈaːɾ# | #dəʃˈiɾˈaɾ# | #dəʃˈiɾˈaɾ# {GOLD: #dəʃiɾˈɔj#}
92     | #dˌeːsˈiːərjɑ# | #dəʃˈiːr# | #dəʃˈiːɾ# | #dəʃˈiɾ# | #dəʃˈiɾ# {GOLD: #dəʃˈiɾə#}
93     | #djˈɑəlːu# | #?ˈaːlː# | #?ˈaːlˠ# | #?ˈalˠ# | #?ˈalˠ# {GOLD: #djˈalˠ#}
94     | #djˈɑːnɑ# | #?ˈaːn# | #?ˈəːn# | #?ˈən# | #?ˈən# {GOLD: #zˈəɾə#}
95     | #dˌiɡitˈɑːre# | #dəɡətˈie̯r# | #dəɡətˈie̯ɾ# | #dəɡətˈie̯ɾ# | #dəɡətˈie̯ɾ# {GOLD: #dəftˈɔj#}
96     | #dˈiɲu# | #dˈiːɲ# | #dˈĩːɲ# | #dˈiɲ# | #dˈiɲ# {GOLD: #dˈɛɲə#}
97     | #dˌiːriɡˈɑːre# | #dərɡˈie̯r# | #dəɾɡˈie̯ɾ# | #dəɾɡˈie̯ɾ# | #dəɾɟˈie̯ɾ# {GOLD: #dəɾɡˈɔj#}
98     | #dˌiːrˈeːktu# | #dərˈɛːft# | #dəɾˈɛːft# | #dəɾˈɛft# | #dəɾˈɛft# {GOLD: #dɾˈɛjt#}
99     | #di# | #d# | #d# | #d# | #d# {GOLD: #z#}
100    | #dˌiskˌɑrːikˈɑːre# | #dəʃkərːəkˈie̯r# | #dəʃkərəkˈie̯ɾ# | #dəʃkərəkˈie̯ɾ# | #dət͡ʃkərəcˈie̯ɾ# {GOLD: #ʃkaɾkˈɔj#}
101    | #dˈisku# | #dˈɛːʃk# | #dˈɛːʃk# | #dˈɛʃk# | #dˈɛt͡ʃk# {GOLD: #dˈiʃkə#}
102    | #dˌiskˌiritˈɑːre# | #dəʃkərtˈie̯r# | #dəʃkəɾtˈie̯ɾ# | #dəʃkəɾtˈie̯ɾ# | #dət͡ʃkəɾtˈie̯ɾ# {GOLD: #ʃcyɾtˈɔj#}
103    | #dˌisspˌiːrˈɑːre# | #dəʃʃpərˈie̯r# | #dəʃʃpəɾˈie̯ɾ# | #dəʃʃpəɾˈie̯ɾ# | #dət͡ʃt͡ʃpəɾˈie̯ɾ# {GOLD: #ʃpirˈɔj#}
104    | #dˌomestikˈɑːre# | #dəməʃtəkˈie̯r# | #də̃ɱəʃtəkˈie̯ɾ# | #dəɱəʃtəkˈie̯ɾ# | #dəɱət͡ʃtəcˈie̯ɾ# {GOLD: #muʃtəkˈɔj#}
105    | #dˌoʎˈeːre# | #dəʎˈiːr# | #dəʎˈiːɾ# | #dəjˈiɾ# | #dəjˈiɾ# {GOLD: #dəlˠˈɛj#}
106    | #dˌolːwˈɒːre# | #dəlːwˈye̯r# | #dəlˠwˈye̯ɾ# | #dəlˠwˈye̯ɾ# | #dəlˠwˈye̯ɾ# {GOLD: #dulˠˈye#}
107    | #dwˌɒːnˈɑːre# | #dwənˈie̯r# | #dwə̃ɾˈie̯ɾ# | #dwəɾˈie̯ɾ# | #dwəɾˈie̯ɾ# {GOLD: #ðuɾˈɔj#}
108    | #drˈɑkiː# | #drˈɛk# | #dɾˈɛk# | #dɾˈɛk# | #dɾˈɛk# {GOLD: #dɾɛc#}
109    | #drˌɑnkwˈɒːne# | #drənɡwˈye̯n# | #dɾə̃nɡwˈye̯n# | #dɾənɡwˈye̯n# | #dɾənɡwˈye̯n# {GOLD: #dɾaɡˈua#}
110    | #dˈuke# | #dˈyk# | #dˈyk# | #dˈyk# | #dˈyk# {GOLD: #dˈuc#}
111    | #dˌyːrˈɑːre# | #dərˈie̯r# | #dəɾˈie̯ɾ# | #dəɾˈie̯ɾ# | #dəɾˈie̯ɾ# {GOLD: #duɾˈoj#}
112    | #dˈurːət͡ʃu# | #dˈuːrːɜt͡ʃ# | #dˈuːrɜ?# | #dˈurɜ?# | #dˈurɜ?# {GOLD: #dˈurəs#}
113    | #ˌeːijtˈɑːre# | #ɛjtˈie̯r# | #hɛjtˈie̯ɾ# | #həjtˈie̯ɾ# | #həjtˈie̯ɾ# {GOLD: #hɛtˈɔj#}
114    | #ˌekklˈeːsjɑ# | #kklˈiːʃ# | #kkʎˈiːʃ# | #kkˈiʃ# | #kcˈiʃ# {GOLD: #kˈiʃə#}
115    | #ˌekku# | #kk# | #kk# | #kk# | #kk# {GOLD: #kə#}
116    | #ˌeksˈɑːme# | #fʃˈɛːm# | #fʃˈɛ̃ːɱb# | #fʃˈɛɱb# | #fʃˈɛɱb# {GOLD: #ʃˈɛmə#}
117    | #ˌeksˌɑmputˈɑːre# | #fʃəmbətˈie̯r# | #fʃə̃ɱbətˈie̯ɾ# | #fʃəɱbətˈie̯ɾ# | #fʃəɱbətˈie̯ɾ# {GOLD: #ʃəmtˈɔj#}
118    | #ˌeksˌɑnimˈɑːri# | #fʃənəmˈie̯r# | #fʃə̃ɾə̃ɱˈie̯ɾ# | #fʃəɾəɱˈie̯ɾ# | #fʃəɾəɱˈie̯ɾ# {GOLD: #ʃəmˈɔj#}
119    | #ˌeksˈemplu# | #fʃˈɛːmbl# | #fʃˈɛ̃ːɱbl# | #fʃˈɛɱbl# | #fʃˈɛɱbl# {GOLD: #ʃɛmbˈulˠ#}
120    | #ˌekshonorˈɑːre# | #fʃhənərˈie̯r# | #fʃhə̃ɾəɾˈie̯ɾ# | #fʃhəɾəɾˈie̯ɾ# | #fʃhəɾəɾˈie̯ɾ# {GOLD: #t͡ʃndəɾˈɔj#}
121    | #ˌeksˈiɡəre# | #fʃˈɛɡɜr# | #fʃˈɛɡɜɾ# | #fʃˈɛɡɜɾ# | #fʃˈɛɡɜɾ# {GOLD: #ʃˈij#}
122    | #ˌekskˌɑɑlikˈɑːre# | #fʃkəəlkˈie̯r# | #fʃkəəʎkˈie̯ɾ# | #fʃkəəjkˈie̯ɾ# | #ft͡ʃkəəjcˈie̯ɾ# {GOLD: #ʃkalkˈɔj#}
123    | #ˌekskˌɑlːˈɑːre# | #fʃkəlːˈie̯r# | #fʃkəlˠˈie̯ɾ# | #fʃkəlˠˈie̯ɾ# | #ft͡ʃkəlˠˈie̯ɾ# {GOLD: #ʃkalˠˈɔj#}
124    | #ˌekskˌɑmbjɑːre# | #fʃkˌambjar# | #fʃkˌə̃ɱbjaɾ# | #fʃkˌəɱbjaɾ# | #ft͡ʃkˌəɱbjaɾ# {GOLD: #ʃkəmbˈɛj#}
125    | #ˌekskˌɑndˈeːre# | #fʃkəndˈiːr# | #fʃkə̃ndˈiːɾ# | #fʃkəndˈiɾ# | #ft͡ʃkəndˈiɾ# {GOLD: #ʃkəndˈɛj#}
126    | #ˌekskˌɑrðjˈɑːre# | #fʃkərðjˈie̯r# | #fʃkəɾðjˈie̯ɾ# | #fʃkəɾðjˈie̯ɾ# | #ft͡ʃkəɾðjˈie̯ɾ# {GOLD: #ʃkaɾzˈɛj#}
127    | #ˌekskˌɑrptˈɑːre# | #fʃkərftˈie̯r# | #fʃkəɾftˈie̯ɾ# | #fʃkəɾftˈie̯ɾ# | #ft͡ʃkəɾftˈie̯ɾ# {GOLD: #ʃkaɾtˈɔj#}
128    | #ˌekskˌɑtedrˈɑːre# | #fʃftədrˈie̯r# | #fʃftədɾˈie̯ɾ# | #fʃftədɾˈie̯ɾ# | #ft͡ʃftədɾˈie̯ɾ# {GOLD: #ʃkatərˈɔj#}
129    | #ˌekskˌɑwdikˈɑːre# | #fʃkədəkˈie̯r# | #fʃkədəkˈie̯ɾ# | #fʃkədəkˈie̯ɾ# | #ft͡ʃkədəcˈie̯ɾ# {GOLD: #ʃkaɡˈɔj#}
130    | #ˌekskjˈeːre# | #fʃkjˈiːr# | #fʃkjˈiːɾ# | #fʃcˈiɾ# | #ft͡ʃcˈiɾ# {GOLD: #t͡ʃˈɔj#}
131    | #ˌekskˌipˈeːre# | #fʃkəpˈiːr# | #fʃkəpˈiːɾ# | #fʃkəpˈiɾ# | #ft͡ʃkəpˈiɾ# {GOLD: #ʃcipˈɔj#}
132    | #ˌeksklˈoppu# | #fʃklˈɔpp# | #fʃkʎˈɔpp# | #fʃcˈɔpp# | #ft͡ʃcˈɔpp# {GOLD: #ʃcˈɛp#}
133    | #ˌekskˈurtu# | #fʃkˈuːrt# | #fʃkˈuːɾt# | #fʃkˈuɾt# | #ft͡ʃkˈuɾt# {GOLD: #ʃkˈuɾt#}
134    | #ˌeksmˈulɡjɑ# | #fʃmˈyːlɡ# | #fʒɱˈyːlɡ# | #fʒɱˈylɡ# | #fʒɱˈylɡ# {GOLD: #zmˈɔjlɛ#}
135    | #ˌeksˈossu# | #fʃˈɔːʃʃ# | #fʃˈɔːʃʃ# | #fʃˈɔʃʃ# | #fʃˈɔt͡ʃʃ# {GOLD: #ʃˈuʃ#}
136    | #ˌekspˌeiːtˈɑːre# | #fʃpəətˈie̯r# | #fʃpəətˈie̯ɾ# | #fʃpəətˈie̯ɾ# | #ft͡ʃpəətˈie̯ɾ# {GOLD: #ʃpətˈɔj#}
137    | #ˌekspˌeˈiːtu# | #fʃpˈiːt# | #fʃpˈiːt# | #fʃpˈit# | #ft͡ʃpˈit# {GOLD: #ʃpˈɛjtə#}
138    | #ˌekspˌelɑˈɑːre# | #fʃpəlˈiːe̯r# | #fʃpəlˈiːe̯ɾ# | #fʃpəlˈie̯ɾ# | #ft͡ʃpəlˈie̯ɾ# {GOLD: #ʃpəlˈaj#}
139    | #ˌekspˌelːɑˈɑːre# | #fʃpəlːˈiːe̯r# | #fʃpəlˠˈiːe̯ɾ# | #fʃpəlˠˈie̯ɾ# | #ft͡ʃpəlˠˈie̯ɾ# {GOLD: #ʃpəɾlˈaj#}
140    | #ˌeksplikˈɑːre# | #fʃplkˈie̯r# | #fʃpʎkˈie̯ɾ# | #fʃpjkˈie̯ɾ# | #ft͡ʃpjcˈie̯ɾ# {GOLD: #ʃpjɛɡˈɔj#}
141    | #ˌeksriːmˈaːriː# | #fʃrəmˈaːr# | #fʒɾə̃ɱˈaːɾ# | #fʒɾəɱˈaɾ# | #fʒɾəɱˈaɾ# {GOLD: #hɛɾmˈɔj#}
142    | #ˌekstˌenbˈɑːre# | #fʃtənbˈie̯r# | #fʃtə̃nbˈie̯ɾ# | #fʃtənbˈie̯ɾ# | #ft͡ʃtənbˈie̯ɾ# {GOLD: #ʃtərˈɔj#}
143    | #ˌeksˌunɡulːˈɑːre# | #fʃənɡəlːˈie̯r# | #fʃə̃nɡəlˠˈie̯ɾ# | #fʃənɡəlˠˈie̯ɾ# | #fʃənɡəlˠˈie̯ɾ# {GOLD: #ʃuŋɡulˠˈɔj#}
144    | #ˌeksbiɡilːˈɑːre# | #fʃbəɡəlːˈie̯r# | #fʒbəɡəlˠˈie̯ɾ# | #fʒbəɡəlˠˈie̯ɾ# | #fʒbəɡəlˠˈie̯ɾ# {GOLD: #zɟˈɔj#}
145    | #ˈeːku# | #ˈɛk# | #hˈɛk# | #hˈɛk# | #hˈɛk# {GOLD: #jˈɛh#}
146    | #ˌepˈiskˈopu# | #pˈɛːʃkˈɔp# | #pˈɛːʃkˈɔp# | #pˈɛʃkˈɔp# | #pˈɛt͡ʃkˈɔp# {GOLD: #pɛʃkˈɔp#}
147    | #ˌepˈiskəpu# | #pˈɛːʃkɜp# | #pˈɛːʃkɜp# | #pˈɛʃkɜp# | #pˈɛt͡ʃkɜp# {GOLD: #upˈɛʃkəp#}
148    | #ˌeːraːikˈɑːre# | #rəəkˈie̯r# | #ɾəəkˈie̯ɾ# | #ɾəəkˈie̯ɾ# | #ɾəəcˈie̯ɾ# {GOLD: #rəɟˈɔj#}
149    | #ˌeːriːkju# | #r?kj# | #ɾ?kj# | #ɾ?c# | #ɾ?c# {GOLD: #iɾˈic#}
150    | #ˌerbˈilɑ# | #ərbˈɛːl# | #həɾbˈɛːl# | #həɾbˈɛl# | #həɾbˈɛl# {GOLD: #rˈylə#}
151    | #ˈeːskɑ# | #ˈiːʃk# | #hˈiːʃk# | #hˈiʃk# | #hˈit͡ʃk# {GOLD: #ˈɛʃkə#}
152    | #ˌet# | #t# | #t# | #t# | #t# {GOLD: #e#}
153    | #ˌeːɑnɡˈeʎu# | #anɡˈiːʎ# | #hə̃nɡˈiːʎ# | #hənɡˈij# | #hənɟˈij# {GOLD: #uŋɟˈilˠ#}
154    | #fˈɑrəkɑ# | #fˈaːrɜk# | #fˈaːɾɜk# | #fˈaɾɜk# | #fˈaɾɜk# {GOLD: #fˈaɾkə#}
155    | #fˈɑːɡu# | #fˈaɡ# | #fˈaɡ# | #fˈaɡ# | #fˈaɡ# {GOLD: #fˈaɡ#}
156    | #fˌɑlˈeːre# | #fəlˈiːr# | #fəlˈiːɾ# | #fəlˈiɾ# | #fəlˈiɾ# {GOLD: #fəjˈɛj#}
157    | #fˈɑlːu# | #fˈaːlː# | #fˈaːlˠ# | #fˈalˠ# | #fˈalˠ# {GOLD: #fˈaj#}
158    | #fˌɑlkˈiːɲɑ# | #fəlkˈiːɲ# | #fəʎkˈĩːɲ# | #fəjkˈiɲ# | #fəjcˈiɲ# {GOLD: #fəlcˈiɲə#}
159    | #fˌɑlkwˈɒːne# | #fəlkwˈye̯n# | #fəʎkwˈye̯n# | #fəjkwˈye̯n# | #fəjkwˈye̯n# {GOLD: #fajkˈua#}
160    | #fˈɑkjeː# | #fˈikj# | #fˈikj# | #fˈic# | #fˈic# {GOLD: #fˈacɛ#}
161    | #fˌɑktˈyːrɑ# | #fəft?r# | #fəft?ɾ# | #fəft?ɾ# | #fəft?ɾ# {GOLD: #fytˈyɾə#}
162    | #fˈɑːmɑ# | #fˈaːm# | #fˈəːɱb# | #fˈəɱb# | #fˈəɱb# {GOLD: #fˈamə#}
163    | #fˌɑmˈiʎɑ# | #fəmˈiːʎ# | #fə̃ɱˈiːʎ# | #fəɱˈij# | #fəɱˈij# {GOLD: #fəmˈijə#}
164    | #fˈɑməlːu# | #fˈaːmɜlː# | #fˈəːɱɜlˠ# | #fˈəɱɜlˠ# | #fˈəɱɜlˠ# {GOLD: #fˈamulˠ#}
165    | #fˌɑːrinˈɑːre# | #fərənˈie̯r# | #fəɾə̃ɾˈie̯ɾ# | #fəɾəɾˈie̯ɾ# | #fəɾəɾˈie̯ɾ# {GOLD: #fərˈɔj#}
166    | #fˌɑːrinˈɑːtɑ# | #fərənˈat# | #fəɾə̃ɾˈat# | #fəɾəɾˈat# | #fəɾəɾˈat# {GOLD: #fərˈatə#}
167    | #fˈɑskjɑ# | #fˈiːʃk# | #fˈiːʃk# | #fˈiʃk# | #fˈit͡ʃk# {GOLD: #fˈaʃcə#}
168    | #fˈɑːtu# | #fˈat# | #fˈat# | #fˈat# | #fˈat# {GOLD: #fˈat#}
169    | #fˌɑˈɑʎɑ# | #fˈɛːʎ# | #fˈɛːʎ# | #fˈɛj# | #fˈɛj# {GOLD: #fˈɛlə#}
170    | #fˌebrbˈɑːrju# | #fəbrbˈiːrj# | #fəbɾbˈiːɾj# | #fəbɾbˈiɾj# | #fəbɾbˈiɾj# {GOLD: #fɾˈuaɾ#}
171    | #fˈeːmənɑ# | #fˈɛːmɜn# | #fˈɛ̃ːɱɜ̃n# | #fˈɛɱɜn# | #fˈɛɱɜn# {GOLD: #fˈɛməɾ#}
172    | #fˌerːuscu# | #fˌɛrːuʃc# | #fˌɛruʃc# | #fˌɛruʃc# | #fˌɛrut͡ʃc# {GOLD: #fɾˈuʃkə#}
173    | #fˌeːtwˈøːsu# | #fətw?ʃ# | #fətw?ʃ# | #fətw?ʃ# | #fətw?ʃ# {GOLD: #fˈɔʃ#}
174    | #fˈie# | #fˈi# | #fˈi# | #fˈi# | #fˈi# {GOLD: #fˈɛ#}
175    | #fˌiˈɑːre# | #fˈiːe̯r# | #fˈiːe̯ɾ# | #fˈie̯ɾ# | #fˈie̯ɾ# {GOLD: #fɛjˈɔj#}
176    | #fˈiːku# | #fˈik# | #fˈik# | #fˈik# | #fˈik# {GOLD: #fˈik#}
177    | #fˌiːʎˈɑːnu# | #fəʎˈaːn# | #fəʎˈəːn# | #fəjˈən# | #fəjˈən# {GOLD: #fijˈaɾ#}
178    | #fˌiʎˈɑstər# | #fəʎˈaːʃtɜr# | #fəʎˈaːʃtɜɾ# | #fəjˈaʃtɜɾ# | #fəjˈat͡ʃtɜɾ# {GOLD: #θjˈɛʃtəɾ#}
179    | #fˈiːlːu# | #fˈiːlː# | #fˈiːlˠ# | #fˈilˠ# | #fˈilˠ# {GOLD: #fˈilˠ#}
180    | #fˌiriɡiʎˈiːnu# | #fərɡəʎˈiːn# | #fəɾɡəʎˈĩːn# | #fəɾɡəjˈin# | #fəɾɡəjˈin# {GOLD: #flˈi#}
181    | #fˌistˈikəlːɑ# | #fəʃtˈɛkɜlː# | #fəʃtˈɛkɜlˠ# | #fəʃtˈɛkɜlˠ# | #fət͡ʃtˈɛkɜlˠ# {GOLD: #fʃˈikulˠ#}
182    | #fˌistulːˈɑːre# | #fəʃtəlːˈie̯r# | #fəʃtəlˠˈie̯ɾ# | #fəʃtəlˠˈie̯ɾ# | #fət͡ʃtəlˠˈie̯ɾ# {GOLD: #fiʃkəlˠˈɔj#}
183    | #flˈɑkəlːɑ# | #flˈakɜlː# | #flˈakɜlˠ# | #flˈakɜlˠ# | #flˈakɜlˠ# {GOLD: #flˈakə#}
184    | #fˈɑkəlːɑ# | #fˈakɜlː# | #fˈakɜlˠ# | #fˈakɜlˠ# | #fˈakɜlˠ# {GOLD: #flˈakə#}
185    | #flˈɑkəlːɑ# | #flˈakɜlː# | #flˈakɜlˠ# | #flˈakɜlˠ# | #flˈakɜlˠ# {GOLD: #flˈakəɾa#}
186    | #flˈɑːme# | #flˈɛːm# | #flˈɛ̃ːɱb# | #flˈɛɱb# | #flˈɛɱb# {GOLD: #flˈamə#}
187    | #flˈokku# | #flˈɔkk# | #flˈɔkk# | #flˈɔkk# | #flˈɔkk# {GOLD: #flˈɔk#}
188    | #flˌuktulːˈɑːre# | #fləftəlːˈie̯r# | #fləftəlˠˈie̯ɾ# | #fləftəlˠˈie̯ɾ# | #fləftəlˠˈie̯ɾ# {GOLD: #flutuɾˈɔj#}
189    | #fˌoʎˈɑːtɑ# | #fəʎˈat# | #fəʎˈat# | #fəjˈat# | #fəjˈat# {GOLD: #fɔjlˈɛtə#}
190    | #fˌormˈelɑ# | #fərmˈɛːl# | #fəɾɱˈɛːl# | #fəɾɱˈɛl# | #fəɾɱˈɛl# {GOLD: #fˈɔrbəl#}
191    | #fˈornəke# | #fˈɔːrnɜk# | #fˈɔːrɜk# | #fˈɔrɜk# | #fˈɔrɜk# {GOLD: #fˈuric#}
192    | #fˈorte# | #f?rt# | #f?ɾt# | #f?ɾt# | #f?ɾt# {GOLD: #fˈɔɾtə#}
193    | #fˌortˈyːnɑ# | #fərt?n# | #fəɾt?n# | #fəɾt?n# | #fəɾt?n# {GOLD: #fuɾtˈunə#}
194    | #fˈossɑ# | #fˈɔːʃʃ# | #fˈɔːʃʃ# | #fˈɔʃʃ# | #fˈɔt͡ʃʃ# {GOLD: #fˈuʃə#}
195    | #fˌossˈɑːtu# | #fəʃʃˈat# | #fəʃʃˈat# | #fəʃʃˈat# | #fət͡ʃʃˈat# {GOLD: #fʃˈat#}
196    | #frˈɑksənu# | #frˈaːfʃɜn# | #fɾˈaːfʃɜ̃n# | #fɾˈafʃɜn# | #fɾˈafʃɜn# {GOLD: #fɾˈaʃəɾ#}
197    | #frˈeːnɑ# | #frˈɛːn# | #fɾˈɛ̃ːn# | #fɾˈɛn# | #fɾˈɛn# {GOLD: #fɾˈɛɾə#}
198    | #frˈeːnu# | #frˈɛːn# | #fɾˈɛ̃ːn# | #fɾˈɛn# | #fɾˈɛn# {GOLD: #fɾˈɛ#}
199    | #frˈiːɡəre# | #frˈiɡɜr# | #fɾˈiɡɜɾ# | #fɾˈiɡɜɾ# | #fɾˈiɡɜɾ# {GOLD: #fəɾɡˈɔj#}
200    | #frˌiːɡulːˈɑːre# | #frɡəlːˈie̯r# | #fɾɡəlˠˈie̯ɾ# | #fɾɡəlˠˈie̯ɾ# | #fɾɡəlˠˈie̯ɾ# {GOLD: #fəɾɡəlˠˈɔj#}
201    | #frˌikˈɑːre# | #frkˈie̯r# | #fɾkˈie̯ɾ# | #fɾkˈie̯ɾ# | #fɾcˈie̯ɾ# {GOLD: #fəɾkˈɔj#}
202    | #frˌiktˈɑːrjɑ# | #frəftˈiːr# | #fɾəftˈiːɾ# | #fɾəftˈiɾ# | #fɾəftˈiɾ# {GOLD: #fultˈɛrɛ#}
203    | #frˈyːktu# | #fr?ft# | #fɾ?ft# | #fɾ?ft# | #fɾ?ft# {GOLD: #fɾˈyt#}
204    | #fˈulkju# | #fˈyːlkj# | #fˈyːʎkj# | #fˈyjc# | #fˈyjc# {GOLD: #fucˈi#}
205    | #fˌundˈɑːrjɑ# | #fəndˈiːr# | #mə̃ndˈiːɾ# | #məndˈiɾ# | #məndˈiɾ# {GOLD: #fənˈɛɾ#}
206    | #fˈundu# | #fˈuːnd# | #mˈũːnd# | #mˈund# | #mˈund# {GOLD: #fˈund#}
207    | #fˈurkɑ# | #fˈuːrk# | #fˈuːɾk# | #fˈuɾk# | #fˈuɾk# {GOLD: #fˈuɾkə#}
208    | #fˈurnu# | #fˈuːrn# | #fˈuːɾn# | #fˈuɾn# | #fˈuɾn# {GOLD: #fˈur#}
209    | #fˈuskənɑ# | #fˈuːʃkɜn# | #fˈuːʃkɜ̃n# | #fˈuʃkɜn# | #fˈut͡ʃkɜn# {GOLD: #fˈuʒɲə#}
210    | #fˌuskinˈɑːrju# | #fəʃkənˈiːrj# | #fəʃkə̃ɾˈiːɾj# | #fəʃkəɾˈiɾj# | #fət͡ʃkəɾˈiɾj# {GOLD: #fuʒɲˈaɾ#}
211    | #fˈustəlːu# | #fˈuːʃtɜlː# | #fˈuːʃtɜlˠ# | #fˈuʃtɜlˠ# | #fˈut͡ʃtɜlˠ# {GOLD: #fˈuʃtulˠ#}
212    | #ɡˈɑlbənu# | #ɡˈaːlbɜn# | #ɡˈaːlbɜ̃n# | #ɡˈalbɜn# | #ɡˈalbɜn# {GOLD: #ɟˈɛlbəɾ#}
213    | #ɡˈɑlɡəlːu# | #ɡˈaːlɡɜlː# | #ɡˈaːlɡɜlˠ# | #ɡˈalɡɜlˠ# | #ɡˈalɡɜlˠ# {GOLD: #ɡˈaɾɡulˠ#}
214    | #ɡˌɑlːˈɑːtjɑ# | #ɡəlːˈi?# | #ɡəlˠˈi?# | #ɡəlˠˈi?# | #ɡəlˠˈi?# {GOLD: #ɡlˈasə#}
215    | #ɡˈɑliː# | #ɡˈɛːl# | #ɡˈɛːl# | #ɡˈɛl# | #ɟˈɛl# {GOLD: #ɟˈɛl#}
216    | #ɡˈɑttɑ# | #ɡˈatt# | #ɡˈatt# | #ɡˈatt# | #ɡˈatt# {GOLD: #ɡˈatə#}
217    | #ɡˈɑttu# | #ɡˈatt# | #ɡˈatt# | #ɡˈatt# | #ɡˈatt# {GOLD: #ɡˈat#}
218    | #ɡˈɑwdju# | #ɡˈiw?# | #ɡˈiw?# | #ɡˈiw?# | #ɟˈiw?# {GOLD: #ɡˈaz#}
219    | #ɡˈeməre# | #ɡˈɛːmɜr# | #ɡˈɛ̃ːɱɜɾ# | #ɡˈɛɱɜɾ# | #ɟˈɛɱɜɾ# {GOLD: #ɟəmˈɔj#}
220    | #ɡˈenəstrɑ# | #ɡˈɛːnɜʃtr# | #ɡˈɛ̃ːɾɜʃtɾ# | #ɡˈɛɾɜʃtɾ# | #ɟˈɛɾɜt͡ʃtɾ# {GOLD: #ɟˈɛʃtəɾ#}
221    | #ɡˈente# | #ɡˈiːnd# | #ɡˈĩːnd# | #ɡˈind# | #ɟˈind# {GOLD: #ɟˈind#}
222    | #ɡjˈorɡju# | #ɡj?rɡj# | #ɡj?ɾɡj# | #ɟ?ɾɟ# | #ɟ?ɾɟ# {GOLD: #ɟˈɛɾɟ#}
223    | #ɡlˈɑnde# | #ɡlˈɛːnd# | #ɡʎˈɛ̃ːnd# | #ɟˈɛnd# | #ɟˈɛnd# {GOLD: #lˈəndə#}
224    | #ɡlˈɑndəlːɑ# | #ɡlˈaːndɜlː# | #ɡʎˈəːndɜlˠ# | #ɟˈəndɜlˠ# | #ɟˈəndɜlˠ# {GOLD: #ɟˈəndəɾ#}
225    | #ɡlˈemu# | #ɡlˈɛːm# | #ɡʎˈɛ̃ːɱb# | #ɟˈɛɱb# | #ɟˈɛɱb# {GOLD: #lˈəm#}
226    | #ɡlˈiːre# | #ɡlˈiːr# | #ɡʎˈiːɾ# | #ɟˈiɾ# | #ɟˈiɾ# {GOLD: #ɟˈɛɾ#}
227    | #ɡlˌoelˈɑːre# | #ɡləəlˈie̯r# | #ɡʎəəlˈie̯ɾ# | #ɟəəlˈie̯ɾ# | #ɟəəlˈie̯ɾ# {GOLD: #cuplˈɔj#}
228    | #ɡlˌomerˈɑːtɑ# | #ɡləmərˈat# | #ɡʎə̃ɱəɾˈat# | #ɟəɱəɾˈat# | #ɟəɱəɾˈat# {GOLD: #ɡɾəməɾˈatə#}
229    | #ɡrˈeːku# | #ɡrˈɛk# | #ɡɾˈɛk# | #ɡɾˈɛk# | #ɡɾˈɛk# {GOLD: #ɡˈəɾk#}
230    | #ɡrˈeːku# | #ɡrˈɛk# | #ɡɾˈɛk# | #ɡɾˈɛk# | #ɡɾˈɛk# {GOLD: #ɡɾˈɛk#}
231    | #ɡrˈɑkəʎi# | #ɡrˈakɜʎ# | #ɡɾˈakɜʎ# | #ɡɾˈakɜj# | #ɡɾˈakɜj# {GOLD: #ɡrilˠ#}
232    | #ɡrˈɑːme# | #ɡrˈɛːm# | #ɡɾˈɛ̃ːɱb# | #ɡɾˈɛɱb# | #ɡɾˈɛɱb# {GOLD: #ɡrˈam#}
233    | #ɡrˈeɡe# | #ɡrˈiɡ# | #ɡɾˈiɡ# | #ɡɾˈiɡ# | #ɡɾˈiɡ# {GOLD: #ɡɾˈiɟ#}
234    | #ɡrˈemju# | #ɡrˈiːmj# | #ɡɾˈĩːɱj# | #ɡɾˈiɱj# | #ɡɾˈiɱj# {GOLD: #ɡɾˈɛmb#}
235    | #ɡrˈipsɑ# | #ɡrˈɛpʃ# | #ɡɾˈɛpʃ# | #ɡɾˈɛpʃ# | #ɡɾˈɛpʃ# {GOLD: #ɡrˈifʃə#}
236    | #ɡrbˈilɑ# | #ɡrbˈɛːl# | #ɡɾbˈɛːl# | #ɡɾbˈɛl# | #ɡɾbˈɛl# {GOLD: #kɔjɾˈilə#}
237    | #ɡrˈyːməlːu# | #ɡrˈye̯mɜlː# | #ɡɾˈye̯ɱɜlˠ# | #ɡɾˈye̯ɱɜlˠ# | #ɡɾˈye̯ɱɜlˠ# {GOLD: #ɡɾˈumbulˠ#}
238    | #ɡˈulːɑ# | #ɡˈuːlː# | #ɡˈuːlˠ# | #ɡˈulˠ# | #ɡˈulˠ# {GOLD: #ɡˈɔjə#}
239    | #ɡˈummɑ# | #ɡˈuːmm# | #ɡˈũːɱɱb# | #ɡˈuɱɱb# | #ɡˈuɱɱb# {GOLD: #ɡˈɔmə#}
240    | #ɡˈunːɑ# | #ɡˈuːnː# | #ɡˈũːn# | #ɡˈun# | #ɡˈun# {GOLD: #ɡˈunə#}
241    | #ɡˈuttɑ# | #ɡˈutt# | #ɡˈutt# | #ɡˈutt# | #ɡˈutt# {GOLD: #ɡˈutə#}
242    | #hˈɑstɑ# | #hˈaːʃt# | #hˈaːʃt# | #hˈaʃt# | #hˈat͡ʃt# {GOLD: #hˈɛʃtə#}
243    | #hˌɑstˈiːʎɑ# | #həʃtˈiːʎ# | #həʃtˈiːʎ# | #həʃtˈij# | #hət͡ʃtˈij# {GOLD: #ʃtˈijə#}
244    | #hˌiernˈiːnu# | #həərnˈiːn# | #həərˈĩːn# | #həərˈin# | #həərˈin# {GOLD: #vərˈi#}
245    | #hˈinːəkəlːɑ# | #hˈɛːnːɜkɜlː# | #hˈɛ̃ːnɜkɜlˠ# | #hˈɛnɜkɜlˠ# | #hˈɛnɜkɜlˠ# {GOLD: #hˈiŋɡəl#}
246    | #hˌinːikulːˈɑːre# | #hənːəkəlːˈie̯r# | #hə̃nəkəlˠˈie̯ɾ# | #hənkəlˠˈie̯ɾ# | #hənkəlˠˈie̯ɾ# {GOLD: #hiŋɡəlˠˈɔj#}
247    | #hˈebdəmɑ# | #hˈɛbdɜm# | #hˈɛbdɜ̃ɱb# | #hˈɛbdɜɱb# | #hˈɛbdɜɱb# {GOLD: #javə#}
248    | #hˌernizˈɑːre# | #hərnəzˈie̯r# | #hərəzˈie̯ɾ# | #hərəzˈie̯ɾ# | #hərəzˈie̯ɾ# {GOLD: #ɾənd͡zˈɔj#}
249    | #honwˈɒːre# | #hənwˈye̯r# | #hə̃nwˈye̯ɾ# | #hənwˈye̯ɾ# | #hənwˈye̯ɾ# {GOLD: #ndˈɛɾ#}
250    | #hwˈɒːrɑ# | #hwˈɔːr# | #hwˈɔːɾ# | #hwˈɔɾ# | #hwˈɔɾ# {GOLD: #hˈɛrə#}
251    | #hˌorːˈeːre# | #hərːˈiːr# | #hərˈiːɾ# | #hərˈiɾ# | #hərˈiɾ# {GOLD: #urˈɛj#}
252    | #hˌospˈitju# | #həʃpˈi?# | #həʃpˈi?# | #həʃpˈi?# | #hət͡ʃpˈi?# {GOLD: #ʃtəpˈi#}
253    | #ɟˈɑːnbɑ# | #ɟˈaːnb# | #ɟˈəːnb# | #ɟˈənb# | #ɟˈənb# {GOLD: #ɟˈua#}
254    | #ɟˌɑːnbˈɑːrju# | #ɟənbˈiːrj# | #ɟə̃nbˈiːɾj# | #ɟənbˈiɾj# | #ɟənbˈiɾj# {GOLD: #janˈaɾ#}
255    | #ɟjjyːnˈɑːre# | #ɟjjənˈie̯r# | #ɟjjə̃ɾˈie̯ɾ# | #ɟjjəɾˈie̯ɾ# | #ɟjjəɾˈie̯ɾ# {GOLD: #ɟəɾˈɔj#}
256    | #ˈiːʎɑ# | #ˈiːʎ# | #hˈiːʎ# | #hˈij# | #hˈij# {GOLD: #ˈijə#}
257    | #ˈiːʎəke# | #ˈiːʎɜk# | #hˈiːʎɜk# | #hˈijɜk# | #hˈijɜk# {GOLD: #ˈilcə#}
258    | #ˌiːʎikˈeːtu# | #ʎkˈɛt# | #ʎkˈɛt# | #jkˈɛt# | #jcˈɛt# {GOLD: #ilcˈɛt#}
259    | #ˌimpɑrˈɑːre# | #əmbərˈie̯r# | #hə̃ɱbəɾˈie̯ɾ# | #həɱbəɾˈie̯ɾ# | #həɱbəɾˈie̯ɾ# {GOLD: #mbɾˈɔj#}
260    | #ˌimperˈɑːtu# | #əmbərˈat# | #hə̃ɱbəɾˈat# | #həɱbəɾˈat# | #həɱbəɾˈat# {GOLD: #mbɾˈɛt#}
261    | #ˌimplɑntˈɑːre# | #əmbləndˈie̯r# | #hə̃ɱblə̃ndˈie̯ɾ# | #həɱbləndˈie̯ɾ# | #həɱbləndˈie̯ɾ# {GOLD: #mbəltˈɔj#}
262    | #ˌimplˈeːre# | #əmblˈiːr# | #hə̃ɱblˈiːɾ# | #həɱblˈiɾ# | #həɱblˈiɾ# {GOLD: #mblˈɔj#}
263    | #ˌimmˈyːne# | #əmmˈye̯n# | #hə̃ɱɱˈye̯n# | #həɱɱˈye̯n# | #həɱɱˈye̯n# {GOLD: #mˈu#}
264    | #ˌinˈɑwrətˈɑːre# | #nˈaːrtˈie̯r# | #nˈaːɾtˈie̯ɾ# | #nˈaɾtˈie̯ɾ# | #nˈaɾtˈie̯ɾ# {GOLD: #naɾtˈɔj#}
265    | #ˌindˈeːspəkˈɑːri# | #əndˈiːʃpəkˈie̯r# | #hə̃ndˈiːʃpəkˈie̯ɾ# | #həndˈiʃpəkˈie̯ɾ# | #həndˈit͡ʃpəcˈie̯ɾ# {GOLD: #ndəʃkˈɔj#}
266    | #ˌindikˈɑːre# | #əndəkˈie̯r# | #hə̃ndəkˈie̯ɾ# | #həndəkˈie̯ɾ# | #həndəcˈie̯ɾ# {GOLD: #ndikˈɔj#}
267    | #ˌindikˈeːre# | #əndəkˈiːr# | #hə̃ndəkˈiːɾ# | #həndəkˈiɾ# | #həndəcˈiɾ# {GOLD: #dəkˈɔj#}
268    | #ˌindijtˈɑːre# | #əndəjtˈie̯r# | #hə̃ndəjtˈie̯ɾ# | #həndəjtˈie̯ɾ# | #həndəjtˈie̯ɾ# {GOLD: #dəftˈɔj#}
269    | #ˌindireːjtˈɑːre# | #əndərəjtˈie̯r# | #hə̃ndəɾəjtˈie̯ɾ# | #həndəɾəjtˈie̯ɾ# | #həndəɾəjtˈie̯ɾ# {GOLD: #ndəɾtˈɔj#}
270    | #ˌindireːjtu# | #əndɛrɛjt# | #hə̃ndɛɾɛjt# | #həndɛɾɛjt# | #həndɛɾɛjt# {GOLD: #ndɾˈɛc#}
271    | #ˌindulɡˈeːre# | #əndəlɡˈiːr# | #hə̃ndəlɡˈiːɾ# | #həndəlɡˈiɾ# | #həndəlɟˈiɾ# {GOLD: #ndjˈɛj#}
272    | #ˌiːfˌɑskjˈɑːre# | #fəʃkjˈie̯r# | #fəʃkjˈie̯ɾ# | #fəʃcˈie̯ɾ# | #fət͡ʃcˈie̯ɾ# {GOLD: #faʃcˈɔj#}
273    | #ˌiːfˈernu# | #fˈɛːrn# | #fˈɛːɾn# | #fˈɛɾn# | #fˈɛɾn# {GOLD: #fˈɛr#}
274    | #ˌinɡɑnːˈɑːre# | #ənɡənːˈie̯r# | #hə̃nɡə̃nˈie̯ɾ# | #hənɡənˈie̯ɾ# | #hənɡənˈie̯ɾ# {GOLD: #ŋɡəɲˈɛj#}
275    | #ˌinɡrˈɑːtɑ# | #ənɡrˈat# | #hə̃nɡɾˈat# | #hənɡɾˈat# | #hənɡɾˈat# {GOLD: #ŋɡrˈatə#}
276    | #ˌinimˈiːku# | #nəmˈik# | #nə̃ɱˈik# | #nəɱˈik# | #nəɱˈik# {GOLD: #aɾmˈik#}
277    | #ˌinkˌɑɑlikˈɑːre# | #ənɡəəlkˈie̯r# | #hə̃nɡəəʎkˈie̯ɾ# | #hənɡəəjkˈie̯ɾ# | #hənɡəəjcˈie̯ɾ# {GOLD: #ŋɡalkˈɔj#}
278    | #ˌinkˌɑrːikˈɑːre# | #ənɡərːəkˈie̯r# | #hə̃nɡərəkˈie̯ɾ# | #hənɡərəkˈie̯ɾ# | #hənɡərəcˈie̯ɾ# {GOLD: #ŋɡaɾkˈɔj#}
279    | #ˌinkɑstiɡˈɑːre# | #ənfʃtəɡˈie̯r# | #hə̃nfʃtəɡˈie̯ɾ# | #hənfʃtəɡˈie̯ɾ# | #hənft͡ʃtəɟˈie̯ɾ# {GOLD: #ndəʃkˈɔj#}
280    | #ˌinkˈɑwsənˈɑːre# | #ənɡˈaːʃənˈie̯r# | #hə̃nɡˈaːʃə̃ɾˈie̯ɾ# | #hənɡˈaʃəɾˈie̯ɾ# | #hənɡˈaʃəɾˈie̯ɾ# {GOLD: #ŋɡaʃəɾˈɛj#}
281    | #ˌinkwˌøːswɒːlːˈɑːre# | #ənɡwəʃwəlːˈie̯r# | #hə̃nɡwəʃwəlˠˈie̯ɾ# | #hənɡwəʃwəlˠˈie̯ɾ# | #hənɡwəʃwəlˠˈie̯ɾ# {GOLD: #ŋɡuʃəlˠˈɔj#}
282    | #ˌinkˈue# | #ənɡˈy# | #hə̃nɡˈy# | #hənɡˈy# | #hənɟˈy# {GOLD: #kˈuð#}
283    | #ˌinkˈuəne# | #ənɡˈuːn# | #hə̃nɡˈũːn# | #hənɡˈun# | #hənɡˈun# {GOLD: #kˈuðəɾ#}
284    | #ˌinkˌuɲˈɑːre# | #ənɡəɲˈie̯r# | #hə̃nɡə̃ɲˈie̯ɾ# | #hənɡəɲˈie̯ɾ# | #hənɡəɲˈie̯ɾ# {GOLD: #ŋɡujˈɔj#}
285    | #ˌinːˈoku# | #nːˈɔk# | #nˈɔk# | #nˈɔk# | #nˈɔk# {GOLD: #nˈɔkə#}
286    | #ˌinˈoffəlːɑ# | #nˈɔːffɜlː# | #nˈɔːffɜlˠ# | #nˈɔffɜlˠ# | #nˈɔffɜlˠ# {GOLD: #nˈɔfulˠ#}
287    | #ˌiːsˈiɲɑ# | #ʃˈiːɲ# | #ʃˈĩːɲ# | #ʃˈiɲ# | #ʃˈiɲ# {GOLD: #ʃˈɛɲə#}
288    | #ˈiːsəlːɑ# | #ˈiːʃɜlː# | #hˈiːʃɜlˠ# | #hˈiʃɜlˠ# | #hˈiʃɜlˠ# {GOLD: #ˈiʃulˠ#}
289    | #ˌinteliɡˈeːre# | #əntəlɡˈiːr# | #hə̃ntəlɡˈiːɾ# | #həntəlɡˈiɾ# | #həntəlɟˈiɾ# {GOLD: #ndəɟˈɔj#}
290    | #ˌintˈinɡəre# | #əndˈɛːnɡɜr# | #hə̃ndˈɛ̃ːnɡɜɾ# | #həndˈɛnɡɜɾ# | #həndˈɛnɡɜɾ# {GOLD: #ɲɟˈyɛj#}
291    | #intˌer# | #əndˌɛr# | #hə̃ndˌɛɾ# | #həndˌɛɾ# | #həndˌɛɾ# {GOLD: #ndəɾ#}
292    | #ˌinbˈernu# | #ənbˈɛːrn# | #hə̃nbˈɛːɾn# | #hənbˈɛɾn# | #hənbˈɛɾn# {GOLD: #vˈɛr#}
293    | #ˌinbˌidjˈɑːre# | #ənbə?ˈie̯r# | #hə̃nbə?ˈie̯ɾ# | #hənbə?ˈie̯ɾ# | #hənbə?ˈie̯ɾ# {GOLD: #mizˈɔj#}
294    | #ˌinbiːtˈɑːre# | #ənbətˈie̯r# | #hə̃nbətˈie̯ɾ# | #hənbətˈie̯ɾ# | #hənbətˈie̯ɾ# {GOLD: #ftˈɔj#}
295    | #ˌinbitjˈɑːre# | #ənbə?ˈie̯r# | #hə̃nbə?ˈie̯ɾ# | #hənbə?ˈie̯ɾ# | #hənbə?ˈie̯ɾ# {GOLD: #məsˈɔj#}
296    | #ɟwˌøːhˈɑnːe# | #ɟwəhˈɛːnː# | #ɟwəhˈɛ̃ːn# | #ɟwəhˈɛn# | #ɟwəhˈɛn# {GOLD: #ɟˈɔn#}
297    | #ɟwˌøːhˈɑnːe# | #ɟwəhˈɛːnː# | #ɟwəhˈɛ̃ːn# | #ɟwəhˈɛn# | #ɟwəhˈɛn# {GOLD: #ɟˈɔn#}
298    | #ɟˈoku# | #ɟˈɔk# | #ɟˈɔk# | #ɟˈɔk# | #ɟˈɔk# {GOLD: #hˈɔkə#}
299    | #ɟwˌøːsˈeːpu# | #ɟwəʃˈɛp# | #ɟwəʃˈɛp# | #ɟwəʃˈɛp# | #ɟwəʃˈɛp# {GOLD: #jɔzˈif#}
300    | #ɟwˌøːsˈeːpu# | #ɟwəʃˈɛp# | #ɟwəʃˈɛp# | #ɟwəʃˈɛp# | #ɟwəʃˈɛp# {GOLD: #jɔzˈɛf#}
301    | #ɟwˌøːsˈeːpu# | #ɟwəʃˈɛp# | #ɟwəʃˈɛp# | #ɟwəʃˈɛp# | #ɟwəʃˈɛp# {GOLD: #zˈɛf#}
302    | #ˈiːrɑ# | #ˈiːr# | #hˈiːɾ# | #hˈiɾ# | #hˈiɾ# {GOLD: #ˈiɾə#}
303    | #ɟˌyːikˈɑːre# | #ɟəəkˈie̯r# | #ɟəəkˈie̯ɾ# | #ɟəəkˈie̯ɾ# | #ɟəəcˈie̯ɾ# {GOLD: #ɟykˈɔj#}
304    | #ɟˌyːikˈɑːtɑ# | #ɟəəkˈat# | #ɟəəkˈat# | #ɟəəkˈat# | #ɟəəkˈat# {GOLD: #ɟykˈatə#}
305    | #ɟˈyːəkju# | #ɟˈye̯ɜkj# | #ɟˈye̯ɜkj# | #ɟˈye̯ɜc# | #ɟˈye̯ɜc# {GOLD: #ɟˈyc#}
306    | #ɟˌyːnktˈyːrɑ# | #ɟənft?r# | #ɟə̃nft?ɾ# | #ɟənft?ɾ# | #ɟənft?ɾ# {GOLD: #ɟymtˈyɾə#}
307    | #ɟˈyːnktu# | #ɟ?nft# | #ɟ?nft# | #ɟ?nft# | #ɟ?nft# {GOLD: #ɟˈymtə#}
308    | #ɟˌyːrˈɑːre# | #ɟərˈie̯r# | #ɟəɾˈie̯ɾ# | #ɟəɾˈie̯ɾ# | #ɟəɾˈie̯ɾ# {GOLD: #ɟəɾˈɔj#}
309    | #ɟˌuˈenkɑ# | #ɟˈɛːnɡ# | #ɟˈɛ̃ːnɡ# | #ɟˈɛnɡ# | #ɟˈɛnɡ# {GOLD: #ɟˌuvˈɛŋɡə#}
310    | #kˌɑɑlˌɑrˈikju# | #kəələrˈikj# | #kəələɾˈikj# | #kəələɾˈic# | #kəələɾˈic# {GOLD: #kalˈɔɾəs#}
311    | #kˌɑˈɑlu# | #kˈaːl# | #kˈaːl# | #kˈal# | #kˈal# {GOLD: #kˈalə#}
312    | #kˈeːkɑ# | #kˈɛk# | #kˈɛk# | #kˈɛk# | #cˈɛk# {GOLD: #cˈɛkə#}
313    | #kˈeːlu# | #kˈɛːl# | #kˈɛːl# | #kˈɛl# | #cˈɛl# {GOLD: #cjˈɛlˠ#}
314    | #kˌɑlːɑmˈeːt̪u# | #kəlːəmˈɛt̪# | #kəlˠə̃ɱˈɛt̪# | #kəlˠəɱˈɛt̪# | #kəlˠəɱˈɛt̪# {GOLD: #kalˠmˈɛt#}
315    | #kˈɑlːəmu# | #kˈaːlːɜm# | #kˈaːlˠɜ̃ɱb# | #kˈalˠɜɱb# | #kˈalˠɜɱb# {GOLD: #kˈalˠm#}
316    | #kˌɑlːˈɑndeː# | #kəlːˈɛːnd# | #kəlˠˈɛ̃ːnd# | #kəlˠˈɛnd# | #kəlˠˈɛnd# {GOLD: #klˠˈanə#}
317    | #kˌɑʎendˈɑːrju# | #kəʎəndˈiːrj# | #kəʎə̃ndˈiːɾj# | #kəjəndˈiɾj# | #kəjəndˈiɾj# {GOLD: #kalˠnˈɔɾ#}
318    | #kˈɑʎəke# | #kˈɛːʎɜk# | #kˈɛːʎɜk# | #kˈɛjɜk# | #cˈɛjɜk# {GOLD: #cˈɛlc#}
319    | #kˌɑlkˈɑrjɑ# | #kəlkˈiːr# | #kəʎkˈiːɾ# | #kəjkˈiɾ# | #kəjcˈiɾ# {GOLD: #kəlcˈɛɾɛ#}
320    | #kˈɑlu# | #kˈaːl# | #kˈaːl# | #kˈal# | #kˈal# {GOLD: #cˈɛl#}
321    | #kˈɑltɑ# | #kˈaːlt# | #kˈaːlt# | #kˈalt# | #kˈalt# {GOLD: #kˈaltə#}
322    | #kˈɑltənu# | #kˈaːltɜn# | #kˈaːltɜ̃n# | #kˈaltɜn# | #kˈaltɜn# {GOLD: #kˈaltəɾ#}
323    | #kˈɑmbɑ# | #kˈaːmb# | #kˈəːɱb# | #kˈəɱb# | #kˈəɱb# {GOLD: #kˈəmbə#}
324    | #kˌɑmbˈiːre# | #kəmbˈiːr# | #kə̃ɱbˈiːɾ# | #kəɱbˈiɾ# | #kəɱbˈiɾ# {GOLD: #kəmbˈɛj#}
325    | #kˈɑmərɑ# | #kˈaːmɜr# | #kˈəːɱɜɾ# | #kˈəɱɜɾ# | #kˈəɱɜɾ# {GOLD: #cˈɛməɾ#}
326    | #kˌɑmpˈɑːnɑ# | #kəmbˈaːn# | #kə̃ɱbˈəːn# | #kəɱbˈən# | #kəɱbˈən# {GOLD: #kəmbˈaɾə#}
327    | #kˌɑmpˈonɑ# | #kəmbˈɔːn# | #kə̃ɱbˈɔ̃ːn# | #kəɱbˈɔn# | #kəɱbˈɔn# {GOLD: #kəmbˈɔɾə#}
328    | #kˌɑmˈiːsjɑ# | #kəmˈiːʃ# | #kə̃ɱˈiːʃ# | #kəɱˈiʃ# | #kəɱˈiʃ# {GOLD: #kˌəmˈiʃə#}
329    | #kˈɑnəpe# | #kˈaːnɜp# | #kˈəːɾɜp# | #kˈəɾɜp# | #kˈəɾɜp# {GOLD: #kˈəɾp#}
330    | #kˌɑndˈeːlːɑ# | #kəndˈɛːlː# | #kə̃ndˈɛːlˠ# | #kəndˈɛlˠ# | #kəndˈɛlˠ# {GOLD: #kəndˈɛlˠə#}
331    | #kˈɑne# | #kˈɛːn# | #kˈɛ̃ːn# | #kˈɛn# | #cˈɛn# {GOLD: #cˈɛn#}
332    | #kˈɑnːɑ# | #kˈaːnː# | #kˈəːn# | #kˈən# | #kˈən# {GOLD: #kˈanə#}
333    | #kˌɑnːˈeːtu# | #kənːˈɛt# | #kə̃nˈɛt# | #kənˈɛt# | #kənˈɛt# {GOLD: #kənˈɛt#}
334    | #kˌɑntˈɑːre# | #kəndˈie̯r# | #kə̃ndˈie̯ɾ# | #kəndˈie̯ɾ# | #kəndˈie̯ɾ# {GOLD: #kəndˈɔj#}
335    | #kˈɑntəri# | #kˈaːndɜr# | #kˈəːndɜɾ# | #kˈəndɜɾ# | #kˈəndɜɾ# {GOLD: #kˈandər#}
336    | #kˈɑntəru# | #kˈaːndɜr# | #kˈəːndɜɾ# | #kˈəndɜɾ# | #kˈəndɜɾ# {GOLD: #kˈandəɾ#}
337    | #kˈɑntəkɑ# | #kˈaːndɜk# | #kˈəːndɜk# | #kˈəndɜk# | #kˈəndɜk# {GOLD: #kˈənɡə#}
338    | #kˌɑntikˈɑlu# | #kəntəkˈaːl# | #kə̃ntəkˈaːl# | #kəntəkˈal# | #kəntəkˈal# {GOLD: #kəŋɟˈɛl#}
339    | #kˌɑːpwˈɒːne# | #kəpwˈye̯n# | #kəpwˈye̯n# | #kəpwˈye̯n# | #kəpwˈye̯n# {GOLD: #kapˈua#}
340    | #kˌɑppˈelɑ# | #kəppˈɛːl# | #kəppˈɛːl# | #kəppˈɛl# | #kəppˈɛl# {GOLD: #kapˈɛlə#}
341    | #kˈɑprɑ# | #kˈapr# | #kˈapɾ# | #kˈapɾ# | #kˈapɾ# {GOLD: #cˈɛpəɾ#}
342    | #kˌɑprjˈolːu# | #kəprjˈuo̯lː# | #kəpɾjˈuo̯lˠ# | #kəpɾjˈuo̯lˠ# | #kəpɾjˈuo̯lˠ# {GOLD: #kapɾˈualˠ#}
343    | #kˈɑprju# | #kˈiprj# | #kˈipɾj# | #kˈipɾj# | #cˈipɾj# {GOLD: #cˈɛpəɾ#}
344    | #kˌɑpissˈeːre# | #kəpəʃʃˈiːr# | #kəpəʃʃˈiːɾ# | #kəpəʃʃˈiɾ# | #kəpət͡ʃʃˈiɾ# {GOLD: #kafʃˈɔj#}
345    | #kˌɑːpwˈɒːne# | #kəpwˈye̯n# | #kəpwˈye̯n# | #kəpwˈye̯n# | #kəpwˈye̯n# {GOLD: #kapˈua#}
346    | #kˈɑptiː# | #kˈɛːft# | #kˈɛːft# | #kˈɛft# | #cˈɛft# {GOLD: #cˈɛft#}
347    | #kˌɑptjˈɑːtɑ# | #kəf?ˈat# | #kəf?ˈat# | #kəf?ˈat# | #kəf?ˈat# {GOLD: #kafʃˈatə#}
348    | #kˌɑpˈistru# | #kəpˈɛːʃtr# | #kəpˈɛːʃtɾ# | #kəpˈɛʃtɾ# | #kəpˈɛt͡ʃtɾ# {GOLD: #kəpɾˈɛʃə#}
349    | #kˌɑpitˈiːnɑ# | #kəpətˈiːn# | #kəpətˈĩːn# | #kəpətˈin# | #kəpətˈin# {GOLD: #kaptˈinə#}
350    | #kˌɑrˈɑːre# | #kərˈie̯r# | #kəɾˈie̯ɾ# | #kəɾˈie̯ɾ# | #kəɾˈie̯ɾ# {GOLD: #cəɾˈɔj#}
351    | #kˈɑrjeː# | #kˈiːrj# | #kˈiːɾj# | #kˈiɾj# | #cˈiɾj# {GOLD: #cˈɛrɛ#}
352    | #kˌɑrːjwˈøːsu# | #kərːjw?ʃ# | #kərjw?ʃ# | #kərjw?ʃ# | #kərjw?ʃ# {GOLD: #cɛɾos#}
353    | #kˌɑrminˈɑːre# | #kərmənˈie̯r# | #kəɾɱə̃ɾˈie̯ɾ# | #kəɾɱəɾˈie̯ɾ# | #kəɾɱəɾˈie̯ɾ# {GOLD: #kɛrɲˈɔj#}
354    | #kˈɑrːɑ# | #kˈaːrː# | #kˈaːr# | #kˈar# | #kˈar# {GOLD: #kˈarə#}
355    | #kˈɑrːiː# | #kˈɛːrː# | #kˈɛːr# | #kˈɛr# | #cˈɛr# {GOLD: #cˈɛr#}
356    | #kˌɑrːˈiːkəlːˈɑːre# | #kərːˈikəlːˈie̯r# | #kərˈikəlˠˈie̯ɾ# | #kərˈikəlˠˈie̯ɾ# | #kərˈikəlˠˈie̯ɾ# {GOLD: #kriklˠˈɔj#}
357    | #kˌɑrsˈɑːɲɑ# | #kərʃˈɛːɲ# | #kəɾʃˈɛ̃ːɲ# | #kəɾʃˈɛɲ# | #kəɾʃˈɛɲ# {GOLD: #ɡəɾʃˈəɾə#}
358    | #kˈɑrtɑ# | #kˈaːrt# | #kˈaːɾt# | #kˈaɾt# | #kˈaɾt# {GOLD: #kˈaɾtə#}
359    | #kˈɑsənɑ# | #kˈaːʃɜn# | #kˈaːʃɜ̃n# | #kˈaʃɜn# | #kˈaʃɜn# {GOLD: #cˈɛʃəɾ#}
360    | #kˌɑstˈɑɲɑ# | #fʃtˈɛːɲ# | #fʃtˈɛ̃ːɲ# | #fʃtˈɛɲ# | #ft͡ʃtˈɛɲ# {GOLD: #ɡəʃtˈɛɲə#}
361    | #kˌɑstɑnˈeːtu# | #fʃtənˈɛt# | #fʃtə̃ɾˈɛt# | #fʃtəɾˈɛt# | #ft͡ʃtəɾˈɛt# {GOLD: #kaʃɲˈɛt#}
362    | #kˌɑstˈelɑ# | #fʃtˈɛːl# | #fʃtˈɛːl# | #fʃtˈɛl# | #ft͡ʃtˈɛl# {GOLD: #kəʃtjˈɛlˠə#}
363    | #kˌɑstˈelu# | #fʃtˈɛːl# | #fʃtˈɛːl# | #fʃtˈɛl# | #ft͡ʃtˈɛl# {GOLD: #kəʃtjˈɛl#}
364    | #kˈɑsəlːɑ# | #kˈaːʃɜlː# | #kˈaːʃɜlˠ# | #kˈaʃɜlˠ# | #kˈaʃɜlˠ# {GOLD: #kˈat͡ʃulə#}
365    | #kˈɑwsa# | #kˈɛwʃ# | #kˈɛwʃ# | #kˈɛwʃ# | #cˈɛwʃ# {GOLD: #kˈafʃə#}
366    | #kˈɑlɑ# | #kˈaːl# | #kˈaːl# | #kˈal# | #kˈal# {GOLD: #cˈɛlə#}
367    | #kˌelˈɑːre# | #kəlˈie̯r# | #kəlˈie̯ɾ# | #kəlˈie̯ɾ# | #kəlˈie̯ɾ# {GOLD: #cəlˠˈɔj#}
368    | #kˈentu# | #kˈɛːnd# | #kˈɛ̃ːnd# | #kˈɛnd# | #cˈɛnd# {GOLD: #cˈind#}
369    | #kˈentru# | #kˈɛːndr# | #kˈɛ̃ːndɾ# | #kˈɛndɾ# | #cˈɛndɾ# {GOLD: #cˈɛndəɾ#}
370    | #kˌentrˈɑːre# | #kəndrˈie̯r# | #kə̃ndɾˈie̯ɾ# | #kəndɾˈie̯ɾ# | #kəndɾˈie̯ɾ# {GOLD: #cɛndɾˈɔj#}
371    | #kˈeːpɑ# | #kˈɛp# | #kˈɛp# | #kˈɛp# | #cˈɛp# {GOLD: #cepə#}
372    | #kˌeːpˈulɑ# | #kəpˈuːl# | #kəpˈuːl# | #kəpˈul# | #kəpˈul# {GOLD: #cɛpˈulɛ#}
373    | #kˌerasjˈɑːrju# | #kərəʃjˈiːrj# | #kəɾəʃjˈiːɾj# | #kəɾəʃjˈiɾj# | #kəɾəʃjˈiɾj# {GOLD: #cɛɾʃˈɔɾ#}
374    | #kˌereˈelu# | #kərˈɛːl# | #kəɾˈɛːl# | #kəɾˈɛl# | #kəɾˈɛl# {GOLD: #kɾˈɛl#}
375    | #kˌerˈeru# | #kərˈie̯r# | #kəɾˈie̯ɾ# | #kəɾˈie̯ɾ# | #kəɾˈie̯ɾ# {GOLD: #kɾˈyɛ#}
376    | #kˌerˈesjɑ# | #kərˈiːʃ# | #kəɾˈiːʃ# | #kəɾˈiʃ# | #kəɾˈiʃ# {GOLD: #cɛɾʃˈi#}
377    | #kˈɑrːu# | #kˈaːrː# | #kˈaːr# | #kˈar# | #kˈar# {GOLD: #cˈar#}
378    | #kˌerːˈeːtu# | #kərːˈɛt# | #kərˈɛt# | #kərˈɛt# | #kərˈɛt# {GOLD: #cɛrˈɛt#}
379    | #kˌersˈidrɑ# | #kərʃˈɛdr# | #kəɾʃˈɛdɾ# | #kəɾʃˈɛdɾ# | #kəɾʃˈɛdɾ# {GOLD: #kulʃˈɛdəɾ#}
380    | #kˌertˈɑːre# | #kərtˈie̯r# | #kəɾtˈie̯ɾ# | #kəɾtˈie̯ɾ# | #kəɾtˈie̯ɾ# {GOLD: #cəɾtˈɔj#}
381    | #kjˈeːre# | #kjˈiːr# | #kjˈiːɾ# | #cˈiɾ# | #cˈiɾ# {GOLD: #cˈɔj#}
382    | #kˌiːkˈaːʎa# | #kəkˈaːʎ# | #kəkˈaːʎ# | #kəkˈaj# | #kəkˈaj# {GOLD: #ɟinkˈalˠə#}
383    | #kˈikəre# | #kˈɛkɜr# | #kˈɛkɜɾ# | #kˈɛkɜɾ# | #cˈɛkɜɾ# {GOLD: #cˈicəɾ#}
384    | #kˌikˈor?ɑ# | #kək?r?# | #kək?ɾ?# | #kək?ɾj# | #kəc?ɾj# {GOLD: #kˈɔɾɛ#}
385    | #kˌikˈyːtɑ# | #kək?t# | #kək?t# | #kək?t# | #kəc?t# {GOLD: #kukˈutə#}
386    | #kˈiːməke# | #kˈiːmɜk# | #kˈĩːɱɜk# | #kˈiɱɜk# | #cˈiɱɜk# {GOLD: #cˈimkə#}
387    | #kˈinɡəlːɑ# | #kˈɛːnɡɜlː# | #kˈɛ̃ːnɡɜlˠ# | #kˈɛnɡɜlˠ# | #cˈɛnɡɜlˠ# {GOLD: #qˈiŋɡəl#}
388    | #kˌirkˈɑːre# | #kərkˈie̯r# | #kəɾkˈie̯ɾ# | #kəɾkˈie̯ɾ# | #kəɾcˈie̯ɾ# {GOLD: #kəɾkˈɔj#}
389    | #kˌirkˈɑlɑ# | #kərkˈaːl# | #kəɾkˈaːl# | #kəɾkˈal# | #kəɾkˈal# {GOLD: #kəɾcˈɛlə#}
390    | #kˌirkˈɑlu# | #kərkˈaːl# | #kəɾkˈaːl# | #kəɾkˈal# | #kəɾkˈal# {GOLD: #cˈɛɾθulˠ#}
391    | #kˈirkəlːu# | #kˈɛːrkɜlː# | #kˈɛːɾkɜlˠ# | #kˈɛɾkɜlˠ# | #cˈɛɾkɜlˠ# {GOLD: #cˈarkulˠ#}
392    | #kˈirku# | #kˈɛːrk# | #kˈɛːɾk# | #kˈɛɾk# | #cˈɛɾk# {GOLD: #cˈaɾk#}
393    | #kˈitru# | #kˈɛtr# | #kˈɛtɾ# | #kˈɛtɾ# | #cˈɛtɾ# {GOLD: #cˈitəɾ#}
394    | #kˌiːitˈɑːte# | #kəətˈɛt# | #kəətˈɛt# | #kəətˈɛt# | #kəətˈɛt# {GOLD: #cytˈɛt#}
395    | #klˌɑːmˈɑːre# | #kləmˈie̯r# | #kʎə̃ɱˈie̯ɾ# | #cəɱˈie̯ɾ# | #cəɱˈie̯ɾ# {GOLD: #ɟəmˈɔj#}
396    | #klˈɑːrtɑ# | #klˈaːrt# | #kʎˈaːɾt# | #cˈaɾt# | #cˈaɾt# {GOLD: #cˈaɾtə#}
397    | #klˌɑwsˈyːrɑ# | #kləʃ?r# | #kʎəʃ?ɾ# | #kəʃ?ɾ# | #kəʃ?ɾ# {GOLD: #kəlt͡sˈyɾə#}
398    | #klˌɑwsˈyːrɑ# | #kləʃ?r# | #kʎəʃ?ɾ# | #kəʃ?ɾ# | #kəʃ?ɾ# {GOLD: #kəʃˈyɾə#}
399    | #klˌeːmˈeːnte# | #kləmˈiːnd# | #kʎə̃mˈĩːnd# | #cəmˈind# | #cəmˈind# {GOLD: #kɛlmˈɛnd#}
400    | #klˌomˈostru# | #kləmˈɔːʃtr# | #kʎə̃ɱˈɔːʃtɾ# | #cəɱˈɔʃtɾ# | #cəɱˈɔt͡ʃtɾ# {GOLD: #cˌymˈəʃt#}
401    | #keːmptˈɑːre# | #kəmftˈie̯r# | #kə̃ɱftˈie̯ɾ# | #kəɱftˈie̯ɾ# | #kəɱftˈie̯ɾ# {GOLD: #cəmtˈɔj#}
402    | #kwˌøːɡitˈɑːre# | #kwəɡətˈie̯r# | #kwəɡətˈie̯ɾ# | #kwəɡətˈie̯ɾ# | #kwəɡətˈie̯ɾ# {GOLD: #kujtˈɔj#}
403    | #kˌoɲˈɑːtu# | #kəɲˈat# | #kə̃ɲˈat# | #kəɲˈat# | #kəɲˈat# {GOLD: #kunˈat#}
404    | #kˈiːre# | #kˈiːr# | #kˈiːɾ# | #kˈiɾ# | #cˈiɾ# {GOLD: #cˈij#}
405    | #kˌolːˈɑːre# | #kəlːˈie̯r# | #kəlˠˈie̯ɾ# | #kəlˠˈie̯ɾ# | #kəlˠˈie̯ɾ# {GOLD: #kulˠˈɔj#}
406    | #kˌolˈɑːre# | #kəlˈie̯r# | #kəlˈie̯ɾ# | #kəlˈie̯ɾ# | #kəlˈie̯ɾ# {GOLD: #kulˈaɾ#}
407    | #kˌoluktjˈɑːri# | #kələf?ˈie̯r# | #kələf?ˈie̯ɾ# | #kələf?ˈie̯ɾ# | #kələf?ˈie̯ɾ# {GOLD: #ɡult͡ʃˈɔj#}
408    | #kˌolejtˈɑːri# | #kələjtˈie̯r# | #kələjtˈie̯ɾ# | #kələjtˈie̯ɾ# | #kələjtˈie̯ɾ# {GOLD: #ɡultˈɔj#}
409    | #kˌolˈiːmətˈɑːre# | #kəlˈiːmtˈie̯r# | #kəlˈĩːɱtˈie̯ɾ# | #kəlˈiɱtˈie̯ɾ# | #kəlˈiɱtˈie̯ɾ# {GOLD: #ɟəmtˈɔj#}
410    | #kˌolːˈostru# | #kəlːˈɔːʃtr# | #kəlˠˈɔːʃtɾ# | #kəlˠˈɔʃtɾ# | #kəlˠˈɔt͡ʃtɾ# {GOLD: #kulˠˈɔʃtəɾ#}
411    | #kˌolːumnˈɑːtjɑ# | #kəlːəmnˈi?# | #kəlˠə̃ɱnˈi?# | #kəlˠəɱnˈi?# | #kəlˠəɱnˈi?# {GOLD: #kulˠumˈɛsə#}
412    | #kˈokkɑ# | #kˈɔkk# | #kˈɔkk# | #kˈɔkk# | #kˈɔkk# {GOLD: #kˈɔkə#}
413    | #kˈokkju# | #k?kkj# | #k?kkj# | #k?kc# | #c?kc# {GOLD: #kˈuc#}
414    | #kˈoksɑ# | #kˈɔːfʃ# | #kˈɔːfʃ# | #kˈɔfʃ# | #kˈɔfʃ# {GOLD: #kˈɔfʃə#}
415    | #kˌoktˈorju# | #kəft?rj# | #kəft?ɾj# | #kəft?ɾj# | #kəft?ɾj# {GOLD: #kɔftˈɔɾ#}
416    | #kˈomɑ# | #kˈɔːm# | #kˈɔ̃ːɱb# | #kˈɔɱb# | #kˈɔɱb# {GOLD: #kˈɔmə#}
417    | #kˌommˈerkju# | #kəmmˈiːrkj# | #kə̃ɱɱˈiːɾkj# | #kəɱɱˈiɾc# | #kəɱɱˈiɾc# {GOLD: #kumˈɛɾc#}
418    | #kˌommunikˈɑːre# | #kəmmənɡˈie̯r# | #kə̃ɱmə̃nɡˈie̯ɾ# | #kəɱmənɡˈie̯ɾ# | #kəɱmənɟˈie̯ɾ# {GOLD: #kˌuŋɡˈɔj#}
419    | #kˈompətər# | #kˈɔːmbɜtɜr# | #kˈɔ̃ːɱbɜtɜɾ# | #kˈɔɱbɜtɜɾ# | #kˈɔɱbɜtɜɾ# {GOLD: #kˈumtəɾ#}
420    | #kˌomputˈɑːre# | #kəmbətˈie̯r# | #kə̃ɱbətˈie̯ɾ# | #kəɱbətˈie̯ɾ# | #kəɱbətˈie̯ɾ# {GOLD: #kuptˈɔj#}
421    | #kˌomputˈɑːre# | #kəmbətˈie̯r# | #kə̃ɱbətˈie̯ɾ# | #kəɱbətˈie̯ɾ# | #kəɱbətˈie̯ɾ# {GOLD: #kumtˈɔj#}
422    | #kˈompətu# | #kˈɔːmbɜt# | #kˈɔ̃ːɱbɜt# | #kˈɔɱbɜt# | #kˈɔɱbɜt# {GOLD: #kˈumt#}
423    | #kwˌøːfˈiːɲu# | #kwəfˈiːɲ# | #kwəfˈĩːɲ# | #kwəfˈiɲ# | #kwəfˈiɲ# {GOLD: #kufˈi#}
424    | #kwˌøːsˈiʎu# | #kwəʃˈiːʎ# | #kwəʃˈiːʎ# | #kwəʃˈij# | #kwəʃˈij# {GOLD: #kəʃˈilˠ#}
425    | #kwˌøːskriptˈɑːre# | #kwəʃkrəftˈie̯r# | #kwəʃkɾəftˈie̯ɾ# | #kwəʃkɾəftˈie̯ɾ# | #kwət͡ʃkɾəftˈie̯ɾ# {GOLD: #kuʃtɾˈɔj#}
426    | #kwˌøːsorˈiːnu# | #kwəʃərˈiːn# | #kwəʃəɾˈĩːn# | #kwəʃəɾˈin# | #kwəʃəɾˈin# {GOLD: #kuʃəɾˈi#}
427    | #kwˈøːsəkər# | #kw?ʃɜkɜr# | #kw?ʃɜkɜɾ# | #kw?ʃɜkɜɾ# | #kw?ʃɜkɜɾ# {GOLD: #kɾˈuʃk#}
428    | #kwˌøːstˈɑːre# | #kwəʃtˈie̯r# | #kwəʃtˈie̯ɾ# | #kwəʃtˈie̯ɾ# | #kwət͡ʃtˈie̯ɾ# {GOLD: #kuʃtˈɔj#}
429    | #kwˈøːsəʎe# | #kw?ʃɜʎ# | #kw?ʃɜʎ# | #kw?ʃɜj# | #kw?ʃɜj# {GOLD: #kˈuʃulˠ#}
430    | #kˌontentˈɑːre# | #kəntəndˈie̯r# | #kə̃ntə̃ndˈie̯ɾ# | #kəntəndˈie̯ɾ# | #kəntəndˈie̯ɾ# {GOLD: #kutəndˈɔj#}
431    | #kˈontrɑː# | #kˈɔːndr# | #kˈɔ̃ːndɾ# | #kˈɔndɾ# | #kˈɔndɾ# {GOLD: #kˈundəɾ#}
432    | #kˌontrˈɑːrju# | #kəndrˈiːrj# | #kə̃ndɾˈiːɾj# | #kəndɾˈiɾj# | #kəndɾˈiɾj# {GOLD: #kundɾˈualˠ#}
433    | #kˌonˈukəlːɑ# | #kənˈukɜlː# | #kə̃ɾˈukɜlˠ# | #kəɾˈukɜlˠ# | #kəɾˈukɜlˠ# {GOLD: #konˈuɾkə#}
434    | #kˌonbˈentu# | #kənbˈɛːnd# | #kə̃nbˈɛ̃ːnd# | #kənbˈɛnd# | #kənbˈɛnd# {GOLD: #kuvˈɛnd#}
435    | #kopertˈyːrɑ# | #kəpərt?r# | #kəpəɾt?ɾ# | #kəpəɾt?ɾ# | #kəpəɾt?ɾ# {GOLD: #kyptˈyɾə#}
436    | #kˈorbəlːɑ# | #kˈɔːrbɜlː# | #kˈɔːɾbɜlˠ# | #kˈɔɾbɜlˠ# | #kˈɔɾbɜlˠ# {GOLD: #kˈɔɾbulˠə#}
437    | #kˈorðɑ# | #kˈɔːrð# | #kˈɔːɾð# | #kˈɔɾð# | #kˈɔɾð# {GOLD: #kˈɔɾðə#}
438    | #kˈorju# | #k?rj# | #k?ɾj# | #k?ɾj# | #c?ɾj# {GOLD: #kˈua#}
439    | #kˌornˈikəlːu# | #kərnˈɛkɜlː# | #kərˈɛkɜlˠ# | #kərˈɛkɜlˠ# | #kərˈɛkɜlˠ# {GOLD: #kɾɔŋɟˈilˠ#}
440    | #kˌornˈyːtɑ# | #kərn?t# | #kər?t# | #kər?t# | #kər?t# {GOLD: #kərˈutə#}
441    | #kˌorwˈɒːnɑ# | #kərwˈɔːn# | #kəɾwˈɔ̃ːn# | #kəɾwˈɔn# | #kəɾwˈɔn# {GOLD: #kuɾˈɔrə#}
442    | #kˈorpu# | #kˈɔːrp# | #kˈɔːɾp# | #kˈɔɾp# | #kˈɔɾp# {GOLD: #kˈɔɾp#}
443    | #kˈorte# | #k?rt# | #k?ɾt# | #k?ɾt# | #c?ɾt# {GOLD: #kˈurt#}
444    | #kˌortˈiːnɑ# | #kərtˈiːn# | #kəɾtˈĩːn# | #kəɾtˈin# | #kəɾtˈin# {GOLD: #kuɾtˈinə#}
445    | #kˌohˈorte# | #kəh?rt# | #kəh?ɾt# | #kəh?ɾt# | #kəh?ɾt# {GOLD: #kˈuɾt#}
446    | #kˈoru# | #kˈuo̯r# | #kˈuo̯ɾ# | #kˈuo̯ɾ# | #kˈuo̯ɾ# {GOLD: #kˈuaɾ#}
447    | #kˌorbˈiːnu# | #kərbˈiːn# | #kəɾbˈĩːn# | #kəɾbˈin# | #kəɾbˈin# {GOLD: #kuɾbˈi#}
448    | #kˈorbu# | #kˈɔːrb# | #kˈɔːɾb# | #kˈɔɾb# | #kˈɔɾb# {GOLD: #kˈɔɾb#}
449    | #kˈossu# | #kˈɔːʃʃ# | #kˈɔːʃʃ# | #kˈɔʃʃ# | #kˈɔt͡ʃʃ# {GOLD: #kˈɔʃ#}
450    | #kˌotwˈøːɲu# | #ftw?ɲ# | #ftw?ɲ# | #ftw?ɲ# | #ftw?ɲ# {GOLD: #ftˈua#}
451    | #kˌottizˈɑːre# | #fttəzˈie̯r# | #fttəzˈie̯ɾ# | #fttəzˈie̯ɾ# | #fttəzˈie̯ɾ# {GOLD: #kud͡zˈɔj#}
452    | #krˌɑːpulːu# | #krˌapulː# | #kɾˌapulˠ# | #kɾˌapulˠ# | #kɾˌapulˠ# {GOLD: #kɾˈɛpulˠ#}
453    | #krˈɑːte# | #krˈɛt# | #kɾˈɛt# | #kɾˈɛt# | #kɾˈɛt# {GOLD: #kɾˈat#}
454    | #krˈɑːte# | #krˈɛt# | #kɾˈɛt# | #kɾˈɛt# | #kɾˈɛt# {GOLD: #ɡɾˈatə#}
455    | #krjˈɑːre# | #krjˈie̯r# | #kɾjˈie̯ɾ# | #kɾjˈie̯ɾ# | #kɾjˈie̯ɾ# {GOLD: #kɾijˈɔj#}
456    | #krjɑːtˈyːrɑ# | #krjət?r# | #kɾjət?ɾ# | #kɾjət?ɾ# | #kɾjət?ɾ# {GOLD: #kɾeatˈyɾə#}
457    | #krˈeːtəku# | #krˈɛtɜk# | #kɾˈɛtɜk# | #kɾˈɛtɜk# | #kɾˈɛtɜk# {GOLD: #kɾˈɛkə#}
458    | #krˈispɑ# | #krˈɛːʃp# | #kɾˈɛːʃp# | #kɾˈɛʃp# | #kɾˈɛt͡ʃp# {GOLD: #kɾˈɛʃpə#}
459    | #krˈistɑ# | #krˈɛːʃt# | #kɾˈɛːʃt# | #kɾˈɛʃt# | #kɾˈɛt͡ʃt# {GOLD: #kɾˈɛʃtə#}
460    | #krˌistjˈɑːnu# | #krəʃ?ˈaːn# | #kɾəʃ?ˈəːn# | #kɾəʃ?ˈən# | #kɾət͡ʃ?ˈən# {GOLD: #kɾiʃtˈɛɾə#}
461    | #krˌistjˈɑːnu# | #krəʃ?ˈaːn# | #kɾəʃ?ˈəːn# | #kɾəʃ?ˈən# | #kɾət͡ʃ?ˈən# {GOLD: #kəɾʃtˈɛɾə#}
462    | #krˌistjˈɑːnu# | #krəʃ?ˈaːn# | #kɾəʃ?ˈəːn# | #kɾəʃ?ˈən# | #kɾət͡ʃ?ˈən# {GOLD: #kəʃtˈəɾ#}
463    | #krˌistiːnaːtˈaːʎa# | #krəʃtəndˈaːʎ# | #kɾəʃtə̃ndˈaːʎ# | #kɾəʃtəndˈaj# | #kɾət͡ʃtəndˈaj# {GOLD: #kərʃəndˈɛla#}
464    | #krˈistu# | #krˈɛːʃt# | #kɾˈɛːʃt# | #kɾˈɛʃt# | #kɾˈɛt͡ʃt# {GOLD: #kɾˈiʃt#}
465    | #krˈokəlːu# | #krˈɔkɜlː# | #kɾˈɔkɜlˠ# | #kɾˈɔkɜlˠ# | #kɾˈɔkɜlˠ# {GOLD: #krˈɔkulˠ#}
466    | #krwˈøːsəku# | #krw?ʃɜk# | #kɾw?ʃɜk# | #kɾw?ʃɜk# | #kɾw?ʃɜk# {GOLD: #kɾˈuʃk#}
467    | #krˈyːke# | #kr?k# | #kɾ?k# | #kɾ?k# | #kɾ?k# {GOLD: #kɾˈyc#}
468    | #krˈuptɑ# | #krˈuːft# | #kɾˈuːft# | #kɾˈuft# | #kɾˈuft# {GOLD: #ɡrˈɔftə#}
469    | #kˈuətu# | #kˈuːt# | #kˈuːt# | #kˈut# | #kˈut# {GOLD: #kˈut#}
470    | #kˌukˈurbətɑ# | #kəkˈuːrbɜt# | #kəkˈuːɾbɜt# | #kəkˈuɾbɜt# | #kəkˈuɾbɜt# {GOLD: #kultə#}
471    | #kˈukəru# | #kˈukɜr# | #kˈukɜɾ# | #kˈukɜɾ# | #kˈukɜɾ# {GOLD: #kˈukuɾ#}
472    | #kˌukˈyːtɑ# | #kək?t# | #kək?t# | #kək?t# | #kəc?t# {GOLD: #kukˈutə#}
473    | #kˈuljətrɑ# | #kˈyːljɜtr# | #kˈyːljɜtɾ# | #kˈyljɜtɾ# | #cˈyljɜtɾ# {GOLD: #kˈultəɾ#}
474    | #kˈulːe# | #kˈyːlː# | #kˈyːlˠ# | #kˈylˠ# | #cˈylˠ# {GOLD: #kˈulm#}
475    | #kˈuməlːu# | #kˈuːmɜlː# | #kˈũːɱɜlˠ# | #kˈuɱɜlˠ# | #kˈuɱɜlˠ# {GOLD: #kˈumulˠ#}
476    | #kˈuɲu# | #kˈyːɲ# | #kˈỹːɲ# | #kˈyɲ# | #cˈyɲ# {GOLD: #kˈuɲ#}
477    | #kˌuɲˈɑːre# | #kəɲˈie̯r# | #kə̃ɲˈie̯ɾ# | #kəɲˈie̯ɾ# | #kəɲˈie̯ɾ# {GOLD: #kuɲˈɔj#}
478    | #kˌunktˈɑːriː# | #kənftˈie̯r# | #kə̃nftˈie̯ɾ# | #kənftˈie̯ɾ# | #kənftˈie̯ɾ# {GOLD: #kundˈɔj#}
479    | #kˈuppɑ# | #kˈupp# | #kˈupp# | #kˈupp# | #kˈupp# {GOLD: #kˈupə#}
480    | #kˌyːrˈɑːre# | #kərˈie̯r# | #kəɾˈie̯ɾ# | #kəɾˈie̯ɾ# | #kəɾˈie̯ɾ# {GOLD: #cəɾˈɔj#}
481    | #kˈɑdru# | #kˈadr# | #kˈadɾ# | #kˈadɾ# | #kˈadɾ# {GOLD: #kˈɔdəɾ#}
482    | #kˌɑdrˈiːɡɑ# | #kədrˈiɡ# | #kədɾˈiɡ# | #kədɾˈiɡ# | #kədɾˈiɡ# {GOLD: #karˈiɡə#}
483    | #kˌɑdrˈeːsəmɑ# | #kədrˈiːʃɜm# | #kədɾˈiːʃɜ̃ɱb# | #kədɾˈiʃɜɱb# | #kədɾˈiʃɜɱb# {GOLD: #kɾˈɛʃmə#}
484    | #kˈeːrəre# | #kˈɛːrɜr# | #kˈɛːɾɜɾ# | #kˈɛɾɜɾ# | #cˈɛɾɜɾ# {GOLD: #cəɾˈɔj#}
485    | #kˈɑːrtɑ# | #kˈaːrt# | #kˈaːɾt# | #kˈaɾt# | #kˈaɾt# {GOLD: #kˈartə#}
486    | #kˈɑrtɑ# | #kˈaːrt# | #kˈaːɾt# | #kˈaɾt# | #kˈaɾt# {GOLD: #kˈɔrtə#}
487    | #kˌɑsˈilɑ# | #fʃˈɛːl# | #fʃˈɛːl# | #fʃˈɛl# | #fʃˈɛl# {GOLD: #kaçˈilə#}
488    | #kˌɑsˈilɑ# | #fʃˈɛːl# | #fʃˈɛːl# | #fʃˈɛl# | #fʃˈɛl# {GOLD: #kaʃˈilə#}
489    | #kˈɑttbər# | #kˈattbɜr# | #kˈattbɜɾ# | #kˈattbɜɾ# | #kˈattbɜɾ# {GOLD: #kˈatəɾ#}
490    | #kˌiː# | #k?# | #k?# | #k?# | #k?# {GOLD: #cə#}
491    | #kjˈeːtu# | #kjˈɛt# | #kjˈɛt# | #cˈɛt# | #cˈɛt# {GOLD: #cɛtə#}
492    | #kˈiː# | #kˈi# | #kˈi# | #kˈi# | #cˈi# {GOLD: #cˈyʃ#}
493    | #kˈilːu# | #kˈie̯lː# | #kˈie̯lˠ# | #kˈie̯lˠ# | #cˈie̯lˠ# {GOLD: #cˈulˠ#}
494    | #kˈiːmɑ# | #kˈiːm# | #kˈĩːɱb# | #kˈiɱb# | #cˈiɱb# {GOLD: #cimə#}
495    | #kˈiprju# | #kˈiprj# | #kˈipɾj# | #kˈipɾj# | #cˈipɾj# {GOLD: #cˈipəɾ#}
496    | #lˌɑwɒːrˈɑːre# | #ləərˈie̯r# | #ləəɾˈie̯ɾ# | #ləəɾˈie̯ɾ# | #ləəɾˈie̯ɾ# {GOLD: #ləɾˈɔj#}
497    | #lˌɑːrˈuskɑ# | #lərˈuːʃk# | #ləɾˈuːʃk# | #ləɾˈuʃk# | #ləɾˈut͡ʃk# {GOLD: #ləɾˈuʃkə#}
498    | #lˌɑkwˈɒːne# | #lkwˈye̯n# | #ʎkwˈye̯n# | #jkwˈye̯n# | #jkwˈye̯n# {GOLD: #ləkˈuɛ#}
499    | #lˈɑksɑ# | #lˈaːfʃ# | #lˈaːfʃ# | #lˈafʃ# | #lˈafʃ# {GOLD: #lˈafʃə#}
500    | #lˌɑksˈɑːre# | #ləfʃˈie̯r# | #ləfʃˈie̯ɾ# | #ləfʃˈie̯ɾ# | #ləfʃˈie̯ɾ# {GOLD: #ləʃˈɔj#}
501    | #lˌɑnɡˈeːre# | #lənɡˈiːr# | #lə̃nɡˈiːɾ# | #lənɡˈiɾ# | #lənɟˈiɾ# {GOLD: #ləŋɡˈɔj#}
502    | #lˌɑnɡwˈɒːre# | #lənɡwˈye̯r# | #lə̃nɡwˈye̯ɾ# | #lənɡwˈye̯ɾ# | #lənɡwˈye̯ɾ# {GOLD: #ləɲɟˈyɾə#}
503    | #lˌɑnkjˈɑːrjɑ# | #lənɡjˈiːr# | #lə̃nɡjˈiːɾ# | #lənɟˈiɾ# | #lənɟˈiɾ# {GOLD: #lənɟˈɛɾɛ#}
504    | #lˈɑrɡu# | #lˈaːrɡ# | #lˈaːɾɡ# | #lˈaɾɡ# | #lˈaɾɡ# {GOLD: #lˈaɾɡ#}
505    | #lˈɑːrəu# | #lˈaːrɜ# | #lˈaːɾɜ# | #lˈaɾ# | #lˈaɾ# {GOLD: #lˈaɾð#}
506    | #lˌɑssˈɑːre# | #ləʃʃˈie̯r# | #ləʃʃˈie̯ɾ# | #ləʃʃˈie̯ɾ# | #lət͡ʃʃˈie̯ɾ# {GOLD: #ləʃˈɔj#}
507    | #lˈɑssu# | #lˈaːʃʃ# | #lˈaːʃʃ# | #lˈaʃʃ# | #lˈat͡ʃʃ# {GOLD: #lˈaʃ#}
508    | #lˌɑtˈiːnu# | #ltˈiːn# | #ltˈĩːn# | #ltˈin# | #ltˈin# {GOLD: #lətˈi#}
509    | #lˌɑˈɑːre# | #lˈiːe̯r# | #lˈiːe̯ɾ# | #lˈie̯ɾ# | #lˈie̯ɾ# {GOLD: #lˈaj#}
510    | #lˌɑɑːtˈyːrɑ# | #ləət?r# | #ləət?ɾ# | #ləət?ɾ# | #ləət?ɾ# {GOLD: #latˈyɾə#}
511    | #lˌɑwdˈɑːre# | #ldˈie̯r# | #ldˈie̯ɾ# | #ldˈie̯ɾ# | #ldˈie̯ɾ# {GOLD: #ləvdˈɔj#}
512    | #lˈɑwde# | #lˈɛwd# | #lˈɛwd# | #lˈɛwd# | #lˈɛwd# {GOLD: #lˈavd#}
513    | #lˌɑwkˈɑːru# | #lkˈaːr# | #ʎkˈaːɾ# | #jkˈaɾ# | #jkˈaɾ# {GOLD: #lifcˈaɾ#}
514    | #lˈɑwru# | #lˈaːr# | #lˈaːɾ# | #lˈaɾ# | #lˈaɾ# {GOLD: #lˈar#}
515    | #lˈeːɡe# | #lˈiɡ# | #lˈiɡ# | #lˈiɡ# | #lˈiɡ# {GOLD: #lˈiɟ#}
516    | #lˌentˈɑːre# | #ləndˈie̯r# | #lə̃ndˈie̯ɾ# | #ləndˈie̯ɾ# | #ləndˈie̯ɾ# {GOLD: #ləndˈɔj#}
517    | #ʎwˈɒːne# | #ʎwˈye̯n# | #ʎwˈye̯n# | #jwˈye̯n# | #jwˈye̯n# {GOLD: #luˈan#}
518    | #lˈepəre# | #lˈɛpɜr# | #lˈɛpɜɾ# | #lˈɛpɜɾ# | #lˈɛpɜɾ# {GOLD: #lˈɛpuɾ#}
519    | #lˈeprɑ# | #lˈɛpr# | #lˈɛpɾ# | #lˈɛpɾ# | #lˈɛpɾ# {GOLD: #lˈɛpəɾ#}
520    | #lˈiːər# | #lˈiːr# | #lˈiːɾ# | #lˈiɾ# | #lˈiɾ# {GOLD: #lˈiɾə#}
521    | #lˌiɡɑːtˈyːrɑ# | #lɡət?r# | #lɡət?ɾ# | #lɡət?ɾ# | #lɡət?ɾ# {GOLD: #liktˈyɾə#}
522    | #lˈiːʎu# | #lˈiːʎ# | #lˈiːʎ# | #lˈij# | #lˈij# {GOLD: #lˈil#}
523    | #lˈiːkju# | #lˈikj# | #lˈikj# | #lˈic# | #lˈic# {GOLD: #lˈic#}
524    | #lˈiːmɑ# | #lˈiːm# | #lˈĩːɱb# | #lˈiɱb# | #lˈiɱb# {GOLD: #lˈimə#}
525    | #lˌiːmˈɑːre# | #ləmˈie̯r# | #lə̃ɱˈie̯ɾ# | #ləɱˈie̯ɾ# | #ləɱˈie̯ɾ# {GOLD: #ləmˈɔj#}
526    | #lˈiːnu# | #lˈiːn# | #lˈĩːn# | #lˈin# | #lˈin# {GOLD: #lˈi#}
527    | #lˈiːɲɑ# | #lˈiːɲ# | #lˈĩːɲ# | #lˈiɲ# | #lˈiɲ# {GOLD: #lˈiɲə#}
528    | #lˌippitˈyːrɑ# | #lppət?r# | #lppət?ɾ# | #lppət?ɾ# | #lppət?ɾ# {GOLD: #lɛptˈyɾə#}
529    | #lˈittərɑ# | #lˈɛttɜr# | #lˈɛttɜɾ# | #lˈɛttɜɾ# | #lˈɛttɜɾ# {GOLD: #lˈɛtəɾ#}
530    | #lˌyːˈeːre# | #lˈiːr# | #lˈiːɾ# | #lˈiɾ# | #lˈiɾ# {GOLD: #lˈuaj#}
531    | #lˌukˈernɑ# | #lkˈɛːrn# | #ʎkˈɛːɾn# | #jkˈɛɾn# | #jcˈɛɾn# {GOLD: #lucˈɛɾə#}
532    | #lˈukru# | #lˈukr# | #lˈukɾ# | #lˈukɾ# | #lˈukɾ# {GOLD: #lˈukəɾ#}
533    | #lˈuktɑ# | #lˈuːft# | #lˈuːft# | #lˈuft# | #lˈuft# {GOLD: #lˈuftə#}
534    | #lˌuktˈɑːriː# | #ləftˈie̯r# | #ləftˈie̯ɾ# | #ləftˈie̯ɾ# | #ləftˈie̯ɾ# {GOLD: #ləftˈɔj#}
535    | #lˌuktɑtwˈɒːre# | #ləftətwˈye̯r# | #ləftətwˈye̯ɾ# | #ləftətwˈye̯ɾ# | #ləftətwˈye̯ɾ# {GOLD: #luftətˈaɾ#}
536    | #lˈuntre# | #lˈyːndr# | #lˈỹːndɾ# | #lˈyndɾ# | #lˈyndɾ# {GOLD: #lˈundəɾ#}
537    | #lˌupekkˈɑːtu# | #lpəkkˈat# | #lpəkkˈat# | #lpəkkˈat# | #lpəkkˈat# {GOLD: #lˈuɡat#}
538    | #lˌupukˈerbəlːu# | #lpəkˈɛːrbɜlː# | #lpəkˈɛːɾbɜlˠ# | #lpəkˈɛɾbɜlˠ# | #lpəcˈɛɾbɜlˠ# {GOLD: #lucˈɛɾbulˠ#}
539    | #lˈyːstru# | #l?ʃtr# | #l?ʃtɾ# | #l?ʃtɾ# | #l?t͡ʃtɾ# {GOLD: #lˈyʃtəɾ#}
540    | #lˈutjɑ# | #lˈy?# | #lˈy?# | #lˈy?# | #lˈy?# {GOLD: #lˈut͡sə#}
541    | #mˈeːstru# | #mˈiːʃtr# | #ɱˈiːʃtɾ# | #ɱˈiʃtɾ# | #ɱˈit͡ʃtɾ# {GOLD: #mjˈɛʃtəɾ#}
542    | #mˌɑɡˈiːɑ# | #mɡˈi# | #ɱɡˈi# | #ɱɡˈi# | #ɱɟˈi# {GOLD: #məŋɟˈi#}
543    | #mˌɑɡˈiːɑ# | #mɡˈi# | #ɱɡˈi# | #ɱɡˈi# | #ɱɟˈi# {GOLD: #maɟˈi#}
544    | #mˌɑɡistˈerəku# | #mɡəʃtˈɛːrɜk# | #ɱɡəʃtˈɛːɾɜk# | #ɱɡəʃtˈɛɾɜk# | #ɱɡət͡ʃtˈɛɾɜk# {GOLD: #maʃtˈɛɾk#}
545    | #m?u# | #m?# | #ɱ?# | #ɱ?# | #ɱ?# {GOLD: #mˈaj#}
546    | #mˌɑʎeiːkˈere# | #məʎəəkˈiːr# | #ɱəʎəəkˈiːɾ# | #ɱəjəəkˈiɾ# | #ɱəjəəcˈiɾ# {GOLD: #malˠkˈɔj#}
547    | #mˌɑlˈeəlːu# | #məlˈɛːlː# | #ɱəlˈɛːlˠ# | #ɱəlˈɛlˠ# | #ɱəlˈɛlˠ# {GOLD: #mat͡sˈɔlˠə#}
548    | #mˌɑlːˈolːu# | #məlːˈuo̯lː# | #ɱəlˠˈuo̯lˠ# | #ɱəlˠˈuo̯lˠ# | #ɱəlˠˈuo̯lˠ# {GOLD: #məɲˈɔlˠə#}
549    | #mˈɑlːu# | #mˈaːlː# | #ɱˈaːlˠ# | #ɱˈalˠ# | #ɱˈalˠ# {GOLD: #mˈaj#}
550    | #mˌɑʎitjˈɑːre# | #məʎ?ˈie̯r# | #ɱəʎ?ˈie̯ɾ# | #ɱəj?ˈie̯ɾ# | #ɱəj?ˈie̯ɾ# {GOLD: #malt͡sˈɔj#}
551    | #mˌɑlbˌɑnɡˈeːre# | #məlbənɡˈiːr# | #ɱəlbə̃nɡˈiːɾ# | #ɱəlbənɡˈiɾ# | #ɱəlbənɟˈiɾ# {GOLD: #malˠənɟˈɛj#}
552    | #mˈɑlːu# | #mˈaːlː# | #ɱˈaːlˠ# | #ɱˈalˠ# | #ɱˈalˠ# {GOLD: #mˈalˠ#}
553    | #mˌɑnˈeːre# | #mənˈiːr# | #ɱə̃ɾˈiːɾ# | #ɱəɾˈiɾ# | #ɱəɾˈiɾ# {GOLD: #mənˈɔj#}
554    | #mˌɑnˈiɑ# | #mənˈɛ# | #ɱə̃ɾˈɛ# | #ɱəɾˈɛ# | #ɱəɾˈɛ# {GOLD: #məɾˈi#}
555    | #mˈɑnəkɑ# | #mˈaːnɜk# | #ɱˈəːɾɜk# | #ɱˈəɾɜk# | #ɱˈəɾɜk# {GOLD: #məŋɡə#}
556    | #mˌɑnikˈɑːre# | #mənɡˈie̯r# | #mə̃nɡˈie̯ɾ# | #mənɡˈie̯ɾ# | #mənɟˈie̯ɾ# {GOLD: #məŋɡˈɔj#}
557    | #mˌɑnipulːˈɑːre# | #mənbəlːˈie̯r# | #mə̃nbəlˠˈie̯ɾ# | #mənbəlˠˈie̯ɾ# | #mənbəlˠˈie̯ɾ# {GOLD: #mbulˈɔj#}
558    | #mˈɑnɲɑ# | #mˈɛːnɲ# | #mˈɛ̃ːnɲ# | #mˈɛnɲ# | #mˈɛnɲ# {GOLD: #mˈəɲə#}
559    | #mˈɑnku# | #mˈaːnɡ# | #mˈəːnɡ# | #mˈənɡ# | #mˈənɡ# {GOLD: #mˈəŋk#}
560    | #mˈɑnku# | #mˈaːnɡ# | #mˈəːnɡ# | #mˈənɡ# | #mˈənɡ# {GOLD: #mˈaŋɡ#}
561    | #mˌɑnkˈɑːre# | #mənɡˈie̯r# | #mə̃nɡˈie̯ɾ# | #mənɡˈie̯ɾ# | #mənɟˈie̯ɾ# {GOLD: #muŋɡˈɔj#}
562    | #mˈɑnkənu# | #mˈaːnɡɜn# | #mˈəːnɡɜ̃n# | #mˈənɡɜn# | #mˈənɡɜn# {GOLD: #mˈəŋɟəɾ#}
563    | #mˈɑnktu# | #mˈaːnft# | #mˈəːnft# | #mˈənft# | #mˈənft# {GOLD: #mˈajtə#}
564    | #mˌɑntˈiːʎe# | #məndˈiːʎ# | #mə̃ndˈiːʎ# | #məndˈij# | #məndˈij# {GOLD: #mandˈilɛ#}
565    | #mˌɑrɡˈelɑ# | #mərɡˈɛːl# | #ɱəɾɡˈɛːl# | #ɱəɾɡˈɛl# | #ɱəɾɟˈɛl# {GOLD: #maɾt͡sˈɛl#}
566    | #mˌɑrˈiːɑ# | #mərˈi# | #ɱəɾˈi# | #ɱəɾˈi# | #ɱəɾˈi# {GOLD: #məɾˈi#}
567    | #mˌɑːrikwˈøːsu# | #mərkw?ʃ# | #ɱəɾkw?ʃ# | #ɱəɾkw?ʃ# | #ɱəɾkw?ʃ# {GOLD: #məɾkˈɔʃ#}
568    | #mˌɑrilːˈyːkju# | #mərəlː?kj# | #ɱəɾəlˠ?kj# | #ɱəɾəlˠ?c# | #ɱəɾəlˠ?c# {GOLD: #mlˈyʃ#}
569    | #mˌɑːriːtˈɑːre# | #mərtˈie̯r# | #ɱəɾtˈie̯ɾ# | #ɱəɾtˈie̯ɾ# | #ɱəɾtˈie̯ɾ# {GOLD: #maɾtˈɔj#}
570    | #mˌɑːriːtˈɑːre# | #mərtˈie̯r# | #ɱəɾtˈie̯ɾ# | #ɱəɾtˈie̯ɾ# | #ɱəɾtˈie̯ɾ# {GOLD: #məltˈɔj#}
571    | #mˌɑːriːtˈɑːtjwøː# | #mərtˈi?w# | #ɱəɾtˈi?w# | #ɱəɾtˈi?w# | #ɱəɾtˈi?w# {GOLD: #maɾtˈɛsə#}
572    | #mˈɑrməre# | #mˈaːrmɜr# | #ɱˈaːɾɱɜɾ# | #ɱˈaɾɱɜɾ# | #ɱˈaɾɱɜɾ# {GOLD: #mˈaɾmuɾ#}
573    | #mˈɑrku# | #mˈaːrk# | #ɱˈaːɾk# | #ɱˈaɾk# | #ɱˈaɾk# {GOLD: #mˈaɾk#}
574    | #mˈɑːrte# | #mˈɛːrt# | #ɱˈɛːɾt# | #ɱˈɛɾt# | #ɱˈɛɾt# {GOLD: #mˈaɾtə#}
575    | #mˌɑːrtˈiːnu# | #mərtˈiːn# | #ɱəɾtˈĩːn# | #ɱəɾtˈin# | #ɱəɾtˈin# {GOLD: #mərtˈi#}
576    | #mˈɑrtju# | #mˈiːr?# | #ɱˈiːɾ?# | #ɱˈiɾ?# | #ɱˈiɾ?# {GOLD: #mˈaɾs#}
577    | #mˈɑru# | #mˈaːr# | #ɱˈaːɾ# | #ɱˈaɾ# | #ɱˈaɾ# {GOLD: #mˈaɾ#}
578    | #mˈɑrənu# | #mˈaːrɜn# | #ɱˈaːɾɜ̃n# | #ɱˈaɾɜn# | #ɱˈaɾɜn# {GOLD: #məru#}
579    | #mˈɑskəlːu# | #mˈaːʃkɜlː# | #ɱˈaːʃkɜlˠ# | #ɱˈaʃkɜlˠ# | #ɱˈat͡ʃkɜlˠ# {GOLD: #mˈaʃkulˠ#}
580    | #mˈɑssɑ# | #mˈaːʃʃ# | #ɱˈaːʃʃ# | #ɱˈaʃʃ# | #ɱˈat͡ʃʃ# {GOLD: #mˈaʃə#}
581    | #mˌɑstikˈɑːre# | #məʃtəkˈie̯r# | #ɱəʃtəkˈie̯ɾ# | #ɱəʃtəkˈie̯ɾ# | #ɱət͡ʃtəcˈie̯ɾ# {GOLD: #məʃtɛkˈɔj#}
582    | #mˌɑstˈikənu# | #məʃtˈɛkɜn# | #ɱəʃtˈɛkɜ̃n# | #ɱəʃtˈɛkɜn# | #ɱət͡ʃtˈɛkɜn# {GOLD: #məʃtˈɛkəɾ#}
583    | #mˌɑtˈɑksu# | #mtˈaːfʃ# | #ɱtˈaːfʃ# | #ɱtˈafʃ# | #ɱtˈafʃ# {GOLD: #məndˈafʃ#}
584    | #mˌɑːtrˈiːku# | #mtrˈik# | #ɱtɾˈik# | #ɱtɾˈik# | #ɱtɾˈik# {GOLD: #mətɾˈik#}
585    | #mˌɑːtrˈiːkəlːɑ# | #mtrˈikɜlː# | #ɱtɾˈikɜlˠ# | #ɱtɾˈikɜlˠ# | #ɱtɾˈikɜlˠ# {GOLD: #ndɾˈikulˠ#}
586    | #mˌeikˈɑːre# | #məəkˈie̯r# | #ɱəəkˈie̯ɾ# | #ɱəəkˈie̯ɾ# | #ɱəəcˈie̯ɾ# {GOLD: #məkˈɔj#}
587    | #mˌeikˈɑstru# | #məəkˈaːʃtr# | #ɱəəkˈaːʃtɾ# | #ɱəəkˈaʃtɾ# | #ɱəəkˈat͡ʃtɾ# {GOLD: #məɡˈaʃtəɾ#}
588    | #mˈeəku# | #mˈɛːk# | #ɱˈɛːk# | #ɱˈɛk# | #ɱˈɛk# {GOLD: #mjˈɛk#}
589    | #mˌeitˈɑːriː# | #məətˈie̯r# | #ɱəətˈie̯ɾ# | #ɱəətˈie̯ɾ# | #ɱəətˈie̯ɾ# {GOLD: #mɛjtˈɔj#}
590    | #mˈedju# | #mˈi?# | #ɱˈi?# | #ɱˈi?# | #ɱˈi?# {GOLD: #mˈɛs#}
591    | #mˈedju# | #mˈi?# | #ɱˈi?# | #ɱˈi?# | #ɱˈi?# {GOLD: #mjˈɛz#}
592    | #mˌeˈulɑ# | #mˈuːl# | #ɱˈuːl# | #ɱˈul# | #ɱˈul# {GOLD: #myjə#}
593    | #mˌeʎˈettɑ# | #məʎˈɛtt# | #ɱəʎˈɛtt# | #ɱəjˈɛtt# | #ɱəjˈɛtt# {GOLD: #blˈɛtə#}
594    | #mˌeːswˈɒːrɑ# | #məʃwˈɔːr# | #ɱəʃwˈɔːɾ# | #ɱəʃwˈɔɾ# | #ɱəʃwˈɔɾ# {GOLD: #məʃˈɛɾə#}
595    | #mˈentɑ# | #mˈɛːnd# | #mˈɛ̃ːnd# | #mˈɛnd# | #mˈɛnd# {GOLD: #mˈɛndə#}
596    | #mˈente# | #mˈiːnd# | #mˈĩːnd# | #mˈind# | #mˈind# {GOLD: #mˈɛnd#}
597    | #mˌeriːdjˈɑːre# | #mər?ˈie̯r# | #ɱəɾ?ˈie̯ɾ# | #ɱəɾ?ˈie̯ɾ# | #ɱəɾ?ˈie̯ɾ# {GOLD: #məɾzˈɛj#}
598    | #mˌerˈiːdje# | #mərˈi?# | #ɱəɾˈi?# | #ɱəɾˈi?# | #ɱəɾˈi?# {GOLD: #məɾˈiz#}
599    | #mˈerɡəre# | #mˈɛːrɡɜr# | #ɱˈɛːɾɡɜɾ# | #ɱˈɛɾɡɜɾ# | #ɱˈɛɾɡɜɾ# {GOLD: #məɾɡˈɔj#}
600    | #mˌerkˈɑːrju# | #mərkˈiːrj# | #ɱəɾkˈiːɾj# | #ɱəɾkˈiɾj# | #ɱəɾcˈiɾj# {GOLD: #mɛɾcˈiɾ#}
601    | #mˌerkˈurɑ# | #mərkˈuːr# | #ɱəɾkˈuːɾ# | #ɱəɾkˈuɾ# | #ɱəɾkˈuɾ# {GOLD: #məɾkuɾə#}
602    | #mˌiɡrˈɑːre# | #mɡrˈie̯r# | #ɱɡɾˈie̯ɾ# | #ɱɡɾˈie̯ɾ# | #ɱɡɾˈie̯ɾ# {GOLD: #məɾɡˈɔj#}
603    | #mˈiːʎɑ# | #mˈiːʎ# | #ɱˈiːʎ# | #ɱˈij# | #ɱˈij# {GOLD: #mijə#}
604    | #mˈiʎu# | #mˈiːʎ# | #ɱˈiːʎ# | #ɱˈij# | #ɱˈij# {GOLD: #mˈɛl#}
605    | #mˌinistrˈɑːre# | #mənəʃtrˈie̯r# | #ɱə̃ɾəʃtɾˈie̯ɾ# | #ɱəɾəʃtɾˈie̯ɾ# | #ɱəɾət͡ʃtɾˈie̯ɾ# {GOLD: #maɾʃtɾˈɔj#}
606    | #mˌiːrˈɑːkəlːu# | #mərˈakɜlː# | #ɱəɾˈakɜlˠ# | #ɱəɾˈakɜlˠ# | #ɱəɾˈakɜlˠ# {GOLD: #mɾˈɛkulˠ#}
607    | #mˌiːrˈɑːriː# | #mərˈie̯r# | #ɱəɾˈie̯ɾ# | #ɱəɾˈie̯ɾ# | #ɱəɾˈie̯ɾ# {GOLD: #məɾˈɛj#}
608    | #mˈissɑ# | #mˈɛːʃʃ# | #ɱˈɛːʃʃ# | #ɱˈɛʃʃ# | #ɱˈɛt͡ʃʃ# {GOLD: #mˈɛʃə#}
609    | #mˈisəre# | #mˈɛːʃɜr# | #ɱˈɛːʃɜɾ# | #ɱˈɛʃɜɾ# | #ɱˈɛʃɜɾ# {GOLD: #mjˈɛrə#}
610    | #mˌiserˈeːri# | #məʃərˈiːr# | #ɱəʃəɾˈiːɾ# | #ɱəʃəɾˈiɾ# | #ɱəʃəɾˈiɾ# {GOLD: #məʃiɾˈɔj#}
611    | #mˌisˈerjɑ# | #məʃˈiːr# | #ɱəʃˈiːɾ# | #ɱəʃˈiɾ# | #ɱəʃˈiɾ# {GOLD: #məʃˈiɾə#}
612    | #mˈodju# | #m??# | #ɱ??# | #ɱ??# | #ɱ??# {GOLD: #mˈuz#}
613    | #mˈou# | #mˈɔ# | #ɱˈɔ# | #ɱˈɔ# | #ɱˈɔ# {GOLD: #mˈɔð#}
614    | #mˌolːˈɑːre# | #məlːˈie̯r# | #ɱəlˠˈie̯ɾ# | #ɱəlˠˈie̯ɾ# | #ɱəlˠˈie̯ɾ# {GOLD: #mulˠˈaɾ#}
615    | #mˌoʎˈere# | #məʎˈiːr# | #ɱəʎˈiːɾ# | #ɱəjˈiɾ# | #ɱəjˈiɾ# {GOLD: #blˈuaj#}
616    | #mˌoʎˈiːnu# | #məʎˈiːn# | #ɱəʎˈĩːn# | #ɱəjˈin# | #ɱəjˈin# {GOLD: #mulˠˈi#}
617    | #mwˌøːmˈentu# | #mwəmˈɛːnd# | #ɱwə̃mˈɛ̃ːnd# | #ɱwəmˈɛnd# | #ɱwəmˈɛnd# {GOLD: #mˈənd#}
618    | #mˈonəku# | #mˈɔːnɜk# | #ɱˈɔ̃ːɾɜk# | #ɱˈɔɾɜk# | #ɱˈɔɾɜk# {GOLD: #muɾɡ#}
619    | #mwˌøːstrˈɑːre# | #mwəʃtrˈie̯r# | #ɱwəʃtɾˈie̯ɾ# | #ɱwəʃtɾˈie̯ɾ# | #ɱwət͡ʃtɾˈie̯ɾ# {GOLD: #mɔt͡ʃˈɔj#}
620    | #mˌortˈɑːʎɑ# | #mərtˈɛːʎ# | #ɱəɾtˈɛːʎ# | #ɱəɾtˈɛj# | #ɱəɾtˈɛj# {GOLD: #muɾtˈajə#}
621    | #mˈorte# | #m?rt# | #ɱ?ɾt# | #ɱ?ɾt# | #ɱ?ɾt# {GOLD: #mˈɔɾt#}
622    | #mˈyːku# | #m?k# | #ɱ?k# | #ɱ?k# | #ɱ?k# {GOLD: #mˈyk#}
623    | #mˈulːɑ# | #mˈuːlː# | #ɱˈuːlˠ# | #ɱˈulˠ# | #ɱˈulˠ# {GOLD: #mulˠə#}
624    | #mˌulkˈeːre# | #məlkˈiːr# | #ɱəʎkˈiːɾ# | #ɱəjkˈiɾ# | #ɱəjcˈiɾ# {GOLD: #məlkˈɔj#}
625    | #mˈyːlːu# | #mˈye̯lː# | #ɱˈye̯lˠ# | #ɱˈye̯lˠ# | #ɱˈye̯lˠ# {GOLD: #mylˠ#}
626    | #mˌurmurˈɑːre# | #mərmərˈie̯r# | #ɱəɾɱəɾˈie̯ɾ# | #ɱəɾɱəɾˈie̯ɾ# | #ɱəɾɱəɾˈie̯ɾ# {GOLD: #muɾmuɾˈɔj#}
627    | #mˌuskelˈɑːrju# | #məʃkəlˈiːrj# | #ɱəʃkəlˈiːɾj# | #ɱəʃkəlˈiɾj# | #ɱət͡ʃkəlˈiɾj# {GOLD: #muʃkəlˠˈyɛɾ#}
628    | #mˌuskˈoɲɑ# | #məʃk?ɲ# | #ɱəʃk?ɲ# | #ɱəʃk?ɲ# | #ɱət͡ʃc?ɲ# {GOLD: #muʃkˈɔɲə#}
629    | #mˈuskəlːu# | #mˈuːʃkɜlː# | #ɱˈuːʃkɜlˠ# | #ɱˈuʃkɜlˠ# | #ɱˈut͡ʃkɜlˠ# {GOLD: #mˈuʃkulˠ#}
630    | #mˈyːsku# | #m?ʃk# | #ɱ?ʃk# | #ɱ?ʃk# | #ɱ?t͡ʃk# {GOLD: #mˈyʃk#}
631    | #mˈustu# | #mˈuːʃt# | #ɱˈuːʃt# | #ɱˈuʃt# | #ɱˈut͡ʃt# {GOLD: #mˈuʃt#}
632    | #mˌiriːkˈiːɲɑ# | #mərkˈiːɲ# | #ɱəɾkˈĩːɲ# | #ɱəɾkˈiɲ# | #ɱəɾcˈiɲ# {GOLD: #məɾcˈiɲə#}
633    | #mˈirːhɑ# | #mˈɛːrːh# | #ɱˈɛːrh# | #ɱˈɛrh# | #ɱˈɛrh# {GOLD: #mˈɛɾə#}
634    | #nˈɑppɑ# | #nˈapp# | #nˈapp# | #nˈapp# | #nˈapp# {GOLD: #nˈapə#}
635    | #nˌɑːtˈyːrɑ# | #nd?r# | #nd?ɾ# | #nd?ɾ# | #nd?ɾ# {GOLD: #natˈyɾə#}
636    | #nˈepwøː# | #nˈɛpw# | #nˈɛpw# | #nˈɛpw# | #nˈɛpw# {GOLD: #nˈip#}
637    | #nˌepwˈøːtjɑ# | #nbw??# | #nbw??# | #nbw??# | #nbw??# {GOLD: #mbˈɛsə#}
638    | #nˈinːɑ# | #nˈɛːnː# | #nˈɛ̃ːn# | #nˈɛn# | #nˈɛn# {GOLD: #nˈinə#}
639    | #nkˌɑrðˌulˈikjɑ# | #ənɡərðəlˈik# | #hə̃nɡəɾðəlˈik# | #hənɡəɾðəlˈik# | #hənɡəɾðəlˈik# {GOLD: #ŋɡaɾðulˈicɛ#}
640    | #noˈuncəlːu# | #nˈyːnɟɜlː# | #nˈỹːnɟɜlˠ# | #nˈynɟɜlˠ# | #nˈynɟɜlˠ# {GOLD: #nˈəŋɟ#}
641    | #nwˈøːu# | #nw?# | #nw?# | #nw?# | #nw?# {GOLD: #nˈyɛ#}
642    | #nwˈøːəlːu# | #nw?lː# | #nw?lˠ# | #nw?lˠ# | #nw?lˠ# {GOLD: #nˈyɛlˠ#}
643    | #nˈonːu# | #nˈɔːnː# | #nˈɔ̃ːn# | #nˈɔn# | #nˈɔn# {GOLD: #nˈun#}
644    | #nˌotˈɑːre# | #ndˈie̯r# | #ndˈie̯ɾ# | #ndˈie̯ɾ# | #ndˈie̯ɾ# {GOLD: #nɔtˈɔj#}
645    | #nˈoəstər# | #nˈɔːʃtɜr# | #nˈɔːʃtɜɾ# | #nˈɔʃtɜɾ# | #nˈɔt͡ʃtɜɾ# {GOLD: #nˈɔʃtəɾ#}
646    | #nˌoˈerkɑ# | #nˈɛːrk# | #nˈɛːɾk# | #nˈɛɾk# | #nˈɛɾk# {GOLD: #ɲˈɛɾkə#}
647    | #nˌumerˈɑːre# | #nəmərˈie̯r# | #nə̃ɱəɾˈie̯ɾ# | #nəɱəɾˈie̯ɾ# | #nəɱəɾˈie̯ɾ# {GOLD: #numəɾˈɔj#}
648    | #nˈuməru# | #nˈuːmɜr# | #nˈũːɱɜɾ# | #nˈuɱɜɾ# | #nˈuɱɜɾ# {GOLD: #nˈuməɾ#}
649    | #nˈyːptjɑ# | #n?f?# | #n?f?# | #n?f?# | #n?f?# {GOLD: #nˈusɛ#}
650    | #ˌoblˈɑːtɑ# | #blˈat# | #blˈat# | #blˈat# | #blˈat# {GOLD: #blˈatə#}
651    | #ˌoffˈertɑ# | #ffˈɛːrt# | #ffˈɛːɾt# | #ffˈɛɾt# | #ffˈɛɾt# {GOLD: #ɔfˈɛɾtə#}
652    | #ˌoffˈikju# | #ffˈikj# | #ffˈikj# | #ffˈic# | #ffˈic# {GOLD: #ɔfˈic#}
653    | #ˌoʎˈɑstər# | #ʎˈaːʃtɜr# | #ʎˈaːʃtɜɾ# | #jˈaʃtɜɾ# | #jˈat͡ʃtɜɾ# {GOLD: #ulˠˈaʃtəɾ#}
654    | #ˈoʎəstər# | #?ʎɜʃtɜr# | #h?ʎɜʃtɜɾ# | #h?jɜʃtɜɾ# | #h?jɜt͡ʃtɜɾ# {GOLD: #vˈaʃtəɾ#}
655    | #ˈoʎu# | #?ʎ# | #h?ʎ# | #h?j# | #h?j# {GOLD: #vˈaj#}
656    | #ˌoʎˈiːu# | #ʎˈi# | #ʎˈi# | #jˈi# | #jˈi# {GOLD: #ulˠˈi#}
657    | #ˈopərɑ# | #ˈɔpɜr# | #hˈɔpɜɾ# | #hˈɔpɜɾ# | #hˈɔpɜɾ# {GOLD: #vˈapəɾ#}
658    | #βˌɒːrˈɑːre# | #βərˈie̯r# | #uɾˈie̯ɾ# | #uɾˈie̯ɾ# | #uɾˈie̯ɾ# {GOLD: #uɾˈɔj#}
659    | #ˈorbənu# | #ˈuo̯rbɜn# | #hˈuo̯ɾbɜ̃n# | #hˈuo̯ɾbɜn# | #hˈuo̯ɾbɜn# {GOLD: #vˈɛɾbəɾ#}
660    | #ˈorbu# | #ˈuo̯rb# | #hˈuo̯ɾb# | #hˈuo̯ɾb# | #hˈuo̯ɾb# {GOLD: #vˈɛɾb#}
661    | #βˈɒːrðəne# | #βˈɔːrðɜn# | #vˈɔːɾðɜ̃n# | #vˈɔɾðɜn# | #vˈɔɾðɜn# {GOLD: #ˈuɾðəɾ#}
662    | #ˈornu# | #ˈuo̯rn# | #hˈuo̯ɾn# | #hˈuo̯ɾn# | #hˈuo̯ɾn# {GOLD: #var#}
663    | #ˈorpənu# | #ˈuo̯rpɜn# | #hˈuo̯ɾpɜ̃n# | #hˈuo̯ɾpɜn# | #hˈuo̯ɾpɜn# {GOLD: #vˈaɾfəɾ#}
664    | #βˌøːsjitˈɑːre# | #βəʃjətˈie̯r# | #uʃjətˈie̯ɾ# | #uʃjətˈie̯ɾ# | #uʃjətˈie̯ɾ# {GOLD: #uʃtˈɔj#}
665    | #βˈøːtu# | #β?t# | #v?t# | #v?t# | #v?t# {GOLD: #ˈut#}
666    | #βˌøːˈɑːtjɑ# | #βˈiː?# | #vˈiː?# | #vˈi?# | #vˈi?# {GOLD: #vˈɛsə#}
667    | #βˈøːu# | #β?# | #v?# | #v?# | #v?# {GOLD: #vˈɛ#}
668    | #pˌɑːulːˈɑːriː# | #pəəlːˈie̯r# | #pəəlˠˈie̯ɾ# | #pəəlˠˈie̯ɾ# | #pəəlˠˈie̯ɾ# {GOLD: #palˠˈɔj#}
669    | #pˌɑˈyːʎe# | #p?ʎ# | #p?ʎ# | #p?j# | #p?j# {GOLD: #pˈylˠ#}
670    | #pˌɑɡˈɑːnu# | #pəɡˈaːn# | #pəɡˈəːn# | #pəɡˈən# | #pəɡˈən# {GOLD: #pəɡəɾə#}
671    | #pˌɑɡɑːtˈyːrɑ# | #pəɡət?r# | #pəɡət?ɾ# | #pəɡət?ɾ# | #pəɡət?ɾ# {GOLD: #paɡətˈyɾə#}
672    | #pˈɑːlːɑ# | #pˈaːlː# | #pˈaːlˠ# | #pˈalˠ# | #pˈalˠ# {GOLD: #pˈalˠə#}
673    | #pˌɑlːˈɑnɡɑ# | #pəlːˈaːnɡ# | #pəlˠˈəːnɡ# | #pəlˠˈənɡ# | #pəlˠˈənɡ# {GOLD: #plˈɛŋɡə#}
674    | #pˌɑlːˈɑnɡu# | #pəlːˈaːnɡ# | #pəlˠˈəːnɡ# | #pəlˠˈənɡ# | #pəlˠˈənɡ# {GOLD: #plˈɛŋɡ#}
675    | #pˈɑlːɑ# | #pˈaːlː# | #pˈaːlˠ# | #pˈalˠ# | #pˈalˠ# {GOLD: #pˈajə#}
676    | #pˌɑlːˈumbu# | #pəlːˈuːmb# | #pəlˠˈũːɱb# | #pəlˠˈuɱb# | #pəlˠˈuɱb# {GOLD: #pəlˠˈumb#}
677    | #pˈɑːke# | #pˈɛk# | #pˈɛk# | #pˈɛk# | #pˈɛk# {GOLD: #pˈac#}
678    | #pˌɑːktˈɑːre# | #pəftˈie̯r# | #pəftˈie̯ɾ# | #pəftˈie̯ɾ# | #pəftˈie̯ɾ# {GOLD: #pajtˈɔj#}
679    | #pˌɑktwøː# | #pˌaftw# | #pˌaftw# | #pˌaftw# | #pˌaftw# {GOLD: #pˈajt#}
680    | #pˌɑlːˈɑːtju# | #pəlːˈi?# | #pəlˠˈi?# | #pəlˠˈi?# | #pəlˠˈi?# {GOLD: #pəlˠas#}
681    | #pˈɑːnu# | #pˈaːn# | #pˈəːn# | #pˈən# | #pˈən# {GOLD: #pˈɛ#}
682    | #pˌɑrˈɑəlːɑ# | #pərˈaːlː# | #pəɾˈaːlˠ# | #pəɾˈalˠ# | #pəɾˈalˠ# {GOLD: #pərˈalˠə#}
683    | #pˌɑrɑˈiːsu# | #pərˈiːʃ# | #pəɾˈiːʃ# | #pəɾˈiʃ# | #pəɾˈiʃ# {GOLD: #parˈiz#}
684    | #pˌɑrˈɑːre# | #pərˈie̯r# | #pəɾˈie̯ɾ# | #pəɾˈie̯ɾ# | #pəɾˈie̯ɾ# {GOLD: #pɾˈɔj#}
685    | #pˌɑrˈɑːre# | #pərˈie̯r# | #pəɾˈie̯ɾ# | #pəɾˈie̯ɾ# | #pəɾˈie̯ɾ# {GOLD: #puɾˈɔj#}
686    | #pˈɑre# | #pˈie̯r# | #pˈie̯ɾ# | #pˈie̯ɾ# | #pˈie̯ɾ# {GOLD: #pˈaɾ#}
687    | #pˌɑrentˈɑːre# | #pərəndˈie̯r# | #pəɾə̃ndˈie̯ɾ# | #pəɾəndˈie̯ɾ# | #pəɾəndˈie̯ɾ# {GOLD: #pɛɾəndˈɔj#}
688    | #pˌɑrˈente# | #pərˈiːnd# | #pəɾˈĩːnd# | #pəɾˈind# | #pəɾˈind# {GOLD: #pɾˈind#}
689    | #pɑsˈeəlːu# | #pəʃˈɛːlː# | #pəʃˈɛːlˠ# | #pəʃˈɛlˠ# | #pəʃˈɛlˠ# {GOLD: #fraʃˈualˠ#}
690    | #pˈɑskɑ# | #pˈaːʃk# | #pˈaːʃk# | #pˈaʃk# | #pˈat͡ʃk# {GOLD: #pˈaʃkə#}
691    | #pˈɑskɑ# | #pˈaːʃk# | #pˈaːʃk# | #pˈaʃk# | #pˈat͡ʃk# {GOLD: #pˈaʃkə#}
692    | #pˈɑssu# | #pˈaːʃʃ# | #pˈaːʃʃ# | #pˈaʃʃ# | #pˈat͡ʃʃ# {GOLD: #pˈaʃ#}
693    | #pˈɑstəkɑ# | #pˈaːʃtɜk# | #pˈaːʃtɜk# | #pˈaʃtɜk# | #pˈat͡ʃtɜk# {GOLD: #bjˈɛʃkə#}
694    | #pˌɑstyːrˈɑːku# | #pəʃtərˈak# | #pəʃtəɾˈak# | #pəʃtəɾˈak# | #pət͡ʃtəɾˈak# {GOLD: #paʃtɾˈak#}
695    | #pˌɑtjˈɑːre# | #pə?ˈie̯r# | #pə?ˈie̯ɾ# | #pə?ˈie̯ɾ# | #pə?ˈie̯ɾ# {GOLD: #pəsˈɔj#}
696    | #pˌɑˈiːkəlːɑ# | #pˈiːkɜlː# | #pˈiːkɜlˠ# | #pˈikɜlˠ# | #pˈikɜlˠ# {GOLD: #pˈykə#}
697    | #pˈɑwku# | #pˈak# | #pˈak# | #pˈak# | #pˈak# {GOLD: #pˈak#}
698    | #pˈɑwlu# | #pˈaːl# | #pˈaːl# | #pˈal# | #pˈal# {GOLD: #pˈal#}
699    | #pˌɑwsˈɑːre# | #pəʃˈie̯r# | #pəʃˈie̯ɾ# | #pəʃˈie̯ɾ# | #pəʃˈie̯ɾ# {GOLD: #puʃˈɔj#}
700    | #pˈeəkɑ# | #pˈɛːk# | #pˈɛːk# | #pˈɛk# | #pˈɛk# {GOLD: #pˈɛŋɡə#}
701    | #pˈekte# | #pˈiːft# | #pˈiːft# | #pˈift# | #pˈift# {GOLD: #pˈitɛ#}
702    | #pˈeːsɑ# | #pˈiːʃ# | #pˈiːʃ# | #pˈiʃ# | #pˈiʃ# {GOLD: #pˈɛʃə#}
703    | #pˌeːsˈɑːre# | #pəʃˈie̯r# | #pəʃˈie̯ɾ# | #pəʃˈie̯ɾ# | #pəʃˈie̯ɾ# {GOLD: #pɛʃˈɔj#}
704    | #pˈepəne# | #pˈɛpɜn# | #pˈɛpɜ̃n# | #pˈɛpɜn# | #pˈɛpɜn# {GOLD: #pjˈɛpəɾ#}
705    | #pˈerɡəlːɑ# | #pˈɛːrɡɜlː# | #pˈɛːɾɡɜlˠ# | #pˈɛɾɡɜlˠ# | #pˈɛɾɡɜlˠ# {GOLD: #pjˈɛɾɡulˠə#}
706    | #pˌerindˈulɡˈeːre# | #pərəndˈyːlɡˈiːr# | #pəɾə̃ndˈyːlɡˈiːɾ# | #pəɾəndˈylɡˈiɾ# | #pəɾəndˈylɟˈiɾ# {GOLD: #pəɾdəlˈɛj#}
707    | #pˌelːɑˈɑnte# | #pəlːˈɛːnd# | #pəlˠˈɛ̃ːnd# | #pəlˠˈɛnd# | #pəlˠˈɛnd# {GOLD: #pulˠˈənd#}
708    | #pˌerpɑrˈɑːre# | #pərpərˈie̯r# | #pəɾpəɾˈie̯ɾ# | #pəɾpəɾˈie̯ɾ# | #pəɾpəɾˈie̯ɾ# {GOLD: #puprˈɔj#}
709    | #pˌerbiɡilːˈɑːre# | #pərbəɡəlːˈie̯r# | #pəɾbəɡəlˠˈie̯ɾ# | #pəɾbəɡəlˠˈie̯ɾ# | #pəɾbəɡəlˠˈie̯ɾ# {GOLD: #pəɾɟˈɔj#}
710    | #pˌessikˈɑːre# | #pəʃʃəkˈie̯r# | #pəʃʃəkˈie̯ɾ# | #pəʃʃəkˈie̯ɾ# | #pət͡ʃʃəcˈie̯ɾ# {GOLD: #pəʃkˈɔj#}
711    | #pˈessəkɑ# | #pˈiːʃʃɜk# | #pˈiːʃʃɜk# | #pˈiʃʃɜk# | #pˈit͡ʃʃɜk# {GOLD: #pjˈɛʃkə#}
712    | #pˈetru# | #pˈɛtr# | #pˈɛtɾ# | #pˈɛtɾ# | #pˈɛtɾ# {GOLD: #pjˈɛtəɾ#}
713    | #pˈettjɑ# | #pˈit?# | #pˈit?# | #pˈit?# | #pˈit?# {GOLD: #pjˈɛsə#}
714    | #pˈiɲu# | #pˈiːɲ# | #pˈĩːɲ# | #pˈiɲ# | #pˈiɲ# {GOLD: #pˈɛŋɡ#}
715    | #pˌiɡritˈɑːre# | #pəɡrtˈie̯r# | #pəɡɾtˈie̯ɾ# | #pəɡɾtˈie̯ɾ# | #pəɡɾtˈie̯ɾ# {GOLD: #pəɾtˈɔj#}
716    | #pˈiktɑ# | #pˈɛːft# | #pˈɛːft# | #pˈɛft# | #pˈɛft# {GOLD: #pˈitə#}
717    | #pˈiːlːɑ# | #pˈiːlː# | #pˈiːlˠ# | #pˈilˠ# | #pˈilˠ# {GOLD: #pˈilˠə#}
718    | #pˈiːlːɑ# | #pˈiːlː# | #pˈiːlˠ# | #pˈilˠ# | #pˈilˠ# {GOLD: #pˈilˠə#}
719    | #pˈilːɑ# | #pˈɛːlː# | #pˈɛːlˠ# | #pˈɛlˠ# | #pˈɛlˠ# {GOLD: #pˈilˠə#}
720    | #pˈilːu# | #pˈie̯lː# | #pˈie̯lˠ# | #pˈie̯lˠ# | #pˈie̯lˠ# {GOLD: #pˈil#}
721    | #pˌinɡerˈɑːre# | #pənɡərˈie̯r# | #pə̃nɡəɾˈie̯ɾ# | #pənɡəɾˈie̯ɾ# | #pənɡəɾˈie̯ɾ# {GOLD: #piŋɡɾˈɔj#}
722    | #pˈinːɑ# | #pˈɛːnː# | #pˈɛ̃ːn# | #pˈɛn# | #pˈɛn# {GOLD: #pˈɛndə#}
723    | #pˈiːpɑ# | #pˈip# | #pˈip# | #pˈip# | #pˈip# {GOLD: #pˈipə#}
724    | #pˈiske# | #pˈiːʃk# | #pˈiːʃk# | #pˈiʃk# | #pˈit͡ʃk# {GOLD: #pˈɛʃk#}
725    | #pˌisjɑtwˈɒːre# | #pəʃjətwˈye̯r# | #pəʃjətwˈye̯ɾ# | #pəʃjətwˈye̯ɾ# | #pəʃjətwˈye̯ɾ# {GOLD: #pɛʃkətˈaɾ#}
726    | #pˌistˈɑːʎɑ# | #pəʃtˈɛːʎ# | #pəʃtˈɛːʎ# | #pəʃtˈɛj# | #pət͡ʃtˈɛj# {GOLD: #biʃtˈajə#}
727    | #pˌistwˈɒːrjɑ# | #pəʃtw?r# | #pəʃtw?ɾ# | #pəʃtw?ɾ# | #pət͡ʃtw?ɾ# {GOLD: #ʃtˈɛɾə#}
728    | #pˈittɑ# | #pˈɛtt# | #pˈɛtt# | #pˈɛtt# | #pˈɛtt# {GOLD: #pˈɛtə#}
729    | #pˈittəlːɑ# | #pˈɛttɜlː# | #pˈɛttɜlˠ# | #pˈɛttɜlˠ# | #pˈɛttɜlˠ# {GOLD: #pˈɛtulˠ#}
730    | #plˈɑːɡɑ# | #plˈaɡ# | #plˈaɡ# | #plˈaɡ# | #plˈaɡ# {GOLD: #plˈaɡə#}
731    | #plˈɑɡjɑ# | #plˈiɡ# | #plˈiɡ# | #plˈiɡ# | #plˈiɡ# {GOLD: #plˠˈajə#}
732    | #plˌɑkˈeːre# | #plkˈiːr# | #pʎkˈiːɾ# | #pjkˈiɾ# | #pjcˈiɾ# {GOLD: #pəlcˈɛj#}
733    | #plˈɑnku# | #plˈaːnɡ# | #plˈəːnɡ# | #plˈənɡ# | #plˈənɡ# {GOLD: #plˈaŋɡ#}
734    | #plˈɑntəku# | #plˈaːndɜk# | #plˈəːndɜk# | #plˈəndɜk# | #plˈəndɜk# {GOLD: #plˈaŋɡ#}
735    | #plˈɑːnu# | #plˈaːn# | #plˈəːn# | #plˈən# | #plˈən# {GOLD: #plˈand#}
736    | #plˈɑtəɲɑ# | #plˈatɜɲ# | #plˈatɜ̃ɲ# | #plˈatɜɲ# | #plˈatɜɲ# {GOLD: #pˈalɲə#}
737    | #plˌikˈiːnu# | #plkˈiːn# | #pʎkˈĩːn# | #pjkˈin# | #pjcˈin# {GOLD: #pəcˈi#}
738    | #plˈiktu# | #plˈɛːft# | #plˈɛːft# | #plˈɛft# | #plˈɛft# {GOLD: #plˈic#}
739    | #plwˈøːpu# | #plw?p# | #plw?p# | #plw?p# | #plw?p# {GOLD: #plˈɛp#}
740    | #plˈumbu# | #plˈuːmb# | #plˈũːɱb# | #plˈuɱb# | #plˈuɱb# {GOLD: #plˈumb#}
741    | #pˌoʎˈentɑ# | #pəʎˈɛːnd# | #pəʎˈɛ̃ːnd# | #pəjˈɛnd# | #pəjˈɛnd# {GOLD: #pulˠˈəndə#}
742    | #pˌolikˈɑːri# | #pəlkˈie̯r# | #pəʎkˈie̯ɾ# | #pəjkˈie̯ɾ# | #pəjcˈie̯ɾ# {GOLD: #pulcˈyɛɾ#}
743    | #pˌolikˈɑːri# | #pəlkˈie̯r# | #pəʎkˈie̯ɾ# | #pəjkˈie̯ɾ# | #pəjcˈie̯ɾ# {GOLD: #pulcˈɛɾ#}
744    | #pwˈøːmɑ# | #pw?m# | #pw?ɱb# | #pw?ɱb# | #pw?ɱb# {GOLD: #pˈɛmə#}
745    | #pˌoe̯nitˈeːre# | #pəe̯ndˈiːr# | #pəe̯ndˈiːɾ# | #pəe̯ndˈiɾ# | #pəe̯ndˈiɾ# {GOLD: #pɛndˈɔj#}
746    | #pˌorːo# | #pˌɔrː# | #pˌɔr# | #pˌɔr# | #pˌɔr# {GOLD: #pˈɔɾ#}
747    | #pˈopəlːu# | #pˈɔpɜlː# | #pˈɔpɜlˠ# | #pˈɔpɜlˠ# | #pˈɔpɜlˠ# {GOLD: #pˈɔpulˠ#}
748    | #pˌorːˈikju# | #pərːˈikj# | #pərˈikj# | #pərˈic# | #pərˈic# {GOLD: #pɔrˈic#}
749    | #pˌorːˈiːnɑ# | #pərːˈiːn# | #pərˈĩːn# | #pərˈin# | #pərˈin# {GOLD: #pɾˈijə#}
750    | #pˈortɑ# | #pˈɔːrt# | #pˈɔːɾt# | #pˈɔɾt# | #pˈɔɾt# {GOLD: #pˈɔɾtə#}
751    | #pˌosˈɑːre# | #pəʃˈie̯r# | #pəʃˈie̯ɾ# | #pəʃˈie̯ɾ# | #pəʃˈie̯ɾ# {GOLD: #puʃˈɔj#}
752    | #pˈoste# | #p?ʃt# | #p?ʃt# | #p?ʃt# | #p?t͡ʃt# {GOLD: #pˈɔʃtə#}
753    | #pˌotestˈɑːre# | #pətəʃtˈie̯r# | #pətəʃtˈie̯ɾ# | #pətəʃtˈie̯ɾ# | #pətət͡ʃtˈie̯ɾ# {GOLD: #puʃtˈɔj#}
754    | #pˌotestˈɑːte# | #pətəʃtˈɛt# | #pətəʃtˈɛt# | #pətəʃtˈɛt# | #pətət͡ʃtˈɛt# {GOLD: #puʃtˈɛt#}
755    | #pˈottu# | #pˈɔtt# | #pˈɔtt# | #pˈɔtt# | #pˈɔtt# {GOLD: #pˈɔt#}
756    | #prˈeːdɑ# | #prˈɛd# | #pɾˈɛd# | #pɾˈɛd# | #pɾˈɛd# {GOLD: #prɛ#}
757    | #prˈeːdɑ# | #prˈɛd# | #pɾˈɛd# | #pɾˈɛd# | #pɾˈɛd# {GOLD: #pɾˈɛðə#}
758    | #prˌeːˈiːre# | #prˈiːr# | #pɾˈiːɾ# | #pɾˈiɾ# | #pɾˈiɾ# {GOLD: #pɾˈij#}
759    | #prˈeːbətər# | #prˈɛbɜtɜr# | #pɾˈɛbɜtɜɾ# | #pɾˈɛbɜtɜɾ# | #pɾˈɛbɜtɜɾ# {GOLD: #prˈift#}
760    | #prˌiːmɑˈeːrɑ# | #prəmˈɛːr# | #pɾə̃ɱˈɛːɾ# | #pɾəɱˈɛɾ# | #pɾəɱˈɛɾ# {GOLD: #pɾanvˈɛɾə#}
761    | #prˈiːnke# | #prˈiːnɡ# | #pɾˈĩːnɡ# | #pɾˈinɡ# | #pɾˈinɡ# {GOLD: #pɾˈiɲɟ#}
762    | #prˌiːˈɑːre# | #prˈiːe̯r# | #pɾˈiːe̯ɾ# | #pɾˈie̯ɾ# | #pɾˈie̯ɾ# {GOLD: #pɾivˈɔj#}
763    | #prˈiːu# | #prˈi# | #pɾˈi# | #pɾˈi# | #pɾˈi# {GOLD: #pɾˈɛvə#}
764    | #prwˌøːˈɑːre# | #prwˈiːe̯r# | #pɾwˈiːe̯ɾ# | #pɾwˈie̯ɾ# | #pɾwˈie̯ɾ# {GOLD: #pɾɔðˈɔj#}
765    | #prˈoksəmu# | #prˈɔːfʃɜm# | #pɾˈɔːfʃɜ̃ɱb# | #pɾˈɔfʃɜɱb# | #pɾˈɔfʃɜɱb# {GOLD: #pɾˈɔʒəm#}
766    | #prˌoksimˈɑːre# | #prəfʃəmˈie̯r# | #pɾəfʃə̃ɱˈie̯ɾ# | #pɾəfʃəɱˈie̯ɾ# | #pɾəfʃəɱˈie̯ɾ# {GOLD: #pɾɔʒmˈɔj#}
767    | #prwˌøːmittˈeːre# | #prwəmttˈiːr# | #pɾwə̃ɱttˈiːɾ# | #pɾwəɱttˈiɾ# | #pɾwəɱttˈiɾ# {GOLD: #pɾɛmtˈɔj#}
768    | #pˈyːbləkɑ# | #p?blɜk# | #p?blɜk# | #p?blɜk# | #p?blɜk# {GOLD: #pˈukə#}
769    | #pˈyːbləku# | #p?blɜk# | #p?blɜk# | #p?blɜk# | #p?blɜk# {GOLD: #pˈuk#}
770    | #pˈulɑ# | #pˈuːl# | #pˈuːl# | #pˈul# | #pˈul# {GOLD: #pˈulˠə#}
771    | #pˈulu# | #pˈuːl# | #pˈuːl# | #pˈul# | #pˈul# {GOLD: #pˈul#}
772    | #pˈulpɑ# | #pˈuːlp# | #pˈuːlp# | #pˈulp# | #pˈulp# {GOLD: #pˈulpə#}
773    | #pˈulbəre# | #pˈuːlbɜr# | #pˈuːlbɜɾ# | #pˈulbɜɾ# | #pˈulbɜɾ# {GOLD: #bˈulbəɾ#}
774    | #pˈulbəre# | #pˈuːlbɜr# | #pˈuːlbɜɾ# | #pˈulbɜɾ# | #pˈulbɜɾ# {GOLD: #plˈuhuɾ#}
775    | #pˈunktɑ# | #pˈuːnft# | #pˈũːnft# | #pˈunft# | #pˈunft# {GOLD: #pˈuftə#}
776    | #pˈuppɑ# | #pˈupp# | #pˈupp# | #pˈupp# | #pˈupp# {GOLD: #pˈupə#}
777    | #pˈuppi# | #pˈypp# | #pˈypp# | #pˈypp# | #pˈypp# {GOLD: #pˈupə#}
778    | #pˈutju# | #pˈy?# | #pˈy?# | #pˈy?# | #pˈy?# {GOLD: #pˈus#}
779    | #pˈuttənɑ# | #pˈuttɜn# | #pˈuttɜ̃n# | #pˈuttɜn# | #pˈuttɜn# {GOLD: #pˈutəɾə#}
780    | #pˈɑru# | #pˈaːr# | #pˈaːɾ# | #pˈaɾ# | #pˈaɾ# {GOLD: #fˈar#}
781    | #rːˈɑdjɑ# | #rːˈi?# | #rˈi?# | #rˈi?# | #rˈi?# {GOLD: #rˈaz#}
782    | #rːˌɑːˈiːkɑ# | #rːˈiːk# | #rˈiːk# | #rˈik# | #rˈik# {GOLD: #rˈikə#}
783    | #rːˌɑːˈikəlːɑ# | #rːˈɛːkɜlː# | #rˈɛːkɜlˠ# | #rˈɛkɜlˠ# | #rˈɛkɜlˠ# {GOLD: #rˈilkə#}
784    | #rːˈɑːmu# | #rːˈaːm# | #rˈəːɱb# | #rˈəɱb# | #rˈəɱb# {GOLD: #rˈɛmb#}
785    | #rːˈɑːpɑ# | #rːˈap# | #rˈap# | #rˈap# | #rˈap# {GOLD: #ɾˈapə#}
786    | #rːˈɑːru# | #rːˈaːr# | #rˈaːɾ# | #rˈaɾ# | #rˈaɾ# {GOLD: #rˈalˠə#}
787    | #rːˈɑːsɑ# | #rːˈaːʃ# | #rˈaːʃ# | #rˈaʃ# | #rˈaʃ# {GOLD: #ɾˈaʃə#}
788    | #rːˌɑːstˈelu# | #rːəʃtˈɛːl# | #rəʃtˈɛːl# | #rəʃtˈɛl# | #rət͡ʃtˈɛl# {GOLD: #ɾaʃcˈɛl#}
789    | #rːˌɑːtjwˈɒːne# | #rːə?wˈye̯n# | #rə?wˈye̯n# | #rə?wˈye̯n# | #rə?wˈye̯n# {GOLD: #ˌaɾsˈye#}
790    | #rːˌenoˈɑːre# | #rːənˈiːe̯r# | #rə̃ɾˈiːe̯ɾ# | #rəɾˈie̯ɾ# | #rəɾˈie̯ɾ# {GOLD: #aɾnˈoj#}
791    | #rːˈeːɑ# | #rːˈɛ# | #rˈɛ# | #rˈɛ# | #rˈɛ# {GOLD: #rˈɛvə#}
792    | #rːˌefˈerːe# | #rːəfˈiːrː# | #rəfˈiːr# | #rəfˈir# | #rəfˈir# {GOLD: #rəfˈɛj#}
793    | #rːˈeːɡe# | #rːˈiɡ# | #rˈiɡ# | #rˈiɡ# | #rˈiɡ# {GOLD: #ɾˈɛɟ#}
794    | #rːˈeːɡəlːɑ# | #rːˈɛɡɜlː# | #rˈɛɡɜlˠ# | #rˈɛɡɜlˠ# | #rˈɛɡɜlˠ# {GOLD: #rˈɛɡulˠ#}
795    | #rːjiterˈaːre# | #rːjətərˈaːr# | #rjətəɾˈaːɾ# | #rjətəɾˈaɾ# | #rjətəɾˈaɾ# {GOLD: #nytəɾˈɔj#}
796    | #rːˈeːmu# | #rːˈɛːm# | #rˈɛ̃ːɱb# | #rˈɛɱb# | #rˈɛɱb# {GOLD: #rˈɛm#}
797    | #rːˌeniːˈeːre# | #rːənˈiːr# | #rə̃ɾˈiːɾ# | #rəɾˈiɾ# | #rəɾˈiɾ# {GOLD: #rəŋɟˈɛj#}
798    | #rːˌenoˈɑːre# | #rːənˈiːe̯r# | #rə̃ɾˈiːe̯ɾ# | #rəɾˈie̯ɾ# | #rəɾˈie̯ɾ# {GOLD: #aɾnˈɔj#}
799    | #rːˌeːsˈiːnɑ# | #rːəʃˈiːn# | #rəʃˈĩːn# | #rəʃˈin# | #rəʃˈin# {GOLD: #rəʃˈiɾə#}
800    | #rːˌesˈurɡəre# | #rːəʃˈuːrɡɜr# | #rəʃˈuːɾɡɜɾ# | #rəʃˈuɾɡɜɾ# | #rəʃˈuɾɡɜɾ# {GOLD: #riʒɡˈɔj#}
801    | #rːˈeːte# | #rːˈit# | #rˈit# | #rˈit# | #rˈit# {GOLD: #rjˈɛtə#}
802    | #rːˈeːste# | #rːˈiːʃt# | #rˈiːʃt# | #rˈiʃt# | #rˈit͡ʃt# {GOLD: #rjˈɛʃt#}
803    | #rːˈetənɑ# | #rːˈɛtɜn# | #rˈɛtɜ̃n# | #rˈɛtɜn# | #rˈɛtɜn# {GOLD: #rˈɛtəɾ#}
804    | #rːˌiɡˈɑːre# | #rːəɡˈie̯r# | #rəɡˈie̯ɾ# | #rəɡˈie̯ɾ# | #rəɟˈie̯ɾ# {GOLD: #ɾiɡˈɔj#}
805    | #rːˈikənu# | #rːˈɛkɜn# | #rˈɛkɜ̃n# | #rˈɛkɜn# | #rˈɛkɜn# {GOLD: #rˈicəɾ#}
806    | #rːˌiːmˈɑːriː# | #rːəmˈie̯r# | #rə̃ɱˈie̯ɾ# | #rəɱˈie̯ɾ# | #rəɱˈie̯ɾ# {GOLD: #ɾəmˈɔj#}
807    | #rːˈiːpɑ# | #rːˈip# | #rˈip# | #rˈip# | #rˈip# {GOLD: #rˈipə#}
808    | #rːwˈøːər# | #rːw?r# | #rw?ɾ# | #rw?ɾ# | #rw?ɾ# {GOLD: #rˈɔbulˠ#}
809    | #rːˈokkɑ# | #rːˈɔkk# | #rˈɔkk# | #rˈɔkk# | #rˈɔkk# {GOLD: #rˈɔkə#}
810    | #rːˌomˈɑːnu# | #rːəmˈaːn# | #rə̃ɱˈəːn# | #rəɱˈən# | #rəɱˈən# {GOLD: #ɾˈəməɾ#}
811    | #rːˈombu# | #rːˈɔːmb# | #rˈɔ̃ːɱb# | #rˈɔɱb# | #rˈɔɱb# {GOLD: #rˈumb#}
812    | #rːˈombəlːu# | #rːˈɔːmbɜlː# | #rˈɔ̃ːɱbɜlˠ# | #rˈɔɱbɜlˠ# | #rˈɔɱbɜlˠ# {GOLD: #rˈumbulˠ#}
813    | #rːˌompˈeːɑ# | #rːəmbˈɛ# | #rə̃ɱbˈɛ# | #rəɱbˈɛ# | #rəɱbˈɛ# {GOLD: #rufˈɛ#}
814    | #rːwˌøːsˈɑːʎɑ# | #rːwəʃˈɛːʎ# | #rwəʃˈɛːʎ# | #rwəʃˈɛj# | #rwəʃˈɛj# {GOLD: #rəʃˈajə#}
815    | #rːwˈøːsəpwˈɒːne# | #rːw?ʃəpwˈye̯n# | #rw?ʃəpwˈye̯n# | #rw?ʃəpwˈye̯n# | #rw?ʃəpwˈye̯n# {GOLD: #rɔʒpˈɔɲə#}
816    | #rːˈotɑ# | #rːˈɔt# | #rˈɔt# | #rˈɔt# | #rˈɔt# {GOLD: #rˈɔtə#}
817    | #rːˈotəlːu# | #rːˈɔtɜlː# | #rˈɔtɜlˠ# | #rˈɔtɜlˠ# | #rˈɔtɜlˠ# {GOLD: #rˈɔtulˠ#}
818    | #rːˌotˈundɑ# | #rːətˈuːnd# | #rətˈũːnd# | #rətˈund# | #rətˈund# {GOLD: #uɾtˈundə#}
819    | #rːˌunkˈɑːre# | #rːənɡˈie̯r# | #rə̃nɡˈie̯ɾ# | #rənɡˈie̯ɾ# | #rənɟˈie̯ɾ# {GOLD: #ɾuŋɡˈɔj#}
820    | #rːˈubjɑ# | #rːˈyb# | #rˈyb# | #rˈyb# | #rˈyb# {GOLD: #rˈɔjbə#}
821    | #rːˈyːɡɑ# | #rː?ɡ# | #r?ɡ# | #r?ɡ# | #r?ɡ# {GOLD: #rˈuɡə#}
822    | #rːˈumpəre# | #rːˈuːmbɜr# | #rˈũːɱbɜɾ# | #rˈuɱbɜɾ# | #rˈuɱbɜɾ# {GOLD: #rəmbˈɛj#}
823    | #rːˈyːskəlːu# | #rː?ʃkɜlː# | #r?ʃkɜlˠ# | #r?ʃkɜlˠ# | #r?t͡ʃkɜlˠ# {GOLD: #rˈuʃkulˠ#}
824    | #rːˈyːtɑ# | #rː?t# | #r?t# | #r?t# | #r?t# {GOLD: #ɾˈytə#}
825    | #sˌɑˈurːu# | #ʃˈuːrː# | #ʃˈuːr# | #ʃˈur# | #ʃˈur# {GOLD: #ʒˈuɾ#}
826    | #sˈeːkəlːu# | #ʃˈɛkɜlː# | #ʃˈɛkɜlˠ# | #ʃˈɛkɜlˠ# | #ʃˈɛkɜlˠ# {GOLD: #ʃˈɛkulˠ#}
827    | #sˌɑɡˈittɑ# | #ʃəɡˈɛtt# | #ʃəɡˈɛtt# | #ʃəɡˈɛtt# | #ʃəɟˈɛtt# {GOLD: #ʃiɟˈɛtə#}
828    | #sˌɑɡittˈɑːre# | #ʃəɡəttˈie̯r# | #ʃəɡəttˈie̯ɾ# | #ʃəɡəttˈie̯ɾ# | #ʃəɡəttˈie̯ɾ# {GOLD: #ʃitˈɔj#}
829    | #sˌɑɡittˈɑːre# | #ʃəɡəttˈie̯r# | #ʃəɡəttˈie̯ɾ# | #ʃəɡəttˈie̯ɾ# | #ʃəɡəttˈie̯ɾ# {GOLD: #ʃajtˈɔj#}
830    | #sˌɑɡittˈɑːrju# | #ʃəɡəttˈiːrj# | #ʃəɡəttˈiːɾj# | #ʃəɡəttˈiɾj# | #ʃəɡəttˈiɾj# {GOLD: #ʃiɟɛtˈaɾ#}
831    | #sˈɑɡu# | #ʃˈaɡ# | #ʃˈaɡ# | #ʃˈaɡ# | #ʃˈaɡ# {GOLD: #ʃˈaɡ#}
832    | #sˈɑkkəlːu# | #ʃˈakkɜlː# | #ʃˈakkɜlˠ# | #ʃˈakkɜlˠ# | #ʃˈakkɜlˠ# {GOLD: #ʃˈakulˠ#}
833    | #sˌɑkrˈɑːre# | #ʃəkrˈie̯r# | #ʃəkɾˈie̯ɾ# | #ʃəkɾˈie̯ɾ# | #ʃəkɾˈie̯ɾ# {GOLD: #ʃəkɾˈɔj#}
834    | #sˈɑʎəkɑ# | #ʃˈɛːʎɜk# | #ʃˈɛːʎɜk# | #ʃˈɛjɜk# | #ʃˈɛjɜk# {GOLD: #ʃˈɛlcɛ#}
835    | #sˈɑʎəke# | #ʃˈɛːʎɜk# | #ʃˈɛːʎɜk# | #ʃˈɛjɜk# | #ʃˈɛjɜk# {GOLD: #ʃˈɛlɡ#}
836    | #sˌɑʎikˈeːtu# | #ʃəʎkˈɛt# | #ʃəʎkˈɛt# | #ʃəjkˈɛt# | #ʃəjcˈɛt# {GOLD: #ʃɛlcˈɛt#}
837    | #sˌɑʎˈiːnɑ# | #ʃəʎˈiːn# | #ʃəʎˈĩːn# | #ʃəjˈin# | #ʃəjˈin# {GOLD: #ʃəlˠˈiɾə#}
838    | #sˌɑʎˈiːre# | #ʃəʎˈiːr# | #ʃəʎˈiːɾ# | #ʃəjˈiɾ# | #ʃəjˈiɾ# {GOLD: #ʃɛlˠˈɔj#}
839    | #sˌɑlbˈɑːre# | #ʃəlbˈie̯r# | #ʃəlbˈie̯ɾ# | #ʃəlbˈie̯ɾ# | #ʃəlbˈie̯ɾ# {GOLD: #ʃəlbˈɔj#}
840    | #sˌɑlbjˈelɑ# | #ʃəlbjˈɛːl# | #ʃəlbjˈɛːl# | #ʃəlbjˈɛl# | #ʃəlbjˈɛl# {GOLD: #ʃəɾbˈɛlə#}
841    | #sˌɑːnˈɑːre# | #ʃənˈie̯r# | #ʃə̃ɾˈie̯ɾ# | #ʃəɾˈie̯ɾ# | #ʃəɾˈie̯ɾ# {GOLD: #ʃəɾˈɔj#}
842    | #sˌɑːnitˈɑːte# | #ʃəndˈɛt# | #ʃə̃ndˈɛt# | #ʃəndˈɛt# | #ʃəndˈɛt# {GOLD: #ʃəndˈɛt#}
843    | #sˌɑːnitwˈøːsu# | #ʃəndw?ʃ# | #ʃə̃ndw?ʃ# | #ʃəndw?ʃ# | #ʃəndw?ʃ# {GOLD: #ʃəndˈɔʃə#}
844    | #sˌɑnɡisˈuɲjɑ# | #ʃənɡəʃˈyːɲ# | #ʃə̃nɡəʃˈỹːɲ# | #ʃənɡəʃˈyɲ# | #ʃənɡəʃˈyɲ# {GOLD: #ʃuʃˈuɲə#}
845    | #sˈɑnktəmtrˌiːnətˈɑːte# | #ʃˈaːnftəmtrəndˈɛt# | #ʃˈəːnftə̃ɱtɾə̃ndˈɛt# | #ʃˈənftəɱtɾəndˈɛt# | #ʃˈənftəɱtɾəndˈɛt# {GOLD: #ʃəndəɾtˈat#}
846    | #sˈɑːnktu# | #ʃˈaːnft# | #ʃˈəːnft# | #ʃˈənft# | #ʃˈənft# {GOLD: #ʃˈɛɲtə#}
847    | #sˌɑppˈɑːre# | #ʃəppˈie̯r# | #ʃəppˈie̯ɾ# | #ʃəppˈie̯ɾ# | #ʃəppˈie̯ɾ# {GOLD: #ʃapˈɔj#}
848    | #sˈɑpu# | #ʃˈap# | #ʃˈap# | #ʃˈap# | #ʃˈap# {GOLD: #ʃap#}
849    | #sˈɑrəkɑ# | #ʃˈaːrɜk# | #ʃˈaːɾɜk# | #ʃˈaɾɜk# | #ʃˈaɾɜk# {GOLD: #ʃˈaɾkə#}
850    | #sˌɑrkinˈɑːrju# | #ʃərkənˈiːrj# | #ʃəɾkə̃ɾˈiːɾj# | #ʃəɾkəɾˈiɾj# | #ʃəɾkəɾˈiɾj# {GOLD: #ʃɛlcəɾˈɔɾ#}
851    | #sˌɑrmˈentu# | #ʃərmˈɛːnd# | #ʃəɾmˈɛ̃ːnd# | #ʃəɾmˈɛnd# | #ʃəɾmˈɛnd# {GOLD: #ʃəɾmˈɛnd#}
852    | #sˌɑtˈurniː# | #ʃətˈyːrn# | #ʃətˈyːɾn# | #ʃətˈyɾn# | #ʃətˈyɾn# {GOLD: #ʃtˈunə#}
853    | #sˌekrˈeːtu# | #ʃəkrˈɛt# | #ʃəkɾˈɛt# | #ʃəkɾˈɛt# | #ʃəkɾˈɛt# {GOLD: #ʃkɾˈɛtə#}
854    | #sˈektɑ# | #ʃˈɛːft# | #ʃˈɛːft# | #ʃˈɛft# | #ʃˈɛft# {GOLD: #ʃˈatə#}
855    | #sˈektu# | #ʃˈɛːft# | #ʃˈɛːft# | #ʃˈɛft# | #ʃˈɛft# {GOLD: #ʃˈat#}
856    | #sˈɑlɑ# | #ʃˈaːl# | #ʃˈaːl# | #ʃˈal# | #ʃˈal# {GOLD: #ʃˈalə#}
857    | #sˈɑrːɑ# | #ʃˈaːrː# | #ʃˈaːr# | #ʃˈar# | #ʃˈar# {GOLD: #ʃˈarə#}
858    | #sˌertˈɑːre# | #ʃərtˈie̯r# | #ʃəɾtˈie̯ɾ# | #ʃəɾtˈie̯ɾ# | #ʃəɾtˈie̯ɾ# {GOLD: #ʃaɾtˈɔj#}
859    | #sˌerbˈiːre# | #ʃərbˈiːr# | #ʃəɾbˈiːɾ# | #ʃəɾbˈiɾ# | #ʃəɾbˈiɾ# {GOLD: #ʃəɾbˈɛj#}
860    | #sˌerbˈitju# | #ʃərbˈi?# | #ʃəɾbˈi?# | #ʃəɾbˈi?# | #ʃəɾbˈi?# {GOLD: #ʃəɾbˈɛs#}
861    | #sˌerbitˈyːrɑ# | #ʃərbət?r# | #ʃəɾbət?ɾ# | #ʃəɾbət?ɾ# | #ʃəɾbət?ɾ# {GOLD: #ʃəɾbətˈyɾə#}
862    | #sˈessu# | #ʃˈiːʃʃ# | #ʃˈiːʃʃ# | #ʃˈiʃʃ# | #ʃˈit͡ʃʃ# {GOLD: #ʃˈɛʃ#}
863    | #sˌiɲˈɑːre# | #ʃəɲˈie̯r# | #ʃə̃ɲˈie̯ɾ# | #ʃəɲˈie̯ɾ# | #ʃəɲˈie̯ɾ# {GOLD: #ʃənˈɔj#}
864    | #sˈiɲu# | #ʃˈiːɲ# | #ʃˈĩːɲ# | #ʃˈiɲ# | #ʃˈiɲ# {GOLD: #ʃˈɛɲə#}
865    | #sˈiɲu# | #ʃˈiːɲ# | #ʃˈĩːɲ# | #ʃˈiɲ# | #ʃˈiɲ# {GOLD: #ʃˈɛŋ#}
866    | #sˈiːk# | #ʃˈik# | #ʃˈik# | #ʃˈik# | #ʃˈik# {GOLD: #ʃˈi#}
867    | #sˈiklɑ# | #ʃˈɛkl# | #ʃˈɛkʎ# | #ʃˈɛc# | #ʃˈɛc# {GOLD: #ʃˈɛcə#}
868    | #sˈikəlːɑ# | #ʃˈɛkɜlː# | #ʃˈɛkɜlˠ# | #ʃˈɛkɜlˠ# | #ʃˈɛkɜlˠ# {GOLD: #ʃˈikəlˠ#}
869    | #sˌimilːˈɑːre# | #ʃəməlːˈie̯r# | #ʃə̃ɱəlˠˈie̯ɾ# | #ʃəɱəlˠˈie̯ɾ# | #ʃəɱəlˠˈie̯ɾ# {GOLD: #ʃəmbəlˠˈɛj#}
870    | #sˌimilːɑtˈyːrɑ# | #ʃəməlːət?r# | #ʃə̃ɱəlˠət?ɾ# | #ʃəɱəlˠət?ɾ# | #ʃəɱəlˠət?ɾ# {GOLD: #ʃəmbəlˠtˈyɾə#}
871    | #sˈiːnu# | #ʃˈiːn# | #ʃˈĩːn# | #ʃˈin# | #ʃˈin# {GOLD: #ʃˈi#}
872    | #sˈirpe# | #ʃˈiːrp# | #ʃˈiːɾp# | #ʃˈiɾp# | #ʃˈiɾp# {GOLD: #ʃˈɛɾp#}
873    | #sˈitɑ# | #ʃˈɛt# | #ʃˈɛt# | #ʃˈɛt# | #ʃˈɛt# {GOLD: #ʃˈitə#}
874    | #skˈɑbjeː# | #ʃkˈibj# | #ʃkˈibj# | #ʃkˈibj# | #t͡ʃcˈibj# {GOLD: #zɟˈɛbə#}
875    | #skˈɑːlːɑː# | #ʃkˈaːlː# | #ʃkˈaːlˠ# | #ʃkˈalˠ# | #t͡ʃkˈalˠ# {GOLD: #ʃkˈalə#}
876    | #skˈɑmnu# | #ʃkˈaːmn# | #ʃkˈəːɱn# | #ʃkˈəɱn# | #t͡ʃkˈəɱn# {GOLD: #ʃkˈəmb#}
877    | #skˈɑndəlːu# | #ʃkˈaːndɜlː# | #ʃkˈəːndɜlˠ# | #ʃkˈəndɜlˠ# | #t͡ʃkˈəndɜlˠ# {GOLD: #ʃkˈandulˠ#}
878    | #skjˈentjɑ# | #ʃkjˈiːn?# | #ʃkjˈĩːn?# | #ʃcˈin?# | #t͡ʃcˈin?# {GOLD: #ʃkˈɛnt͡sə#}
879    | #skˌintˈiʎɑ# | #ʃkəndˈiːʎ# | #ʃkə̃ndˈiːʎ# | #ʃkəndˈij# | #t͡ʃkəndˈij# {GOLD: #ʃkəndˈijə#}
880    | #sklˈɑu# | #ʃklˈa# | #ʃkʎˈa# | #ʃcˈa# | #t͡ʃcˈa# {GOLD: #ʃcˈa#}
881    | #sklwˈøːpu# | #ʃklw?p# | #ʃkʎw?p# | #ʃcw?p# | #t͡ʃcw?p# {GOLD: #ʃcˈɛp#}
882    | #skˈodrɑ# | #ʃkˈɔdr# | #ʃkˈɔdɾ# | #ʃkˈɔdɾ# | #t͡ʃkˈɔdɾ# {GOLD: #ʃkˈɔdəɾ#}
883    | #skˈolːɑ# | #ʃkˈɔːlː# | #ʃkˈɔːlˠ# | #ʃkˈɔlˠ# | #t͡ʃkˈɔlˠ# {GOLD: #ʃkˈɔlˠə#}
884    | #skwˈøːpɑ# | #ʃkw?p# | #ʃkw?p# | #ʃkw?p# | #t͡ʃkw?p# {GOLD: #ʃcˈɔpə#}
885    | #skwˈɒːrjɑ# | #ʃkw?r# | #ʃkw?ɾ# | #ʃkw?ɾ# | #t͡ʃkw?ɾ# {GOLD: #zɟˈyɾə#}
886    | #skˈorpjwøː# | #ʃk?rpjw# | #ʃk?ɾpjw# | #ʃk?ɾpjw# | #t͡ʃc?ɾpjw# {GOLD: #ʃkɾˈap#}
887    | #skˈortjɑ# | #ʃk?r?# | #ʃk?ɾ?# | #ʃk?ɾ?# | #t͡ʃc?ɾ?# {GOLD: #ʃkˈɔɾsə#}
888    | #skrˈiːəre# | #ʃkrˈiːr# | #ʃkɾˈiːɾ# | #ʃkɾˈiɾ# | #t͡ʃkɾˈiɾ# {GOLD: #ʃkɾˈuaj#}
889    | #skˈumɑ# | #ʃkˈuːm# | #ʃkˈũːɱb# | #ʃkˈuɱb# | #t͡ʃkˈuɱb# {GOLD: #ʃkˈumə#}
890    | #skrˌyːtˈɑːri# | #ʃkrtˈie̯r# | #ʃkɾtˈie̯ɾ# | #ʃkɾtˈie̯ɾ# | #t͡ʃkɾtˈie̯ɾ# {GOLD: #ʃcyɾtˈɔj#}
891    | #skˈyːtu# | #ʃk?t# | #ʃk?t# | #ʃk?t# | #t͡ʃc?t# {GOLD: #ʃcˈyt#}
892    | #skˈɑːtu# | #ʃkˈat# | #ʃkˈat# | #ʃkˈat# | #t͡ʃkˈat# {GOLD: #ʃkˈat#}
893    | #slˈuku# | #ʃlˈuk# | #ʒlˈuk# | #ʒlˈuk# | #ʒlˈuk# {GOLD: #ʃlˈuk#}
894    | #sˈokɑ# | #ʃˈɔk# | #ʃˈɔk# | #ʃˈɔk# | #ʃˈɔk# {GOLD: #ʃˈɔkə#}
895    | #sˈokjɑ# | #ʃ?k# | #ʃ?k# | #ʃ?k# | #ʃ?k# {GOLD: #ʃˈɔcɛ#}
896    | #sˈokju# | #ʃ?kj# | #ʃ?kj# | #ʃ?c# | #ʃ?c# {GOLD: #ʃˈɔc#}
897    | #sˈolːɑ# | #ʃˈɔːlː# | #ʃˈɔːlˠ# | #ʃˈɔlˠ# | #ʃˈɔlˠ# {GOLD: #ʃˈɔlˠə#}
898    | #sˌolːˈɑːnu# | #ʃəlːˈaːn# | #ʃəlˠˈəːn# | #ʃəlˠˈən# | #ʃəlˠˈən# {GOLD: #ʃˈulˠə#}
899    | #sˈolːu# | #ʃˈuo̯lː# | #ʃˈuo̯lˠ# | #ʃˈuo̯lˠ# | #ʃˈuo̯lˠ# {GOLD: #ʃˈualˠ#}
900    | #sˈorbɑ# | #ʃˈɔːrb# | #ʃˈɔːɾb# | #ʃˈɔɾb# | #ʃˈɔɾb# {GOLD: #ʃˈuɾbə#}
901    | #sˈorte# | #ʃ?rt# | #ʃ?ɾt# | #ʃ?ɾt# | #ʃ?ɾt# {GOLD: #ʃˈɔɾt#}
902    | #sˌortˈiːkɑ# | #ʃərtˈik# | #ʃəɾtˈik# | #ʃəɾtˈik# | #ʃəɾtˈik# {GOLD: #ʃɔɾtˈɛkə#}
903    | #spˈɑtɑ# | #ʃpˈat# | #ʃpˈat# | #ʃpˈat# | #t͡ʃpˈat# {GOLD: #ʃpˈatə#}
904    | #spˈɑrtɑ# | #ʃpˈaːrt# | #ʃpˈaːɾt# | #ʃpˈaɾt# | #t͡ʃpˈaɾt# {GOLD: #ʃpˈaɾtə#}
905    | #spˈɑtəlːɑ# | #ʃpˈatɜlː# | #ʃpˈatɜlˠ# | #ʃpˈatɜlˠ# | #t͡ʃpˈatɜlˠ# {GOLD: #ʃpˈatulˠ#}
906    | #spˈeːʎəɑ# | #ʃpˈiːʎɜ# | #ʃpˈiːʎɜ# | #ʃpˈij# | #t͡ʃpˈij# {GOLD: #ʃpˈɛlˠə#}
907    | #spˌerˈɑntjɑ# | #ʃpərˈiːn?# | #ʃpəɾˈĩːn?# | #ʃpəɾˈin?# | #t͡ʃpəɾˈin?# {GOLD: #ʃprˈɛsə#}
908    | #spˌeːrˈɑːre# | #ʃpərˈie̯r# | #ʃpəɾˈie̯ɾ# | #ʃpəɾˈie̯ɾ# | #t͡ʃpəɾˈie̯ɾ# {GOLD: #ʃpəɾˈɛj#}
909    | #spˈiːnɑ# | #ʃpˈiːn# | #ʃpˈĩːn# | #ʃpˈin# | #t͡ʃpˈin# {GOLD: #ʃpˈinə#}
910    | #spˌiːrˈaːre# | #ʃpərˈaːr# | #ʃpəɾˈaːɾ# | #ʃpəɾˈaɾ# | #t͡ʃpəɾˈaɾ# {GOLD: #ʃpirˈɔj#}
911    | #spˈiːrətu# | #ʃpˈiːrɜt# | #ʃpˈiːɾɜt# | #ʃpˈiɾɜt# | #t͡ʃpˈiɾɜt# {GOLD: #ʃpˈiɾt#}
912    | #spˈissu# | #ʃpˈɛːʃʃ# | #ʃpˈɛːʃʃ# | #ʃpˈɛʃʃ# | #t͡ʃpˈɛt͡ʃʃ# {GOLD: #ʃpɛʃə#}
913    | #spˈissu# | #ʃpˈɛːʃʃ# | #ʃpˈɛːʃʃ# | #ʃpˈɛʃʃ# | #t͡ʃpˈɛt͡ʃʃ# {GOLD: #ʃpˈɛʃ#}
914    | #splˌenˈetəku# | #ʃplənˈɛtɜk# | #ʃplə̃ɾˈɛtɜk# | #ʃpləɾˈɛtɜk# | #t͡ʃpləɾˈɛtɜk# {GOLD: #ʃpɾˈɛtkə#}
915    | #spˈodju# | #ʃp??# | #ʃp??# | #ʃp??# | #t͡ʃp??# {GOLD: #ʃpˈuzə#}
916    | #spˈortɑ# | #ʃpˈɔːrt# | #ʃpˈɔːɾt# | #ʃpˈɔɾt# | #t͡ʃpˈɔɾt# {GOLD: #ʃpˈɔɾtə#}
917    | #stˈɑəlːu# | #ʃtˈaːlː# | #ʃtˈaːlˠ# | #ʃtˈalˠ# | #t͡ʃtˈalˠ# {GOLD: #ʃtˈalˠə#}
918    | #stˈɑmnu# | #ʃtˈaːmn# | #ʃtˈəːɱn# | #ʃtˈəɱn# | #t͡ʃtˈəɱn# {GOLD: #ʃtˈam#}
919    | #stˈɑnku# | #ʃtˈaːnɡ# | #ʃtˈəːnɡ# | #ʃtˈənɡ# | #t͡ʃtˈənɡ# {GOLD: #ʃtˈəŋɡ#}
920    | #stˈɑːtiː# | #ʃtˈɛt# | #ʃtˈɛt# | #ʃtˈɛt# | #t͡ʃtˈɛt# {GOLD: #ʃtˈɛt#}
921    | #stˈɑtu# | #ʃtˈat# | #ʃtˈat# | #ʃtˈat# | #t͡ʃtˈat# {GOLD: #ʃtˈat#}
922    | #stˌernˈɑːku# | #ʃtərnˈak# | #ʃtərˈak# | #ʃtərˈak# | #t͡ʃtərˈak# {GOLD: #ʃtrˈak#}
923    | #strˈɑmbu# | #ʃtrˈaːmb# | #ʃtɾˈəːɱb# | #ʃtɾˈəɱb# | #t͡ʃtɾˈəɱb# {GOLD: #ʃtɾˈɛmb#}
924    | #strˈɑːtu# | #ʃtrˈat# | #ʃtɾˈat# | #ʃtɾˈat# | #t͡ʃtɾˈat# {GOLD: #ʃtɾˈat#}
925    | #strˈiːɡɑ# | #ʃtrˈiɡ# | #ʃtɾˈiɡ# | #ʃtɾˈiɡ# | #t͡ʃtɾˈiɡ# {GOLD: #ʃtɾˈiɡə#}
926    | #strˈinktu# | #ʃtrˈɛːnft# | #ʃtɾˈɛ̃ːnft# | #ʃtɾˈɛnft# | #t͡ʃtɾˈɛnft# {GOLD: #ʃtɾˈɛɲtə#}
927    | #strˈinɡəre# | #ʃtrˈɛːnɡɜr# | #ʃtɾˈɛ̃ːnɡɜɾ# | #ʃtɾˈɛnɡɜɾ# | #t͡ʃtɾˈɛnɡɜɾ# {GOLD: #ʃtɾəŋɡˈɔj#}
928    | #stˈuppɑ# | #ʃtˈupp# | #ʃtˈupp# | #ʃtˈupp# | #t͡ʃtˈupp# {GOLD: #ʃtˈupə#}
929    | #stˈurnu# | #ʃtˈuːrn# | #ʃtˈuːɾn# | #ʃtˈuɾn# | #t͡ʃtˈuɾn# {GOLD: #ʃtuɾə#}
930    | #stˈuʎa# | #ʃtˈyːʎ# | #ʃtˈyːʎ# | #ʃtˈyj# | #t͡ʃtˈyj# {GOLD: #ʃtˈulˠə#}
931    | #sbˌɑːˈiʎɑ# | #ʃbˈiːʎ# | #ʒbˈiːʎ# | #ʒbˈij# | #ʒbˈij# {GOLD: #ʃˈijə#}
932    | #sˌubjuɡˈɑːre# | #ʃəbjəɡˈie̯r# | #ʃəbjəɡˈie̯ɾ# | #ʃəbjəɡˈie̯ɾ# | #ʃəbjəɟˈie̯ɾ# {GOLD: #ʃˈuaj#}
933    | #sˌublˈɑːtɑ# | #ʃəblˈat# | #ʃəblˈat# | #ʃəblˈat# | #ʃəblˈat# {GOLD: #ʃulˠˈatə#}
934    | #sˌubmɑrˈiːtəkɑ# | #ʃəbmərˈitɜk# | #ʃəbɱəɾˈitɜk# | #ʃəbɱəɾˈitɜk# | #ʃəbɱəɾˈitɜk# {GOLD: #ʃɛməɾkə#}
935    | #sˌurɑwkˈɑːre# | #ʃərkˈie̯r# | #ʃəɾkˈie̯ɾ# | #ʃəɾkˈie̯ɾ# | #ʃəɾcˈie̯ɾ# {GOLD: #ʃuɾukˈɔj#}
936    | #sˌufferˈiːre# | #ʃəffərˈiːr# | #ʃəffəɾˈiːɾ# | #ʃəffəɾˈiɾ# | #ʃəffəɾˈiɾ# {GOLD: #ʃfɾˈɛj#}
937    | #sˈulpər# | #ʃˈuːlpɜr# | #ʃˈuːlpɜɾ# | #ʃˈulpɜɾ# | #ʃˈulpɜɾ# {GOLD: #scˈufuɾ#}
938    | #sˈummɑ# | #ʃˈuːmm# | #ʃˈũːɱɱb# | #ʃˈuɱɱb# | #ʃˈuɱɱb# {GOLD: #ʃˈumə#}
939    | #sˌupsˌiːritˈɑːre# | #ʃəpʃərtˈie̯r# | #ʃəpʃəɾtˈie̯ɾ# | #ʃəpʃəɾtˈie̯ɾ# | #ʃəpʃəɾtˈie̯ɾ# {GOLD: #pʃɛrətˈij#}
940    | #sˌupsˈiːrju# | #ʃəpʃˈiːrj# | #ʃəpʃˈiːɾj# | #ʃəpʃˈiɾj# | #ʃəpʃˈiɾj# {GOLD: #pʃˈiɾə#}
941    | #sˈurðu# | #ʃˈuːrð# | #ʃˈuːɾð# | #ʃˈuɾð# | #ʃˈuɾð# {GOLD: #ʃˈuɾð#}
942    | #sˌiːrˈinɡɑ# | #ʃərˈɛːnɡ# | #ʃəɾˈɛ̃ːnɡ# | #ʃəɾˈɛnɡ# | #ʃəɾˈɛnɡ# {GOLD: #ʃiɾˈiŋɡə#}
943    | #tˌɑˈelɑ# | #tˈɛːl# | #tˈɛːl# | #tˈɛl# | #tˈɛl# {GOLD: #tabˈɛlə#}
944    | #tˈɑːktu# | #tˈaːft# | #tˈaːft# | #tˈaft# | #tˈaft# {GOLD: #tˈaft#}
945    | #tˌɑksitˈɑːre# | #təfʃətˈie̯r# | #təfʃətˈie̯ɾ# | #təfʃətˈie̯ɾ# | #təfʃətˈie̯ɾ# {GOLD: #tatˈɔj#}
946    | #tˈɑːʎɑ# | #tˈɛːʎ# | #tˈɛːʎ# | #tˈɛj# | #tˈɛj# {GOLD: #tˈajə#}
947    | #tˈɑʎɑ# | #tˈɛːʎ# | #tˈɛːʎ# | #tˈɛj# | #tˈɛj# {GOLD: #tˈalə#}
948    | #tˈɑppɑ# | #tˈapp# | #tˈapp# | #tˈapp# | #tˈapp# {GOLD: #tˈapə#}
949    | #tˈɑwɾiː# | #tˈɛwɾ# | #tˈɛwɾ# | #tˈɛwɾ# | #tˈɛwɾ# {GOLD: #tˈeɾ#}
950    | #tˈɑwɾu# | #tˈaːɾ# | #tˈaːɾ# | #tˈaɾ# | #tˈaɾ# {GOLD: #tˈaɾ#}
951    | #tˈeɡməne# | #tˈɛɡmɜn# | #tˈɛɡɱɜ̃n# | #tˈɛɡɱɜn# | #tˈɛɡɱɜn# {GOLD: #tˈiməɾ#}
952    | #tˈeːɡəlːɑ# | #tˈɛɡɜlː# | #tˈɛɡɜlˠ# | #tˈɛɡɜlˠ# | #tˈɛɡɜlˠ# {GOLD: #tjˈɛɡulˠ#}
953    | #tˈempəlːɑ# | #tˈɛːmbɜlː# | #tˈɛ̃ːɱbɜlˠ# | #tˈɛɱbɜlˠ# | #tˈɛɱbɜlˠ# {GOLD: #tˈəmpla#}
954    | #tˈendɑ# | #tˈɛːnd# | #tˈɛ̃ːnd# | #tˈɛnd# | #tˈɛnd# {GOLD: #tˈəndə#}
955    | #tˌereˈelu# | #tərˈɛːl# | #təɾˈɛːl# | #təɾˈɛl# | #təɾˈɛl# {GOLD: #tuɾjˈɛlə#}
956    | #tˌereˈelu# | #tərˈɛːl# | #təɾˈɛːl# | #təɾˈɛl# | #təɾˈɛl# {GOLD: #tɾyˈɛlə#}
957    | #tˌerːeːmwˈøːtu# | #tərːəmw?t# | #tərə̃ɱw?t# | #tərəɱw?t# | #tərəɱw?t# {GOLD: #təɾmˈɛt#}
958    | #tˈestɑ# | #tˈiːʃt# | #tˈiːʃt# | #tˈiʃt# | #tˈit͡ʃt# {GOLD: #tˈɛʃə#}
959    | #tˌestimwˈøːɲˈaːriː# | #təʃtəmw?ɲˈaːr# | #təʃtə̃ɱw?ɲˈaːɾ# | #təʃtəɱw?ɲˈaɾ# | #tət͡ʃtəɱw?ɲˈaɾ# {GOLD: #dəʃmˈɔj#}
960    | #tˌimwˈɒːre# | #təmwˈye̯r# | #tə̃ɱwˈye̯ɾ# | #təɱwˈye̯ɾ# | #təɱwˈye̯ɾ# {GOLD: #tmˈɛr#}
961    | #tˈiːnɑ# | #tˈiːn# | #tˈĩːn# | #tˈin# | #tˈin# {GOLD: #tˈiɾə#}
962    | #tˈiɲɑ# | #tˈiːɲ# | #tˈĩːɲ# | #tˈiɲ# | #tˈiɲ# {GOLD: #tˈɛɲə#}
963    | #tˈinkɑ# | #tˈɛːnɡ# | #tˈɛ̃ːnɡ# | #tˈɛnɡ# | #tˈɛnɡ# {GOLD: #tˈiŋɡə#}
964    | #tˌinːˈuncəlːu# | #tənːˈyːnɟɜlː# | #tə̃nˈỹːnɟɜlˠ# | #tənˈynɟɜlˠ# | #tənˈynɟɜlˠ# {GOLD: #tˈiŋɡulˠ#}
965    | #tˈitəlːu# | #tˈɛtɜlː# | #tˈɛtɜlˠ# | #tˈɛtɜlˠ# | #tˈɛtɜlˠ# {GOLD: #tˈitulˠ#}
966    | #tˌokkˈɑːre# | #təkkˈie̯r# | #təkkˈie̯ɾ# | #təkkˈie̯ɾ# | #təkcˈie̯ɾ# {GOLD: #takˈɔj#}
967    | #tˈorkəlːu# | #tˈɔːrkɜlː# | #tˈɔːɾkɜlˠ# | #tˈɔɾkɜlˠ# | #tˈɔɾkɜlˠ# {GOLD: #tˈɔɾkulˠ#}
968    | #tˈornu# | #tˈɔːrn# | #tˈɔːɾn# | #tˈɔɾn# | #tˈɔɾn# {GOLD: #tˈɔrə#}
969    | #tˈortɑ# | #tˈɔːrt# | #tˈɔːɾt# | #tˈɔɾt# | #tˈɔɾt# {GOLD: #tˈɔɾtə#}
970    | #trˈɑəzɑ# | #trˈaːz# | #tɾˈaːz# | #tɾˈas# | #tɾˈas# {GOLD: #tɾˈyɛzə#}
971    | #trˈɑe# | #trˈɛ# | #tɾˈɛ# | #tɾˈɛ# | #tɾˈɛ# {GOLD: #tɾˈa#}
972    | #trˈɑːəre# | #trˈaːr# | #tɾˈaːɾ# | #tɾˈaɾ# | #tɾˈaɾ# {GOLD: #tɾˈuaj#}
973    | #tr?ectwˈɒːrju# | #trəəctw?rj# | #tɾəəctw?ɾj# | #tɾəəctw?ɾj# | #tɾəət͡ʃtw?ɾj# {GOLD: #taftˈaɾ#}
974    | #trˌɑktˈɑːre# | #trəftˈie̯r# | #tɾəftˈie̯ɾ# | #tɾəftˈie̯ɾ# | #tɾəftˈie̯ɾ# {GOLD: #tɾˌajtˈɔj#}
975    | #trˈɑktu# | #trˈaːft# | #tɾˈaːft# | #tɾˈaft# | #tɾˈaft# {GOLD: #tɾˈajtə#}
976    | #trˌɑːsflˈɑːre# | #trəʃflˈie̯r# | #tɾəʃflˈie̯ɾ# | #tɾəʃflˈie̯ɾ# | #tɾət͡ʃflˈie̯ɾ# {GOLD: #tuɾfulˠˈɔj#}
977    | #trˌɑːsiɡˈere# | #trəʃəɡˈiːr# | #tɾəʃəɡˈiːɾ# | #tɾəʃəɡˈiɾ# | #tɾəʃəɟˈiɾ# {GOLD: #tɾaʃəɡˈɔj#}
978    | #trˈiːəlːu# | #trˈiːlː# | #tɾˈiːlˠ# | #tɾˈilˠ# | #tɾˈilˠ# {GOLD: #tɾˈualˠ#}
979    | #trˌifˈoʎɑ# | #trəf?ʎ# | #tɾəf?ʎ# | #tɾəf?j# | #tɾəf?j# {GOLD: #təɾfˈɔjə#}
980    | #trˌifˈoʎu# | #trəf?ʎ# | #tɾəf?ʎ# | #tɾəf?j# | #tɾəf?j# {GOLD: #təɾfˈil#}
981    | #trˌifˈorkɑ# | #trəfˈɔːrk# | #tɾəfˈɔːɾk# | #tɾəfˈɔɾk# | #tɾəfˈɔɾk# {GOLD: #tərfˈuɾk#}
982    | #trˌimeːsˈɑːnu# | #trəməʃˈaːn# | #tɾə̃ɱəʃˈəːn# | #tɾəɱəʃˈən# | #tɾəɱəʃˈən# {GOLD: #təɾʃˈəɾə#}
983    | #trˈiːnɑ# | #trˈiːn# | #tɾˈĩːn# | #tɾˈin# | #tɾˈin# {GOLD: #tɾˈinə#}
984    | #trˌistˈɑːre# | #trəʃtˈie̯r# | #tɾəʃtˈie̯ɾ# | #tɾəʃtˈie̯ɾ# | #tɾət͡ʃtˈie̯ɾ# {GOLD: #tɾiʃtˈɔj#}
985    | #trˈiːsti# | #trˈiːʃt# | #tɾˈiːʃt# | #tɾˈiʃt# | #tɾˈit͡ʃt# {GOLD: #tɾˈiʃtə#}
986    | #trˌyːikulːˈɑːre# | #trəəkəlːˈie̯r# | #tɾəəkəlˠˈie̯ɾ# | #tɾəəkəlˠˈie̯ɾ# | #tɾəəkəlˠˈie̯ɾ# {GOLD: #tɾakulˠˈij#}
987    | #trˈuktɑ# | #trˈuːft# | #tɾˈuːft# | #tɾˈuft# | #tɾˈuft# {GOLD: #tɾˈɔftə#}
988    | #trˈumbɑ# | #trˈuːmb# | #tɾˈũːɱb# | #tɾˈuɱb# | #tɾˈuɱb# {GOLD: #tɾˈumbə#}
989    | #trˌumpiscˈɑːre# | #trəmbəʃcˈie̯r# | #tɾə̃ɱbəʃcˈie̯ɾ# | #tɾəɱbəʃcˈie̯ɾ# | #tɾəɱbət͡ʃcˈie̯ɾ# {GOLD: #tɾuʃkˈyɛj#}
990    | #trˈunku# | #trˈuːnɡ# | #tɾˈũːnɡ# | #tɾˈunɡ# | #tɾˈunɡ# {GOLD: #tɾˈuŋɡ#}
991    | #trˌyːsˈɑːre# | #trəʃˈie̯r# | #tɾəʃˈie̯ɾ# | #tɾəʃˈie̯ɾ# | #tɾəʃˈie̯ɾ# {GOLD: #tuɾʃˈɛj#}
992    | #tˈufɑ# | #tˈuːf# | #tˈuːf# | #tˈuf# | #tˈuf# {GOLD: #tˈufə#}
993    | #tˈumbɑ# | #tˈuːmb# | #tˈũːɱb# | #tˈuɱb# | #tˈuɱb# {GOLD: #tˈumbə#}
994    | #tˈuməlːu# | #tˈuːmɜlː# | #tˈũːɱɜlˠ# | #tˈuɱɜlˠ# | #tˈuɱɜlˠ# {GOLD: #tˈumulˠ#}
995    | #tˈurbɑ# | #tˈuːrb# | #tˈuːɾb# | #tˈuɾb# | #tˈuɾb# {GOLD: #tˈuɾbə#}
996    | #tˌurbˈɑːre# | #tərbˈie̯r# | #təɾbˈie̯ɾ# | #təɾbˈie̯ɾ# | #təɾbˈie̯ɾ# {GOLD: #təɾbˈɔj#}
997    | #tˌurbulːˈɑːre# | #tərbəlːˈie̯r# | #təɾbəlˠˈie̯ɾ# | #təɾbəlˠˈie̯ɾ# | #təɾbəlˠˈie̯ɾ# {GOLD: #tɾubulˠˈɔj#}
998    | #tˈurbəlːu# | #tˈuːrbɜlː# | #tˈuːɾbɜlˠ# | #tˈuɾbɜlˠ# | #tˈuɾbɜlˠ# {GOLD: #tɾˈubulˠ#}
999    | #tˈurmɑ# | #tˈuːrm# | #tˈuːɾɱb# | #tˈuɾɱb# | #tˈuɾɱb# {GOLD: #tˈurmə#}
1000   | #tˈurpe# | #tˈyːrp# | #tˈyːɾp# | #tˈyɾp# | #tˈyɾp# {GOLD: #tˈuɾp#}
1001   | #tˈurːe# | #tˈyːrː# | #tˈyːr# | #tˈyr# | #tˈyr# {GOLD: #tˈurə#}
1002   | #tˈurtəre# | #tˈuːrtɜr# | #tˈuːɾtɜɾ# | #tˈuɾtɜɾ# | #tˈuɾtɜɾ# {GOLD: #tˈuɾtulˠ#}
1003   | #t͡sˈiːkɑ# | #θˈik# | #θˈik# | #θˈik# | #θˈik# {GOLD: #θˈikə#}
1004   | #ˌunɡˈeːre# | #ənɡˈiːr# | #hə̃nɡˈiːɾ# | #hənɡˈiɾ# | #hənɟˈiɾ# {GOLD: #ɲɟˈyɛj#}
1005   | #ˌunkˈɑːre# | #ənɡˈie̯r# | #hə̃nɡˈie̯ɾ# | #hənɡˈie̯ɾ# | #hənɟˈie̯ɾ# {GOLD: #uŋɡɾˈɔj#}
1006   | #ˌyːnktˈyːrɑ# | #ənft?r# | #hə̃nft?ɾ# | #hənft?ɾ# | #hənft?ɾ# {GOLD: #yndˈyɾə#}
1007   | #upˈupɑ# | #pˈup# | #pˈup# | #pˈup# | #pˈup# {GOLD: #pˈupə#}
1008   | #ˌurulːˈɑːre# | #rəlːˈie̯r# | #ɾəlˠˈie̯ɾ# | #ɾəlˠˈie̯ɾ# | #ɾəlˠˈie̯ɾ# {GOLD: #uləɾˈij#}
1009   | #ˌutrˈiːnu# | #trˈiːn# | #tɾˈĩːn# | #tɾˈin# | #tɾˈin# {GOLD: #tuɾˈi#}
1010   | #βˈɑu# | #βˈa# | #vˈa# | #vˈa# | #vˈa# {GOLD: #vˈa#}
1011   | #βˌɑɡˈɑːri# | #βəɡˈie̯r# | #uɡˈie̯ɾ# | #uɡˈie̯ɾ# | #uɟˈie̯ɾ# {GOLD: #vɛɡˈɔj#}
1012   | #βˈɑku# | #βˈak# | #vˈak# | #vˈak# | #vˈak# {GOLD: #vˈak#}
1013   | #βˌɑʎˈeːre# | #βəʎˈiːr# | #uʎˈiːɾ# | #ujˈiɾ# | #ujˈiɾ# {GOLD: #vlˈɛj#}
1014   | #βˌɑʎˈeːre# | #βəʎˈiːr# | #uʎˈiːɾ# | #ujˈiɾ# | #ujˈiɾ# {GOLD: #vjˈɛj#}
1015   | #βˈɑli# | #βˈɛːl# | #vˈɛːl# | #vˈɛl# | #vˈɛl# {GOLD: #vˈal#}
1016   | #βˌɑlːwˈɒːre# | #βəlːwˈye̯r# | #ulˠwˈye̯ɾ# | #ulˠwˈye̯ɾ# | #ulˠwˈye̯ɾ# {GOLD: #vlˈɛɾə#}
1017   | #βˈɑpa# | #βˈɛp# | #vˈɛp# | #vˈɛp# | #vˈɛp# {GOLD: #vˈapə#}
1018   | #βˌehˈikəlːu# | #βəhˈɛkɜlː# | #uhˈɛkɜlˠ# | #uhˈɛkɜlˠ# | #uhˈɛkɜlˠ# {GOLD: #vˈɛɡəl#}
1019   | #βˌehˈikəlːu# | #βəhˈɛkɜlː# | #uhˈɛkɜlˠ# | #uhˈɛkɜlˠ# | #uhˈɛkɜlˠ# {GOLD: #vˈɛɟə#}
1020   | #βˌeːktˈyːrɑ# | #βəft?r# | #uft?ɾ# | #uft?ɾ# | #uft?ɾ# {GOLD: #vˌɛtˈyɾə#}
1021   | #βˌeːʎˈaːtjwøː# | #βəʎˈa?w# | #uʎˈa?w# | #ujˈa?w# | #ujˈa?w# {GOLD: #vlˈɛsə#}
1022   | #βˈeːlːu# | #βˈie̯lː# | #vˈie̯lˠ# | #vˈie̯lˠ# | #vˈie̯lˠ# {GOLD: #vˈɛl#}
1023   | #βˌenˈeːnɑ# | #βənˈɛːn# | #və̃ɾˈɛ̃ːn# | #vəɾˈɛn# | #vəɾˈɛn# {GOLD: #vɾˈɛɾə#}
1024   | #βˌenˈeːnu# | #βənˈɛːn# | #və̃ɾˈɛ̃ːn# | #vəɾˈɛn# | #vəɾˈɛn# {GOLD: #vəɾˈɛɾ#}
1025   | #βˈeɲwøː# | #βˈiːɲw# | #vˈĩːɲw# | #vˈiɲw# | #vˈiɲw# {GOLD: #vˈij#}
1026   | #βˌeːsˈiːkɑ# | #βəʃˈik# | #uʃˈik# | #uʃˈik# | #uʃˈik# {GOLD: #məʃˈikə#}
1027   | #βˌentilːˈɑːre# | #βəntəlːˈie̯r# | #mə̃ntəlˠˈie̯ɾ# | #məntəlˠˈie̯ɾ# | #məntəlˠˈie̯ɾ# {GOLD: #ftilˠˈɔj#}
1028   | #βˈeːrɑ# | #βˈɛːr# | #vˈɛːɾ# | #vˈɛɾ# | #vˈɛɾ# {GOLD: #vˈɛɾə#}
1029   | #βˌeːritˈɑːte# | #βərtˈɛt# | #uɾtˈɛt# | #uɾtˈɛt# | #uɾtˈɛt# {GOLD: #vəɾtˈɛt#}
1030   | #βˌerːˈikəlːu# | #βərːˈɛkɜlː# | #urˈɛkɜlˠ# | #urˈɛkɜlˠ# | #urˈɛkɜlˠ# {GOLD: #vɾˈiɡulˠ#}
1031   | #βˈersɑ# | #βˈɛːrʃ# | #vˈɛːɾʃ# | #vˈɛɾʃ# | #vˈɛɾʃ# {GOLD: #vjˈɛɾʃə#}
1032   | #βˌersˈɑːre# | #βərʃˈie̯r# | #uɾʃˈie̯ɾ# | #uɾʃˈie̯ɾ# | #uɾʃˈie̯ɾ# {GOLD: #vəɾʃˈɔj#}
1033   | #βˌeskˈiːre# | #βəʃkˈiːr# | #uʃkˈiːɾ# | #uʃkˈiɾ# | #ut͡ʃcˈiɾ# {GOLD: #uʃcˈɛj#}
1034   | #βˈeːsku# | #βˈiːʃk# | #vˈiːʃk# | #vˈiʃk# | #vˈit͡ʃk# {GOLD: #vˈɛʃk#}
1035   | #βˌeːssˈiːkɑ# | #βəʃʃˈik# | #uʃʃˈik# | #uʃʃˈik# | #ut͡ʃʃˈik# {GOLD: #fʃˈikə#}
1036   | #βˌestiɡˈɑːre# | #βəʃtəɡˈie̯r# | #uʃtəɡˈie̯ɾ# | #uʃtəɡˈie̯ɾ# | #ut͡ʃtəɟˈie̯ɾ# {GOLD: #vəʒɡˈɔj#}
1037   | #βˈetəre# | #βˈɛtɜr# | #vˈɛtɜɾ# | #vˈɛtɜɾ# | #vˈɛtɜɾ# {GOLD: #vjˈɛtəɾ#}
1038   | #βˈiɑ# | #βˈɛ# | #vˈɛ# | #vˈɛ# | #vˈɛ# {GOLD: #vˈijə#}
1039   | #βˈikjɑ# | #βˈik# | #vˈik# | #vˈik# | #vˈik# {GOLD: #vˈicə#}
1040   | #βˌiːkˈiːnu# | #βəkˈiːn# | #ukˈĩːn# | #ukˈin# | #ucˈin# {GOLD: #fcˈiɲ#}
1041   | #βˌiktˈorjɑ# | #βəft?r# | #uft?ɾ# | #uft?ɾ# | #uft?ɾ# {GOLD: #vitˈɔrɛ#}
1042   | #βˌiktbˈɑːʎɑ# | #βəftbˈɛːʎ# | #uftbˈɛːʎ# | #uftbˈɛj# | #uftbˈɛj# {GOLD: #viɟˈɛ#}
1043   | #βˈilɑ# | #βˈɛːl# | #vˈɛːl# | #vˈɛl# | #vˈɛl# {GOLD: #vˈilə#}
1044   | #βˌiːlˈɑːɲɑ# | #βəlˈɛːɲ# | #ulˈɛ̃ːɲ# | #ulˈɛɲ# | #ulˈɛɲ# {GOLD: #vlˠˈaɲə#}
1045   | #βˌiɲˈiʎɑ# | #βəɲˈiːʎ# | #və̃ɲˈiːʎ# | #vəɲˈij# | #vəɲˈij# {GOLD: #məɲˈilˠ#}
1046   | #βˈirɡəne# | #βˈɛːrɡɜn# | #vˈɛːɾɡɜ̃n# | #vˈɛɾɡɜn# | #vˈɛɾɡɜn# {GOLD: #vˈiɾɟəɾ#}
1047   | #βˌirɡˈɑːne# | #βərɡˈɛːn# | #uɾɡˈɛ̃ːn# | #uɾɡˈɛn# | #uɾɟˈɛn# {GOLD: #vˈaɾɡəɾ#}
1048   | #βˈirəe# | #βˈɛːrɜ# | #vˈɛːɾɜ# | #vˈɛɾ# | #vˈɛɾ# {GOLD: #vˈɛɾðə#}
1049   | #βˌirtˈyːte# | #βərt?t# | #uɾt?t# | #uɾt?t# | #uɾt?t# {GOLD: #vəɾtˈyt#}
1050   | #βˌisitˈɑːre# | #βəʃətˈie̯r# | #uʃətˈie̯ɾ# | #uʃətˈie̯ɾ# | #uʃətˈie̯ɾ# {GOLD: #vəʃtˈɔj#}
1051   | #βˈitju# | #βˈi?# | #vˈi?# | #vˈi?# | #vˈi?# {GOLD: #vˈɛs#}
1052   | #βˌitˈuʎɑ# | #βətˈyːʎ# | #utˈyːʎ# | #utˈyj# | #utˈyj# {GOLD: #ftˈujə#}
1053   | #βˈiːtrəku# | #βˈitrɜk# | #vˈitɾɜk# | #vˈitɾɜk# | #vˈitɾɜk# {GOLD: #vˈitəɾk#}
1054   | #βˌittˈulːɑ# | #βəttˈuːlː# | #uttˈuːlˠ# | #uttˈulˠ# | #uttˈulˠ# {GOLD: #vɛtˈulˠə#}
1055   | #βˈiːəre# | #βˈiːr# | #vˈiːɾ# | #vˈiɾ# | #vˈiɾ# {GOLD: #vˈuaj#}
1056   | #βˈolːɑ# | #βˈɔːlː# | #vˈɔːlˠ# | #vˈɔlˠ# | #vˈɔlˠ# {GOLD: #vˈalˠə#}
1057   | #βˈolpəlːu# | #βˈɔːlpɜlː# | #vˈɔːlpɜlˠ# | #vˈɔlpɜlˠ# | #vˈɔlpɜlˠ# {GOLD: #vˈɔlpulˠ#}
1058   | #βˌolːuntˈɑːte# | #βəlːəndˈɛt# | #ulˠə̃ndˈɛt# | #ulˠəndˈɛt# | #ulˠəndˈɛt# {GOLD: #vulˠnˈɛt#}
1059   | #βwˈøːmi# | #βw?m# | #vw?ɱb# | #vw?ɱb# | #vw?ɱb# {GOLD: #ˈumb#}
1060   | #βˌulerˈɑːtɑ# | #βələrˈat# | #uləɾˈat# | #uləɾˈat# | #uləɾˈat# {GOLD: #vurˈatə#}